0 verbose cli /usr/local/bin/node /usr/local/bin/npm
1 info using npm@10.2.4
2 info using node@v20.11.1
3 timing npm:load:whichnode Completed in 4ms
4 timing config:load:defaults Completed in 2ms
5 timing config:load:file:/usr/local/lib/node_modules/npm/npmrc Completed in 0ms
6 timing config:load:builtin Completed in 0ms
7 timing config:load:cli Completed in 2ms
8 timing config:load:env Completed in 1ms
9 timing config:load:file:/Users/ayou/Desktop/Bolo-Fashion/.npmrc Completed in 0ms
10 timing config:load:project Completed in 6ms
11 timing config:load:file:/Users/ayou/.npmrc Completed in 1ms
12 timing config:load:user Completed in 1ms
13 timing config:load:file:/usr/local/etc/npmrc Completed in 0ms
14 timing config:load:global Completed in 0ms
15 timing config:load:setEnvs Completed in 1ms
16 timing config:load Completed in 13ms
17 timing npm:load:configload Completed in 14ms
18 timing config:load:flatten Completed in 3ms
19 timing npm:load:mkdirpcache Completed in 0ms
20 timing npm:load:mkdirplogs Completed in 1ms
21 verbose title npm install
22 verbose argv "install"
23 timing npm:load:setTitle Completed in 23ms
24 timing npm:load:display Completed in 1ms
25 verbose logfile logs-max:10 dir:/Users/ayou/Desktop/Bolo-Fashion/.npm-cache/_logs/2026-01-20T20_16_59_505Z-
26 verbose logfile /Users/ayou/Desktop/Bolo-Fashion/.npm-cache/_logs/2026-01-20T20_16_59_505Z-debug-0.log
27 timing npm:load:logFile Completed in 20ms
28 timing npm:load:timers Completed in 0ms
29 timing npm:load:configScope Completed in 0ms
30 timing npm:load Completed in 97ms
31 timing arborist:ctor Completed in 1ms
32 silly logfile done cleaning log files
33 timing arborist:ctor Completed in 1ms
34 timing idealTree:init Completed in 21ms
35 timing idealTree:userRequests Completed in 0ms
36 silly idealTree buildDeps
37 silly fetch manifest expo@^51.0.0
38 http fetch GET 200 https://registry.npmjs.org/npm 377ms (cache miss)
39 http fetch GET 200 https://registry.npmjs.org/expo 263ms (cache miss)
40 silly fetch manifest react@18.2.0
41 http fetch GET 200 https://registry.npmjs.org/react 539ms (cache miss)
42 silly fetch manifest react-native@0.74.1
43 http fetch GET 200 https://registry.npmjs.org/react-native 5439ms (cache miss)
44 silly fetch manifest @types/react@^18.2.66
45 http fetch GET 200 https://registry.npmjs.org/@types%2freact 245ms (cache miss)
46 silly fetch manifest @react-navigation/native@^6.1.9
47 http fetch GET 200 https://registry.npmjs.org/@react-navigation%2fnative 1492ms (cache miss)
48 silly fetch manifest @react-navigation/native-stack@^6.9.17
49 http fetch GET 200 https://registry.npmjs.org/@react-navigation%2fnative-stack 632ms (cache miss)
50 silly fetch manifest react-native-safe-area-context@^4.10.0
51 http fetch GET 200 https://registry.npmjs.org/react-native-safe-area-context 845ms (cache miss)
52 silly fetch manifest react-native-screens@^3.29.0
53 http fetch GET 200 https://registry.npmjs.org/react-native-screens 528ms (cache miss)
54 silly fetch manifest expo-image-picker@^15.0.0
55 http fetch GET 200 https://registry.npmjs.org/expo-image-picker 425ms (cache miss)
56 silly fetch manifest expo-status-bar@^1.12.0
57 http fetch GET 200 https://registry.npmjs.org/expo-status-bar 703ms (cache miss)
58 silly fetch manifest typescript@^5.6.2
59 http fetch GET 200 https://registry.npmjs.org/typescript 945ms (cache miss)
60 silly fetch manifest @types/react-native@^0.73.0
61 http fetch GET 200 https://registry.npmjs.org/@types%2freact-native 553ms (cache miss)
62 silly fetch manifest eslint@^8.57.0
63 http fetch GET 200 https://registry.npmjs.org/eslint 320ms (cache miss)
64 silly fetch manifest @typescript-eslint/parser@^6.7.0
65 http fetch GET 200 https://registry.npmjs.org/@typescript-eslint%2fparser 1958ms (cache miss)
66 silly fetch manifest @typescript-eslint/eslint-plugin@^6.7.0
67 http fetch GET 200 https://registry.npmjs.org/@typescript-eslint%2feslint-plugin 1529ms (cache miss)
68 silly fetch manifest babel-preset-expo@^10.0.0
69 http fetch GET 200 https://registry.npmjs.org/babel-preset-expo 722ms (cache miss)
70 silly placeDep ROOT @react-navigation/native@6.1.18 OK for: bolo-fashion@0.1.0 want: ^6.1.9
71 silly placeDep ROOT react@18.2.0 OK for: @react-navigation/native@6.1.18 want: *
72 silly placeDep ROOT react-native@0.74.1 OK for: @react-navigation/native@6.1.18 want: *
73 silly fetch manifest nanoid@^3.1.23
74 silly fetch manifest fast-deep-equal@^3.1.3
75 silly fetch manifest escape-string-regexp@^4.0.0
76 silly fetch manifest @react-navigation/core@^6.4.17
77 silly fetch manifest ws@^6.2.2
78 silly fetch manifest anser@^1.4.9
79 silly fetch manifest chalk@^4.0.0
80 silly fetch manifest yargs@^17.6.2
81 silly fetch manifest mkdirp@^0.5.1
82 silly fetch manifest promise@^8.3.0
83 silly fetch manifest base64-js@^1.5.1
84 silly fetch manifest invariant@^2.2.4
85 silly fetch manifest scheduler@0.24.0-canary-efb381bbf-20230505
86 silly fetch manifest ansi-regex@^5.0.0
87 silly fetch manifest nullthrows@^1.1.1
88 silly fetch manifest jsc-android@^250231.0.0
89 silly fetch manifest memoize-one@^5.0.0
90 silly fetch manifest whatwg-fetch@^3.0.0
91 silly fetch manifest metro-runtime@^0.80.3
92 silly fetch manifest pretty-format@^26.5.2
93 silly fetch manifest react-refresh@^0.14.0
94 silly fetch manifest abort-controller@^3.0.0
95 silly fetch manifest metro-source-map@^0.80.3
96 silly fetch manifest event-target-shim@^5.0.1
97 silly fetch manifest stacktrace-parser@^0.1.10
98 silly fetch manifest flow-enums-runtime@^0.0.6
99 silly fetch manifest react-devtools-core@^5.0.0
100 silly fetch manifest regenerator-runtime@^0.13.2
101 silly fetch manifest @react-native/codegen@0.74.83
102 silly fetch manifest jest-environment-node@^29.6.3
103 silly fetch manifest react-shallow-renderer@^16.15.0
104 silly fetch manifest @react-native/js-polyfills@0.74.83
105 silly fetch manifest @react-native-community/cli@13.6.6
106 silly fetch manifest @react-native/gradle-plugin@0.74.83
107 silly fetch manifest @react-native/assets-registry@0.74.83
108 silly fetch manifest @react-native/normalize-colors@0.74.83
109 silly fetch manifest @jest/create-cache-key-function@^29.6.3
110 silly fetch manifest @react-native/virtualized-lists@0.74.83
111 silly fetch manifest @react-native/community-cli-plugin@0.74.83
112 silly fetch manifest @react-native-community/cli-platform-ios@13.6.6
113 silly fetch manifest @react-native-community/cli-platform-android@13.6.6
114 silly fetch manifest loose-envify@^1.1.0
115 silly placeDep ROOT @react-navigation/native-stack@6.11.0 OK for: bolo-fashion@0.1.0 want: ^6.9.17
116 silly placeDep ROOT react-native-screens@3.37.0 OK for: @react-navigation/native-stack@6.11.0 want: >= 3.0.0
117 silly placeDep ROOT react-native-safe-area-context@4.14.1 OK for: @react-navigation/native-stack@6.11.0 want: >= 3.0.0
118 silly fetch manifest warn-once@^0.1.0
119 silly fetch manifest @react-navigation/elements@^1.3.31
120 silly fetch manifest react-freeze@^1.0.0
121 silly placeDep ROOT @types/react@18.3.27 OK for: bolo-fashion@0.1.0 want: ^18.2.66
122 silly fetch manifest csstype@^3.2.2
123 silly fetch manifest @types/prop-types@*
124 silly placeDep ROOT @types/react-native@0.73.0 OK for: bolo-fashion@0.1.0 want: ^0.73.0
125 silly placeDep ROOT @typescript-eslint/eslint-plugin@6.21.0 OK for: bolo-fashion@0.1.0 want: ^6.7.0
126 silly placeDep ROOT eslint@8.57.1 OK for: @typescript-eslint/eslint-plugin@6.21.0 want: ^7.0.0 || ^8.0.0
127 silly placeDep ROOT @typescript-eslint/parser@6.21.0 OK for: @typescript-eslint/eslint-plugin@6.21.0 want: ^6.0.0 || ^6.0.0-alpha
128 silly fetch manifest debug@^4.3.4
129 silly fetch manifest ignore@^5.2.4
130 silly fetch manifest semver@^7.5.4
131 silly fetch manifest graphemer@^1.4.0
132 silly fetch manifest ts-api-utils@^1.0.1
133 silly fetch manifest natural-compare@^1.4.0
134 silly fetch manifest @typescript-eslint/utils@6.21.0
135 silly fetch manifest @eslint-community/regexpp@^4.5.1
136 silly fetch manifest @typescript-eslint/type-utils@6.21.0
137 silly fetch manifest @typescript-eslint/visitor-keys@6.21.0
138 silly fetch manifest @typescript-eslint/scope-manager@6.21.0
139 silly fetch manifest @typescript-eslint/types@6.21.0
140 silly fetch manifest @typescript-eslint/typescript-estree@6.21.0
141 silly fetch manifest ajv@^6.12.4
142 silly fetch manifest levn@^0.4.1
143 silly fetch manifest debug@^4.3.2
144 silly fetch manifest espree@^9.6.1
145 silly fetch manifest ignore@^5.2.0
146 silly fetch manifest esquery@^1.4.2
147 silly fetch manifest esutils@^2.0.2
148 silly fetch manifest find-up@^5.0.0
149 silly fetch manifest globals@^13.19.0
150 silly fetch manifest is-glob@^4.0.0
151 silly fetch manifest js-yaml@^4.1.0
152 silly fetch manifest doctrine@^3.0.0
153 silly fetch manifest minimatch@^3.1.2
154 silly fetch manifest @eslint/js@8.57.1
155 silly fetch manifest optionator@^0.9.3
156 silly fetch manifest strip-ansi@^6.0.1
157 silly fetch manifest text-table@^0.2.0
158 silly fetch manifest cross-spawn@^7.0.2
159 silly fetch manifest glob-parent@^6.0.2
160 silly fetch manifest imurmurhash@^0.1.4
161 silly fetch manifest eslint-scope@^7.2.2
162 silly fetch manifest lodash.merge@^4.6.2
163 silly fetch manifest is-path-inside@^3.0.3
164 silly fetch manifest @eslint/eslintrc@^2.1.4
165 silly fetch manifest @nodelib/fs.walk@^1.2.8
166 silly fetch manifest file-entry-cache@^6.0.1
167 silly fetch manifest eslint-visitor-keys@^3.4.3
168 silly fetch manifest @ungap/structured-clone@^1.2.0
169 silly fetch manifest @eslint-community/regexpp@^4.6.1
170 silly fetch manifest @humanwhocodes/config-array@^0.13.0
171 silly fetch manifest @eslint-community/eslint-utils@^4.2.0
172 silly fetch manifest @humanwhocodes/module-importer@^1.0.1
173 silly fetch manifest json-stable-stringify-without-jsonify@^1.0.1
174 silly placeDep ROOT babel-preset-expo@10.0.2 OK for: bolo-fashion@0.1.0 want: ^10.0.0
175 silly fetch manifest react-refresh@0.14.0
176 silly fetch manifest @babel/preset-env@^7.20.0
177 silly fetch manifest @babel/preset-react@^7.22.15
178 silly fetch manifest @react-native/babel-preset@^0.73.18
179 silly fetch manifest babel-plugin-react-native-web@~0.18.10
180 silly fetch manifest @babel/plugin-proposal-decorators@^7.12.9
181 silly fetch manifest @babel/plugin-transform-parameters@^7.22.15
182 silly fetch manifest @babel/plugin-transform-object-rest-spread@^7.12.13
183 silly fetch manifest @babel/plugin-transform-export-namespace-from@^7.22.11
184 silly placeDep ROOT expo@51.0.39 OK for: bolo-fashion@0.1.0 want: ^51.0.0
185 silly fetch manifest @expo/cli@0.18.31
186 silly fetch manifest expo-font@~12.0.10
187 silly fetch manifest fbemitter@^3.0.0
188 silly fetch manifest expo-asset@~10.0.10
189 silly fetch manifest @expo/config@9.0.4
190 silly fetch manifest @babel/runtime@^7.20.0
191 silly fetch manifest expo-keep-awake@~13.0.2
192 silly fetch manifest expo-file-system@~17.0.1
193 silly fetch manifest babel-preset-expo@~11.0.15
194 silly fetch manifest expo-modules-core@1.12.26
195 silly fetch manifest @expo/metro-config@0.18.11
196 silly fetch manifest @expo/vector-icons@^14.0.3
197 silly fetch manifest @expo/config-plugins@8.0.11
198 silly fetch manifest expo-modules-autolinking@1.11.3
199 silly fetch manifest whatwg-url-without-unicode@8.0.0-3
200 silly placeDep ROOT expo-image-picker@15.1.0 OK for: bolo-fashion@0.1.0 want: ^15.0.0
201 silly fetch manifest expo-image-loader@~4.7.0
202 silly placeDep ROOT expo-status-bar@1.12.1 OK for: bolo-fashion@0.1.0 want: ^1.12.0
203 silly placeDep ROOT typescript@5.9.3 OK for: bolo-fashion@0.1.0 want: ^5.6.2
204 http fetch GET 200 https://registry.npmjs.org/fast-deep-equal 651ms (cache miss)
205 http fetch GET 200 https://registry.npmjs.org/nanoid 656ms (cache miss)
206 http fetch GET 200 https://registry.npmjs.org/imurmurhash 1643ms (cache miss)
207 http fetch GET 200 https://registry.npmjs.org/text-table 1661ms (cache miss)
208 http fetch GET 200 https://registry.npmjs.org/react-freeze 1751ms (cache miss)
209 http fetch GET 200 https://registry.npmjs.org/levn 1710ms (cache miss)
210 http fetch GET 200 https://registry.npmjs.org/esutils 1705ms (cache miss)
211 http fetch GET 200 https://registry.npmjs.org/optionator 1714ms (cache miss)
212 http fetch GET 200 https://registry.npmjs.org/lodash.merge 1706ms (cache miss)
213 http fetch GET 200 https://registry.npmjs.org/is-path-inside 1744ms (cache miss)
214 http fetch GET 200 https://registry.npmjs.org/glob-parent 1747ms (cache miss)
215 http fetch GET 200 https://registry.npmjs.org/find-up 1786ms (cache miss)
216 http fetch GET 200 https://registry.npmjs.org/doctrine 1805ms (cache miss)
217 http fetch GET 200 https://registry.npmjs.org/@babel%2fplugin-transform-object-rest-spread 1813ms (cache miss)
218 http fetch GET 200 https://registry.npmjs.org/file-entry-cache 1835ms (cache miss)
219 http fetch GET 200 https://registry.npmjs.org/cross-spawn 1875ms (cache miss)
220 http fetch GET 200 https://registry.npmjs.org/@types%2fprop-types 1943ms (cache miss)
221 http fetch GET 200 https://registry.npmjs.org/eslint-scope 1875ms (cache miss)
222 http fetch GET 200 https://registry.npmjs.org/@nodelib%2ffs.walk 1890ms (cache miss)
223 http fetch GET 200 https://registry.npmjs.org/@ungap%2fstructured-clone 1940ms (cache miss)
224 http fetch GET 200 https://registry.npmjs.org/debug 2036ms (cache miss)
225 http fetch GET 200 https://registry.npmjs.org/js-yaml 1992ms (cache miss)
226 http fetch GET 200 https://registry.npmjs.org/ts-api-utils 2044ms (cache miss)
227 http fetch GET 200 https://registry.npmjs.org/debug 2067ms (cache miss)
228 http fetch GET 200 https://registry.npmjs.org/@eslint-community%2fregexpp 2062ms (cache miss)
229 http fetch GET 200 https://registry.npmjs.org/loose-envify 2193ms (cache miss)
230 http fetch GET 200 https://registry.npmjs.org/warn-once 2175ms (cache miss)
231 http fetch GET 200 https://registry.npmjs.org/json-stable-stringify-without-jsonify 2064ms (cache miss)
232 http fetch GET 200 https://registry.npmjs.org/graphemer 2141ms (cache miss)
233 http fetch GET 200 https://registry.npmjs.org/invariant 2261ms (cache miss)
234 http fetch GET 200 https://registry.npmjs.org/@eslint-community%2fregexpp 2142ms (cache miss)
235 http fetch GET 200 https://registry.npmjs.org/base64-js 2281ms (cache miss)
236 http fetch GET 200 https://registry.npmjs.org/ansi-regex 2284ms (cache miss)
237 http fetch GET 200 https://registry.npmjs.org/abort-controller 2272ms (cache miss)
238 http fetch GET 200 https://registry.npmjs.org/@eslint%2fjs 2146ms (cache miss)
239 http fetch GET 200 https://registry.npmjs.org/flow-enums-runtime 2276ms (cache miss)
240 http fetch GET 200 https://registry.npmjs.org/ignore 2160ms (cache miss)
241 http fetch GET 200 https://registry.npmjs.org/semver 2216ms (cache miss)
242 http fetch GET 200 https://registry.npmjs.org/nullthrows 2326ms (cache miss)
243 http fetch GET 200 https://registry.npmjs.org/strip-ansi 2168ms (cache miss)
244 http fetch GET 200 https://registry.npmjs.org/is-glob 2176ms (cache miss)
245 http fetch GET 200 https://registry.npmjs.org/ignore 2225ms (cache miss)
246 http fetch GET 200 https://registry.npmjs.org/@eslint%2feslintrc 2167ms (cache miss)
247 http fetch GET 200 https://registry.npmjs.org/anser 2353ms (cache miss)
248 http fetch GET 200 https://registry.npmjs.org/eslint-visitor-keys 2162ms (cache miss)
249 http fetch GET 200 https://registry.npmjs.org/esquery 2198ms (cache miss)
250 http fetch GET 200 https://registry.npmjs.org/espree 2209ms (cache miss)
251 http fetch GET 200 https://registry.npmjs.org/stacktrace-parser 2338ms (cache miss)
252 http fetch GET 200 https://registry.npmjs.org/event-target-shim 2349ms (cache miss)
253 http fetch GET 200 https://registry.npmjs.org/whatwg-fetch 2381ms (cache miss)
254 http fetch GET 200 https://registry.npmjs.org/globals 2244ms (cache miss)
255 http fetch GET 200 https://registry.npmjs.org/promise 2404ms (cache miss)
256 http fetch GET 200 https://registry.npmjs.org/jsc-android 2410ms (cache miss)
257 http fetch GET 200 https://registry.npmjs.org/memoize-one 2419ms (cache miss)
258 http fetch GET 200 https://registry.npmjs.org/mkdirp 2443ms (cache miss)
259 http fetch GET 200 https://registry.npmjs.org/@expo%2fvector-icons 2226ms (cache miss)
260 http fetch GET 200 https://registry.npmjs.org/csstype 2352ms (cache miss)
261 http fetch GET 200 https://registry.npmjs.org/natural-compare 2357ms (cache miss)
262 http fetch GET 200 https://registry.npmjs.org/fbemitter 2319ms (cache miss)
263 http fetch GET 200 https://registry.npmjs.org/@humanwhocodes%2fconfig-array 2352ms (cache miss)
264 http fetch GET 200 https://registry.npmjs.org/react-shallow-renderer 2512ms (cache miss)
265 http fetch GET 200 https://registry.npmjs.org/expo-image-loader 2332ms (cache miss)
266 http fetch GET 200 https://registry.npmjs.org/metro-runtime 2573ms (cache miss)
267 http fetch GET 200 https://registry.npmjs.org/regenerator-runtime 2559ms (cache miss)
268 http fetch GET 200 https://registry.npmjs.org/@babel%2fruntime 2397ms (cache miss)
269 http fetch GET 200 https://registry.npmjs.org/minimatch 2452ms (cache miss)
270 http fetch GET 200 https://registry.npmjs.org/whatwg-url-without-unicode 2396ms (cache miss)
271 http fetch GET 200 https://registry.npmjs.org/expo-keep-awake 2406ms (cache miss)
272 http fetch GET 200 https://registry.npmjs.org/jest-environment-node 2587ms (cache miss)
273 http fetch GET 200 https://registry.npmjs.org/@babel%2fplugin-transform-export-namespace-from 2429ms (cache miss)
274 http fetch GET 200 https://registry.npmjs.org/ajv 2488ms (cache miss)
275 http fetch GET 200 https://registry.npmjs.org/ws 2664ms (cache miss)
276 http fetch GET 200 https://registry.npmjs.org/@babel%2fplugin-transform-parameters 2474ms (cache miss)
277 http fetch GET 200 https://registry.npmjs.org/escape-string-regexp 2694ms (cache miss)
278 http fetch GET 200 https://registry.npmjs.org/expo-modules-autolinking 2477ms (cache miss)
279 http fetch GET 200 https://registry.npmjs.org/@jest%2fcreate-cache-key-function 2661ms (cache miss)
280 http fetch GET 200 https://registry.npmjs.org/@babel%2fplugin-proposal-decorators 2550ms (cache miss)
281 http fetch GET 200 https://registry.npmjs.org/expo-asset 2571ms (cache miss)
282 http fetch GET 200 https://registry.npmjs.org/yargs 2801ms (cache miss)
283 http fetch GET 200 https://registry.npmjs.org/react-devtools-core 2771ms (cache miss)
284 http fetch GET 200 https://registry.npmjs.org/@react-navigation%2felements 2744ms (cache miss)
285 http fetch GET 200 https://registry.npmjs.org/@humanwhocodes%2fmodule-importer 2650ms (cache miss)
286 http fetch GET 200 https://registry.npmjs.org/@react-native-community%2fcli 2805ms (cache miss)
287 http fetch GET 200 https://registry.npmjs.org/pretty-format 2845ms (cache miss)
288 http fetch GET 200 https://registry.npmjs.org/chalk 2877ms (cache miss)
289 http fetch GET 200 https://registry.npmjs.org/@react-native-community%2fcli-platform-android 2824ms (cache miss)
290 http fetch GET 200 https://registry.npmjs.org/@react-native-community%2fcli-platform-ios 2855ms (cache miss)
291 http fetch GET 200 https://registry.npmjs.org/expo-font 2704ms (cache miss)
292 http fetch GET 200 https://registry.npmjs.org/@expo%2fconfig-plugins 2708ms (cache miss)
293 http fetch GET 200 https://registry.npmjs.org/expo-modules-core 2723ms (cache miss)
294 http fetch GET 200 https://registry.npmjs.org/babel-plugin-react-native-web 2752ms (cache miss)
295 http fetch GET 200 https://registry.npmjs.org/@react-native%2fjs-polyfills 2916ms (cache miss)
296 http fetch GET 200 https://registry.npmjs.org/@react-native%2fgradle-plugin 2928ms (cache miss)
297 http fetch GET 200 https://registry.npmjs.org/metro-source-map 2948ms (cache miss)
298 http fetch GET 200 https://registry.npmjs.org/@expo%2fconfig 2777ms (cache miss)
299 http fetch GET 200 https://registry.npmjs.org/@expo%2fmetro-config 2780ms (cache miss)
300 http fetch GET 200 https://registry.npmjs.org/@react-native%2fcommunity-cli-plugin 2959ms (cache miss)
301 http fetch GET 200 https://registry.npmjs.org/@babel%2fpreset-env 2822ms (cache miss)
302 http fetch GET 200 https://registry.npmjs.org/@expo%2fcli 2850ms (cache miss)
303 http fetch GET 200 https://registry.npmjs.org/@babel%2fpreset-react 2975ms (cache miss)
304 http fetch GET 200 https://registry.npmjs.org/@react-native%2fassets-registry 3175ms (cache miss)
305 http fetch GET 200 https://registry.npmjs.org/@react-navigation%2fcore 3260ms (cache miss)
306 http fetch GET 200 https://registry.npmjs.org/@eslint-community%2feslint-utils 3069ms (cache miss)
307 http fetch GET 200 https://registry.npmjs.org/@react-native%2fnormalize-colors 3341ms (cache miss)
308 http fetch GET 200 https://registry.npmjs.org/@typescript-eslint%2ftypes 3466ms (cache miss)
309 http fetch GET 200 https://registry.npmjs.org/@react-native%2fcodegen 3847ms (cache miss)
310 http fetch GET 200 https://registry.npmjs.org/@react-native%2fbabel-preset 3729ms (cache miss)
311 http fetch GET 200 https://registry.npmjs.org/react-refresh 3801ms (cache miss)
312 http fetch GET 200 https://registry.npmjs.org/react-refresh 4009ms (cache miss)
313 http fetch GET 200 https://registry.npmjs.org/scheduler 4132ms (cache miss)
314 http fetch GET 200 https://registry.npmjs.org/@react-native%2fvirtualized-lists 4112ms (cache miss)
315 http fetch GET 200 https://registry.npmjs.org/expo-file-system 4444ms (cache miss)
316 http fetch GET 200 https://registry.npmjs.org/@typescript-eslint%2ftype-utils 4964ms (cache miss)
317 http fetch GET 200 https://registry.npmjs.org/@typescript-eslint%2futils 5202ms (cache miss)
318 http fetch GET 200 https://registry.npmjs.org/@typescript-eslint%2fvisitor-keys 5310ms (cache miss)
319 http fetch GET 200 https://registry.npmjs.org/@typescript-eslint%2ftypescript-estree 5483ms (cache miss)
320 http fetch GET 200 https://registry.npmjs.org/@typescript-eslint%2fscope-manager 6490ms (cache miss)
321 timing idealTree:#root Completed in 24685ms
322 silly fetch manifest react@*
323 silly placeDep ROOT @react-navigation/core@6.4.17 OK for: @react-navigation/native@6.1.18 want: ^6.4.17
324 silly fetch manifest react-is@^16.13.0
325 silly fetch manifest query-string@^7.1.3
326 silly fetch manifest use-latest-callback@^0.2.1
327 silly fetch manifest @react-navigation/routers@^6.1.9
328 silly placeDep ROOT escape-string-regexp@4.0.0 OK for: @react-navigation/native@6.1.18 want: ^4.0.0
329 silly placeDep ROOT fast-deep-equal@3.1.3 OK for: @react-navigation/native@6.1.18 want: ^3.1.3
330 silly placeDep ROOT nanoid@3.3.11 OK for: @react-navigation/native@6.1.18 want: ^3.1.23
331 http fetch GET 200 https://registry.npmjs.org/use-latest-callback 280ms (cache miss)
332 http fetch GET 200 https://registry.npmjs.org/query-string 294ms (cache miss)
333 http fetch GET 200 https://registry.npmjs.org/@react-navigation%2frouters 1486ms (cache miss)
334 http fetch GET 200 https://registry.npmjs.org/react-is 1984ms (cache miss)
335 timing idealTree:node_modules/@react-navigation/native Completed in 2026ms
336 silly placeDep ROOT @react-navigation/routers@6.1.9 OK for: @react-navigation/core@6.4.17 want: ^6.1.9
337 silly placeDep ROOT query-string@7.1.3 OK for: @react-navigation/core@6.4.17 want: ^7.1.3
338 silly fetch manifest filter-obj@^1.1.0
339 silly fetch manifest split-on-first@^1.0.0
340 silly fetch manifest strict-uri-encode@^2.0.0
341 silly fetch manifest decode-uri-component@^0.2.2
342 silly placeDep ROOT react-is@16.13.1 OK for: @react-navigation/core@6.4.17 want: ^16.13.0
343 silly placeDep ROOT use-latest-callback@0.2.6 OK for: @react-navigation/core@6.4.17 want: ^0.2.1
344 http fetch GET 200 https://registry.npmjs.org/strict-uri-encode 266ms (cache miss)
345 http fetch GET 200 https://registry.npmjs.org/decode-uri-component 282ms (cache miss)
346 http fetch GET 200 https://registry.npmjs.org/split-on-first 285ms (cache miss)
347 http fetch GET 200 https://registry.npmjs.org/filter-obj 289ms (cache miss)
348 timing idealTree:node_modules/@react-navigation/core Completed in 301ms
349 silly fetch manifest @react-navigation/native@^6.0.0
350 silly fetch manifest react-native@*
351 silly fetch manifest @types/react@^19.1.1
352 silly fetch manifest react-native-safe-area-context@>= 3.0.0
353 silly placeDep ROOT @react-navigation/elements@1.3.31 OK for: @react-navigation/native-stack@6.11.0 want: ^1.3.31
354 silly placeDep ROOT warn-once@0.1.1 OK for: @react-navigation/native-stack@6.11.0 want: ^0.1.0
355 timing idealTree:node_modules/@react-navigation/native-stack Completed in 13ms
356 timing idealTree:node_modules/@react-navigation/elements Completed in 0ms
357 timing idealTree:node_modules/@react-navigation/routers Completed in 0ms
358 silly placeDep ROOT @types/prop-types@15.7.15 OK for: @types/react@18.3.27 want: *
359 silly placeDep ROOT csstype@3.2.3 OK for: @types/react@18.3.27 want: ^3.2.2
360 timing idealTree:node_modules/@types/react Completed in 2ms
361 timing idealTree:node_modules/@types/prop-types Completed in 0ms
362 timing idealTree:node_modules/@types/react-native Completed in 0ms
363 silly fetch manifest typescript@>=4.2.0
364 silly fetch manifest eslint@^7.0.0 || ^8.0.0
365 silly placeDep ROOT @eslint-community/regexpp@4.12.2 OK for: @typescript-eslint/eslint-plugin@6.21.0 want: ^4.5.1
366 silly placeDep ROOT @typescript-eslint/scope-manager@6.21.0 OK for: @typescript-eslint/eslint-plugin@6.21.0 want: 6.21.0
367 silly placeDep ROOT @typescript-eslint/type-utils@6.21.0 OK for: @typescript-eslint/eslint-plugin@6.21.0 want: 6.21.0
368 silly placeDep ROOT @typescript-eslint/utils@6.21.0 OK for: @typescript-eslint/eslint-plugin@6.21.0 want: 6.21.0
369 silly fetch manifest @types/semver@^7.5.0
370 silly fetch manifest @types/json-schema@^7.0.12
371 silly fetch manifest @eslint-community/eslint-utils@^4.4.0
372 silly placeDep ROOT @typescript-eslint/visitor-keys@6.21.0 OK for: @typescript-eslint/eslint-plugin@6.21.0 want: 6.21.0
373 silly fetch manifest eslint-visitor-keys@^3.4.1
374 silly placeDep ROOT debug@4.4.3 OK for: @typescript-eslint/eslint-plugin@6.21.0 want: ^4.3.4
375 silly fetch manifest ms@^2.1.3
376 silly placeDep ROOT graphemer@1.4.0 OK for: @typescript-eslint/eslint-plugin@6.21.0 want: ^1.4.0
377 silly placeDep ROOT ignore@5.3.2 OK for: @typescript-eslint/eslint-plugin@6.21.0 want: ^5.2.4
378 silly placeDep ROOT natural-compare@1.4.0 OK for: @typescript-eslint/eslint-plugin@6.21.0 want: ^1.4.0
379 silly placeDep ROOT semver@7.7.3 OK for: @typescript-eslint/eslint-plugin@6.21.0 want: ^7.5.4
380 silly placeDep ROOT ts-api-utils@1.4.3 OK for: @typescript-eslint/eslint-plugin@6.21.0 want: ^1.0.1
381 http fetch GET 200 https://registry.npmjs.org/ms 305ms (cache miss)
382 http fetch GET 200 https://registry.npmjs.org/@types%2fjson-schema 512ms (cache miss)
383 http fetch GET 200 https://registry.npmjs.org/@types%2fsemver 514ms (cache miss)
384 timing idealTree:node_modules/@typescript-eslint/eslint-plugin Completed in 533ms
385 timing idealTree:node_modules/@eslint-community/regexpp Completed in 0ms
386 silly placeDep ROOT @typescript-eslint/types@6.21.0 OK for: @typescript-eslint/parser@6.21.0 want: 6.21.0
387 silly placeDep ROOT @typescript-eslint/typescript-estree@6.21.0 OK for: @typescript-eslint/parser@6.21.0 want: 6.21.0
388 silly fetch manifest globby@^11.1.0
389 silly fetch manifest is-glob@^4.0.3
390 silly fetch manifest minimatch@9.0.3
391 http fetch GET 200 https://registry.npmjs.org/globby 313ms (cache miss)
392 timing idealTree:node_modules/@typescript-eslint/parser Completed in 318ms
393 timing idealTree:node_modules/@typescript-eslint/scope-manager Completed in 0ms
394 timing idealTree:node_modules/@typescript-eslint/type-utils Completed in 0ms
395 timing idealTree:node_modules/@typescript-eslint/types Completed in 0ms
396 silly placeDep ROOT globby@11.1.0 OK for: @typescript-eslint/typescript-estree@6.21.0 want: ^11.1.0
397 silly fetch manifest slash@^3.0.0
398 silly fetch manifest merge2@^1.4.1
399 silly fetch manifest dir-glob@^3.0.1
400 silly fetch manifest fast-glob@^3.2.9
401 silly fetch manifest array-union@^2.1.0
402 silly placeDep ROOT is-glob@4.0.3 OK for: @typescript-eslint/typescript-estree@6.21.0 want: ^4.0.3
403 silly fetch manifest is-extglob@^2.1.1
404 silly placeDep ROOT minimatch@9.0.3 OK for: @typescript-eslint/typescript-estree@6.21.0 want: 9.0.3
405 silly fetch manifest brace-expansion@^2.0.1
406 http fetch GET 200 https://registry.npmjs.org/is-extglob 258ms (cache miss)
407 http fetch GET 200 https://registry.npmjs.org/array-union 288ms (cache miss)
408 http fetch GET 200 https://registry.npmjs.org/dir-glob 291ms (cache miss)
409 http fetch GET 200 https://registry.npmjs.org/brace-expansion 285ms (cache miss)
410 http fetch GET 200 https://registry.npmjs.org/fast-glob 296ms (cache miss)
411 http fetch GET 200 https://registry.npmjs.org/slash 699ms (cache miss)
412 http fetch GET 200 https://registry.npmjs.org/merge2 700ms (cache miss)
413 timing idealTree:node_modules/@typescript-eslint/typescript-estree Completed in 704ms
414 silly placeDep ROOT @eslint-community/eslint-utils@4.9.1 OK for: @typescript-eslint/utils@6.21.0 want: ^4.4.0
415 silly placeDep ROOT @types/json-schema@7.0.15 OK for: @typescript-eslint/utils@6.21.0 want: ^7.0.12
416 silly placeDep ROOT @types/semver@7.7.1 OK for: @typescript-eslint/utils@6.21.0 want: ^7.5.0
417 timing idealTree:node_modules/@typescript-eslint/utils Completed in 10ms
418 silly placeDep ROOT eslint-visitor-keys@3.4.3 OK for: @eslint-community/eslint-utils@4.9.1 want: ^3.4.3
419 timing idealTree:node_modules/@eslint-community/eslint-utils Completed in 10ms
420 timing idealTree:node_modules/@types/json-schema Completed in 0ms
421 timing idealTree:node_modules/@types/semver Completed in 0ms
422 timing idealTree:node_modules/@typescript-eslint/visitor-keys Completed in 0ms
423 silly fetch manifest @babel/core@^7.0.0-0
424 http fetch GET 200 https://registry.npmjs.org/@babel%2fcore 533ms (cache miss)
425 silly placeDep ROOT @babel/plugin-proposal-decorators@7.28.6 OK for: babel-preset-expo@10.0.2 want: ^7.12.9
426 silly placeDep ROOT @babel/core@7.28.6 OK for: @babel/plugin-proposal-decorators@7.28.6 want: ^7.0.0-0
427 silly fetch manifest @babel/helper-create-class-features-plugin@^7.28.6
428 silly fetch manifest @babel/helper-plugin-utils@^7.28.6
429 silly fetch manifest @babel/plugin-syntax-decorators@^7.28.6
430 silly fetch manifest @babel/code-frame@^7.28.6
431 silly fetch manifest @babel/generator@^7.28.6
432 silly fetch manifest @babel/helper-compilation-targets@^7.28.6
433 silly fetch manifest @babel/helper-module-transforms@^7.28.6
434 silly fetch manifest @babel/helpers@^7.28.6
435 silly fetch manifest @babel/parser@^7.28.6
436 silly fetch manifest @babel/template@^7.28.6
437 silly fetch manifest @babel/traverse@^7.28.6
438 silly fetch manifest @babel/types@^7.28.6
439 silly fetch manifest @jridgewell/remapping@^2.3.5
440 silly fetch manifest convert-source-map@^2.0.0
441 silly fetch manifest gensync@^1.0.0-beta.2
442 silly fetch manifest json5@^2.2.3
443 silly fetch manifest semver@^6.3.1
444 silly placeDep ROOT @babel/plugin-transform-export-namespace-from@7.27.1 OK for: babel-preset-expo@10.0.2 want: ^7.22.11
445 silly fetch manifest @babel/helper-plugin-utils@^7.27.1
446 silly placeDep ROOT @babel/plugin-transform-object-rest-spread@7.28.6 OK for: babel-preset-expo@10.0.2 want: ^7.12.13
447 silly fetch manifest @babel/plugin-transform-destructuring@^7.28.5
448 silly fetch manifest @babel/plugin-transform-parameters@^7.27.7
449 silly placeDep ROOT @babel/plugin-transform-parameters@7.27.7 OK for: babel-preset-expo@10.0.2 want: ^7.22.15
450 silly placeDep ROOT @babel/preset-env@7.28.6 OK for: babel-preset-expo@10.0.2 want: ^7.20.0
451 silly fetch manifest @babel/compat-data@^7.28.6
452 silly fetch manifest @babel/helper-validator-option@^7.27.1
453 silly fetch manifest @babel/plugin-bugfix-firefox-class-in-computed-class-key@^7.28.5
454 silly fetch manifest @babel/plugin-bugfix-safari-class-field-initializer-scope@^7.27.1
455 silly fetch manifest @babel/plugin-bugfix-safari-id-destructuring-collision-in-function-expression@^7.27.1
456 silly fetch manifest @babel/plugin-bugfix-v8-spread-parameters-in-optional-chaining@^7.27.1
457 silly fetch manifest @babel/plugin-bugfix-v8-static-class-fields-redefine-readonly@^7.28.6
458 silly fetch manifest @babel/plugin-proposal-private-property-in-object@7.21.0-placeholder-for-preset-env.2
459 silly fetch manifest @babel/plugin-syntax-import-assertions@^7.28.6
460 silly fetch manifest @babel/plugin-syntax-import-attributes@^7.28.6
461 silly fetch manifest @babel/plugin-syntax-unicode-sets-regex@^7.18.6
462 silly fetch manifest @babel/plugin-transform-arrow-functions@^7.27.1
463 silly fetch manifest @babel/plugin-transform-async-generator-functions@^7.28.6
464 silly fetch manifest @babel/plugin-transform-async-to-generator@^7.28.6
465 silly fetch manifest @babel/plugin-transform-block-scoped-functions@^7.27.1
466 silly fetch manifest @babel/plugin-transform-block-scoping@^7.28.6
467 silly fetch manifest @babel/plugin-transform-class-properties@^7.28.6
468 silly fetch manifest @babel/plugin-transform-class-static-block@^7.28.6
469 silly fetch manifest @babel/plugin-transform-classes@^7.28.6
470 silly fetch manifest @babel/plugin-transform-computed-properties@^7.28.6
471 silly fetch manifest @babel/plugin-transform-dotall-regex@^7.28.6
472 silly fetch manifest @babel/plugin-transform-duplicate-keys@^7.27.1
473 silly fetch manifest @babel/plugin-transform-duplicate-named-capturing-groups-regex@^7.28.6
474 silly fetch manifest @babel/plugin-transform-dynamic-import@^7.27.1
475 silly fetch manifest @babel/plugin-transform-explicit-resource-management@^7.28.6
476 silly fetch manifest @babel/plugin-transform-exponentiation-operator@^7.28.6
477 silly fetch manifest @babel/plugin-transform-for-of@^7.27.1
478 silly fetch manifest @babel/plugin-transform-function-name@^7.27.1
479 silly fetch manifest @babel/plugin-transform-json-strings@^7.28.6
480 silly fetch manifest @babel/plugin-transform-literals@^7.27.1
481 silly fetch manifest @babel/plugin-transform-logical-assignment-operators@^7.28.6
482 silly fetch manifest @babel/plugin-transform-member-expression-literals@^7.27.1
483 silly fetch manifest @babel/plugin-transform-modules-amd@^7.27.1
484 silly fetch manifest @babel/plugin-transform-modules-commonjs@^7.28.6
485 silly fetch manifest @babel/plugin-transform-modules-systemjs@^7.28.5
486 silly fetch manifest @babel/plugin-transform-modules-umd@^7.27.1
487 silly fetch manifest @babel/plugin-transform-named-capturing-groups-regex@^7.27.1
488 silly fetch manifest @babel/plugin-transform-new-target@^7.27.1
489 silly fetch manifest @babel/plugin-transform-nullish-coalescing-operator@^7.28.6
490 silly fetch manifest @babel/plugin-transform-numeric-separator@^7.28.6
491 silly fetch manifest @babel/plugin-transform-object-super@^7.27.1
492 silly fetch manifest @babel/plugin-transform-optional-catch-binding@^7.28.6
493 silly fetch manifest @babel/plugin-transform-optional-chaining@^7.28.6
494 silly fetch manifest @babel/plugin-transform-private-methods@^7.28.6
495 silly fetch manifest @babel/plugin-transform-private-property-in-object@^7.28.6
496 silly fetch manifest @babel/plugin-transform-property-literals@^7.27.1
497 silly fetch manifest @babel/plugin-transform-regenerator@^7.28.6
498 silly fetch manifest @babel/plugin-transform-regexp-modifiers@^7.28.6
499 silly fetch manifest @babel/plugin-transform-reserved-words@^7.27.1
500 silly fetch manifest @babel/plugin-transform-shorthand-properties@^7.27.1
501 silly fetch manifest @babel/plugin-transform-spread@^7.28.6
502 silly fetch manifest @babel/plugin-transform-sticky-regex@^7.27.1
503 silly fetch manifest @babel/plugin-transform-template-literals@^7.27.1
504 silly fetch manifest @babel/plugin-transform-typeof-symbol@^7.27.1
505 silly fetch manifest @babel/plugin-transform-unicode-escapes@^7.27.1
506 silly fetch manifest @babel/plugin-transform-unicode-property-regex@^7.28.6
507 silly fetch manifest @babel/plugin-transform-unicode-regex@^7.27.1
508 silly fetch manifest @babel/plugin-transform-unicode-sets-regex@^7.28.6
509 silly fetch manifest @babel/preset-modules@0.1.6-no-external-plugins
510 silly fetch manifest babel-plugin-polyfill-corejs2@^0.4.14
511 silly fetch manifest babel-plugin-polyfill-corejs3@^0.13.0
512 silly fetch manifest babel-plugin-polyfill-regenerator@^0.6.5
513 silly fetch manifest core-js-compat@^3.43.0
514 silly placeDep ROOT @babel/preset-react@7.28.5 OK for: babel-preset-expo@10.0.2 want: ^7.22.15
515 silly fetch manifest @babel/plugin-transform-react-jsx@^7.27.1
516 silly fetch manifest @babel/plugin-transform-react-display-name@^7.28.0
517 silly fetch manifest @babel/plugin-transform-react-jsx-development@^7.27.1
518 silly fetch manifest @babel/plugin-transform-react-pure-annotations@^7.27.1
519 silly placeDep ROOT @react-native/babel-preset@0.73.21 OK for: babel-preset-expo@10.0.2 want: ^0.73.18
520 silly fetch manifest @babel/template@^7.0.0
521 silly fetch manifest @babel/plugin-syntax-flow@^7.18.0
522 silly fetch manifest @babel/plugin-transform-spread@^7.0.0
523 silly fetch manifest @babel/plugin-transform-classes@^7.0.0
524 silly fetch manifest @babel/plugin-transform-runtime@^7.0.0
525 silly fetch manifest @babel/plugin-transform-literals@^7.0.0
526 silly fetch manifest @babel/plugin-transform-react-jsx@^7.0.0
527 silly fetch manifest babel-plugin-transform-flow-enums@^0.0.2
528 silly fetch manifest @babel/plugin-transform-typescript@^7.5.0
529 silly fetch manifest @react-native/babel-plugin-codegen@0.73.4
530 silly fetch manifest @babel/plugin-syntax-dynamic-import@^7.8.0
531 silly fetch manifest @babel/plugin-transform-sticky-regex@^7.0.0
532 silly fetch manifest @babel/plugin-transform-block-scoping@^7.0.0
533 silly fetch manifest @babel/plugin-transform-destructuring@^7.20.0
534 silly fetch manifest @babel/plugin-transform-function-name@^7.0.0
535 silly fetch manifest @babel/plugin-transform-unicode-regex@^7.0.0
536 silly fetch manifest @babel/plugin-syntax-optional-chaining@^7.0.0
537 silly fetch manifest @babel/plugin-transform-react-jsx-self@^7.0.0
538 silly fetch manifest @babel/plugin-proposal-class-properties@^7.18.0
539 silly fetch manifest @babel/plugin-transform-arrow-functions@^7.0.0
540 silly fetch manifest @babel/plugin-transform-private-methods@^7.22.5
541 silly fetch manifest @babel/plugin-proposal-numeric-separator@^7.0.0
542 silly fetch manifest @babel/plugin-proposal-optional-chaining@^7.20.0
543 silly fetch manifest @babel/plugin-syntax-export-default-from@^7.0.0
544 silly fetch manifest @babel/plugin-transform-flow-strip-types@^7.20.0
545 silly fetch manifest @babel/plugin-transform-modules-commonjs@^7.0.0
546 silly fetch manifest @babel/plugin-transform-react-jsx-source@^7.0.0
547 silly fetch manifest @babel/plugin-proposal-object-rest-spread@^7.20.0
548 silly fetch manifest @babel/plugin-proposal-export-default-from@^7.0.0
549 silly fetch manifest @babel/plugin-transform-async-to-generator@^7.20.0
550 silly fetch manifest @babel/plugin-transform-react-display-name@^7.0.0
551 silly fetch manifest @babel/plugin-transform-computed-properties@^7.0.0
552 silly fetch manifest @babel/plugin-transform-shorthand-properties@^7.0.0
553 silly fetch manifest @babel/plugin-proposal-optional-catch-binding@^7.0.0
554 silly fetch manifest @babel/plugin-proposal-async-generator-functions@^7.0.0
555 silly fetch manifest @babel/plugin-syntax-nullish-coalescing-operator@^7.0.0
556 silly fetch manifest @babel/plugin-proposal-nullish-coalescing-operator@^7.18.0
557 silly fetch manifest @babel/plugin-transform-private-property-in-object@^7.22.11
558 silly fetch manifest @babel/plugin-transform-named-capturing-groups-regex@^7.0.0
559 silly placeDep ROOT babel-plugin-react-native-web@0.18.12 OK for: babel-preset-expo@10.0.2 want: ~0.18.10
560 silly placeDep ROOT react-refresh@0.14.0 OK for: babel-preset-expo@10.0.2 want: 0.14.0
561 http fetch GET 200 https://registry.npmjs.org/gensync 551ms (cache miss)
562 http fetch GET 200 https://registry.npmjs.org/convert-source-map 553ms (cache miss)
563 http fetch GET 200 https://registry.npmjs.org/@babel%2fhelper-plugin-utils 762ms (cache miss)
564 http fetch GET 200 https://registry.npmjs.org/@babel%2fhelper-plugin-utils 800ms (cache miss)
565 http fetch GET 200 https://registry.npmjs.org/@babel%2fhelper-create-class-features-plugin 837ms (cache miss)
566 http fetch GET 200 https://registry.npmjs.org/@babel%2fparser 845ms (cache miss)
567 http fetch GET 200 https://registry.npmjs.org/@babel%2fgenerator 903ms (cache miss)
568 http fetch GET 200 https://registry.npmjs.org/json5 892ms (cache miss)
569 http fetch GET 200 https://registry.npmjs.org/@jridgewell%2fremapping 895ms (cache miss)
570 http fetch GET 200 https://registry.npmjs.org/@babel%2fplugin-syntax-decorators 916ms (cache miss)
571 http fetch GET 200 https://registry.npmjs.org/@babel%2ftemplate 912ms (cache miss)
572 http fetch GET 200 https://registry.npmjs.org/@babel%2fhelper-compilation-targets 918ms (cache miss)
573 http fetch GET 200 https://registry.npmjs.org/@babel%2fhelper-module-transforms 940ms (cache miss)
574 http fetch GET 200 https://registry.npmjs.org/@babel%2ftypes 1090ms (cache miss)
575 http fetch GET 200 https://registry.npmjs.org/@babel%2fhelpers 1288ms (cache miss)
576 http fetch GET 200 https://registry.npmjs.org/@babel%2fcode-frame 1302ms (cache miss)
577 http fetch GET 200 https://registry.npmjs.org/@babel%2ftraverse 1348ms (cache miss)
578 http fetch GET 200 https://registry.npmjs.org/@babel%2fplugin-bugfix-firefox-class-in-computed-class-key 1336ms (cache miss)
579 http fetch GET 200 https://registry.npmjs.org/@babel%2fplugin-bugfix-v8-spread-parameters-in-optional-chaining 1348ms (cache miss)
580 http fetch GET 200 https://registry.npmjs.org/@babel%2fplugin-bugfix-safari-class-field-initializer-scope 1352ms (cache miss)
581 http fetch GET 200 https://registry.npmjs.org/@babel%2fplugin-bugfix-v8-static-class-fields-redefine-readonly 1351ms (cache miss)
582 http fetch GET 200 https://registry.npmjs.org/@babel%2fplugin-proposal-private-property-in-object 1355ms (cache miss)
583 http fetch GET 200 https://registry.npmjs.org/@babel%2fcompat-data 1697ms (cache miss)
584 http fetch GET 200 https://registry.npmjs.org/@babel%2fhelper-validator-option 1722ms (cache miss)
585 http fetch GET 200 https://registry.npmjs.org/@babel%2fplugin-transform-destructuring 1753ms (cache miss)
586 http fetch GET 200 https://registry.npmjs.org/@babel%2fplugin-bugfix-safari-id-destructuring-collision-in-function-expression 1800ms (cache miss)
587 http fetch GET 200 https://registry.npmjs.org/@babel%2fplugin-syntax-import-assertions 1799ms (cache miss)
588 http fetch GET 200 https://registry.npmjs.org/@babel%2fplugin-syntax-import-attributes 1849ms (cache miss)
589 http fetch GET 200 https://registry.npmjs.org/@babel%2fplugin-transform-async-generator-functions 1895ms (cache miss)
590 http fetch GET 200 https://registry.npmjs.org/@babel%2fplugin-transform-block-scoped-functions 1901ms (cache miss)
591 http fetch GET 200 https://registry.npmjs.org/@babel%2fplugin-transform-block-scoping 1941ms (cache miss)
592 http fetch GET 200 https://registry.npmjs.org/@babel%2fplugin-transform-class-properties 1942ms (cache miss)
593 http fetch GET 200 https://registry.npmjs.org/@babel%2fplugin-transform-async-to-generator 1946ms (cache miss)
594 http fetch GET 200 https://registry.npmjs.org/@babel%2fplugin-syntax-unicode-sets-regex 2061ms (cache miss)
595 http fetch GET 200 https://registry.npmjs.org/@babel%2fplugin-transform-dotall-regex 2226ms (cache miss)
596 http fetch GET 200 https://registry.npmjs.org/@babel%2fplugin-transform-dynamic-import 2310ms (cache miss)
597 http fetch GET 200 https://registry.npmjs.org/@babel%2fplugin-transform-duplicate-named-capturing-groups-regex 2312ms (cache miss)
598 http fetch GET 200 https://registry.npmjs.org/@babel%2fplugin-transform-arrow-functions 2352ms (cache miss)
599 http fetch GET 200 https://registry.npmjs.org/@babel%2fplugin-transform-class-static-block 2352ms (cache miss)
600 http fetch GET 200 https://registry.npmjs.org/@babel%2fplugin-transform-classes 2360ms (cache miss)
601 http fetch GET 200 https://registry.npmjs.org/@babel%2fplugin-transform-literals 2407ms (cache miss)
602 http fetch GET 200 https://registry.npmjs.org/@babel%2fplugin-transform-exponentiation-operator 2448ms (cache miss)
603 http fetch GET 200 https://registry.npmjs.org/@babel%2fplugin-transform-computed-properties 2762ms (cache miss)
604 http fetch GET 200 https://registry.npmjs.org/@babel%2fplugin-transform-member-expression-literals 2785ms (cache miss)
605 http fetch GET 200 https://registry.npmjs.org/@babel%2fplugin-transform-explicit-resource-management 2960ms (cache miss)
606 http fetch GET 200 https://registry.npmjs.org/@babel%2fplugin-transform-json-strings 2963ms (cache miss)
607 http fetch GET 200 https://registry.npmjs.org/@babel%2fplugin-transform-named-capturing-groups-regex 2958ms (cache miss)
608 http fetch GET 200 https://registry.npmjs.org/@babel%2fplugin-transform-modules-amd 2966ms (cache miss)
609 http fetch GET 200 https://registry.npmjs.org/@babel%2fplugin-transform-function-name 2986ms (cache miss)
610 http fetch GET 200 https://registry.npmjs.org/@babel%2fplugin-transform-modules-commonjs 2975ms (cache miss)
611 http fetch GET 200 https://registry.npmjs.org/@babel%2fplugin-transform-modules-umd 2976ms (cache miss)
612 http fetch GET 200 https://registry.npmjs.org/@babel%2fplugin-transform-new-target 2983ms (cache miss)
613 http fetch GET 200 https://registry.npmjs.org/@babel%2fplugin-transform-modules-systemjs 2995ms (cache miss)
614 http fetch GET 200 https://registry.npmjs.org/@babel%2fplugin-transform-nullish-coalescing-operator 3013ms (cache miss)
615 http fetch GET 200 https://registry.npmjs.org/@babel%2fplugin-transform-logical-assignment-operators 3026ms (cache miss)
616 http fetch GET 200 https://registry.npmjs.org/@babel%2fplugin-transform-duplicate-keys 3163ms (cache miss)
617 http fetch GET 200 https://registry.npmjs.org/@babel%2fplugin-transform-private-methods 3548ms (cache miss)
618 http fetch GET 200 https://registry.npmjs.org/@babel%2fplugin-transform-regexp-modifiers 3550ms (cache miss)
619 http fetch GET 200 https://registry.npmjs.org/@babel%2fplugin-transform-private-property-in-object 3559ms (cache miss)
620 http fetch GET 200 https://registry.npmjs.org/@babel%2fplugin-transform-shorthand-properties 3587ms (cache miss)
621 http fetch GET 200 https://registry.npmjs.org/@babel%2fplugin-transform-property-literals 3603ms (cache miss)
622 http fetch GET 200 https://registry.npmjs.org/@babel%2fplugin-transform-for-of 3647ms (cache miss)
623 http fetch GET 200 https://registry.npmjs.org/@babel%2fplugin-transform-regenerator 3616ms (cache miss)
624 http fetch GET 200 https://registry.npmjs.org/@babel%2fplugin-transform-sticky-regex 3618ms (cache miss)
625 http fetch GET 200 https://registry.npmjs.org/@babel%2fplugin-transform-spread 3634ms (cache miss)
626 http fetch GET 200 https://registry.npmjs.org/@babel%2fplugin-transform-template-literals 3640ms (cache miss)
627 http fetch GET 200 https://registry.npmjs.org/@babel%2fplugin-transform-object-super 3686ms (cache miss)
628 http fetch GET 200 https://registry.npmjs.org/@babel%2fplugin-transform-optional-catch-binding 3735ms (cache miss)
629 http fetch GET 200 https://registry.npmjs.org/babel-plugin-polyfill-corejs2 3740ms (cache miss)
630 http fetch GET 200 https://registry.npmjs.org/@babel%2fplugin-transform-typeof-symbol 3850ms (cache miss)
631 http fetch GET 200 https://registry.npmjs.org/@babel%2fplugin-transform-reserved-words 3878ms (cache miss)
632 http fetch GET 200 https://registry.npmjs.org/@babel%2fplugin-transform-unicode-property-regex 3950ms (cache miss)
633 http fetch GET 200 https://registry.npmjs.org/babel-plugin-polyfill-regenerator 3948ms (cache miss)
634 http fetch GET 200 https://registry.npmjs.org/babel-plugin-polyfill-corejs3 3953ms (cache miss)
635 http fetch GET 200 https://registry.npmjs.org/@babel%2fplugin-transform-unicode-escapes 3972ms (cache miss)
636 http fetch GET 200 https://registry.npmjs.org/@babel%2fplugin-transform-unicode-sets-regex 3975ms (cache miss)
637 http fetch GET 200 https://registry.npmjs.org/@babel%2ftemplate 3945ms (cache miss)
638 http fetch GET 200 https://registry.npmjs.org/@babel%2fplugin-transform-unicode-regex 3984ms (cache miss)
639 http fetch GET 200 https://registry.npmjs.org/@babel%2fplugin-transform-literals 3997ms (cache miss)
640 http fetch GET 200 https://registry.npmjs.org/core-js-compat 4198ms (cache miss)
641 http fetch GET 200 https://registry.npmjs.org/@babel%2fplugin-transform-numeric-separator 4248ms (cache miss)
642 http fetch GET 200 https://registry.npmjs.org/@babel%2fplugin-transform-classes 4399ms (cache miss)
643 http fetch GET 200 https://registry.npmjs.org/@babel%2fplugin-transform-spread 4420ms (cache miss)
644 http fetch GET 200 https://registry.npmjs.org/babel-plugin-transform-flow-enums 4437ms (cache miss)
645 http fetch GET 200 https://registry.npmjs.org/@babel%2fplugin-transform-sticky-regex 4432ms (cache miss)
646 http fetch GET 200 https://registry.npmjs.org/@babel%2fplugin-transform-optional-chaining 4522ms (cache miss)
647 http fetch GET 200 https://registry.npmjs.org/@babel%2fplugin-transform-private-methods 4479ms (cache miss)
648 http fetch GET 200 https://registry.npmjs.org/@babel%2fpreset-modules 4562ms (cache miss)
649 http fetch GET 200 https://registry.npmjs.org/@babel%2fplugin-transform-react-display-name 4541ms (cache miss)
650 http fetch GET 200 https://registry.npmjs.org/@babel%2fplugin-transform-unicode-regex 4502ms (cache miss)
651 http fetch GET 200 https://registry.npmjs.org/@babel%2fplugin-transform-function-name 4506ms (cache miss)
652 http fetch GET 200 https://registry.npmjs.org/@babel%2fplugin-transform-react-jsx-development 4557ms (cache miss)
653 http fetch GET 200 https://registry.npmjs.org/@babel%2fplugin-transform-react-jsx 4544ms (cache miss)
654 http fetch GET 200 https://registry.npmjs.org/@babel%2fplugin-transform-arrow-functions 4517ms (cache miss)
655 http fetch GET 200 https://registry.npmjs.org/@babel%2fplugin-transform-block-scoping 4533ms (cache miss)
656 http fetch GET 200 https://registry.npmjs.org/@babel%2fplugin-transform-destructuring 4541ms (cache miss)
657 http fetch GET 200 https://registry.npmjs.org/@babel%2fplugin-transform-react-jsx 4585ms (cache miss)
658 http fetch GET 200 https://registry.npmjs.org/@babel%2fplugin-transform-modules-commonjs 4557ms (cache miss)
659 http fetch GET 200 https://registry.npmjs.org/@babel%2fplugin-syntax-dynamic-import 4605ms (cache miss)
660 http fetch GET 200 https://registry.npmjs.org/@babel%2fplugin-transform-typescript 4633ms (cache miss)
661 http fetch GET 200 https://registry.npmjs.org/@babel%2fplugin-transform-async-to-generator 4853ms (cache miss)
662 http fetch GET 200 https://registry.npmjs.org/@babel%2fplugin-transform-runtime 4914ms (cache miss)
663 http fetch GET 200 https://registry.npmjs.org/@babel%2fplugin-transform-react-pure-annotations 4937ms (cache miss)
664 http fetch GET 200 https://registry.npmjs.org/@babel%2fplugin-transform-react-jsx-self 4901ms (cache miss)
665 http fetch GET 200 https://registry.npmjs.org/@babel%2fplugin-transform-react-display-name 4876ms (cache miss)
666 http fetch GET 200 https://registry.npmjs.org/@babel%2fplugin-syntax-export-default-from 4900ms (cache miss)
667 http fetch GET 200 https://registry.npmjs.org/@babel%2fplugin-proposal-numeric-separator 4943ms (cache miss)
668 http fetch GET 200 https://registry.npmjs.org/@react-native%2fbabel-plugin-codegen 4972ms (cache miss)
669 http fetch GET 200 https://registry.npmjs.org/@babel%2fplugin-transform-computed-properties 4946ms (cache miss)
670 http fetch GET 200 https://registry.npmjs.org/@babel%2fplugin-transform-react-jsx-source 4956ms (cache miss)
671 http fetch GET 200 https://registry.npmjs.org/@babel%2fplugin-transform-shorthand-properties 5007ms (cache miss)
672 http fetch GET 200 https://registry.npmjs.org/@babel%2fplugin-transform-private-property-in-object 5004ms (cache miss)
673 http fetch GET 200 https://registry.npmjs.org/@babel%2fplugin-transform-named-capturing-groups-regex 5016ms (cache miss)
674 http fetch GET 200 https://registry.npmjs.org/@babel%2fplugin-proposal-object-rest-spread 5029ms (cache miss)
675 http fetch GET 200 https://registry.npmjs.org/@babel%2fplugin-syntax-optional-chaining 5180ms (cache miss)
676 http fetch GET 200 https://registry.npmjs.org/@babel%2fplugin-syntax-flow 5393ms (cache miss)
677 http fetch GET 200 https://registry.npmjs.org/@babel%2fplugin-proposal-class-properties 5363ms (cache miss)
678 http fetch GET 200 https://registry.npmjs.org/@babel%2fplugin-proposal-export-default-from 5704ms (cache miss)
679 http fetch GET 200 https://registry.npmjs.org/@babel%2fplugin-transform-flow-strip-types 5762ms (cache miss)
680 http fetch GET 200 https://registry.npmjs.org/@babel%2fplugin-proposal-optional-chaining 6712ms (cache miss)
681 http fetch GET 200 https://registry.npmjs.org/@babel%2fplugin-proposal-async-generator-functions 6786ms (cache miss)
682 http fetch GET 200 https://registry.npmjs.org/@babel%2fplugin-syntax-nullish-coalescing-operator 6902ms (cache miss)
683 http fetch GET 200 https://registry.npmjs.org/@babel%2fplugin-proposal-nullish-coalescing-operator 7271ms (cache miss)
684 http fetch GET 200 https://registry.npmjs.org/@babel%2fplugin-proposal-optional-catch-binding 7876ms (cache miss)
685 timing idealTree:node_modules/babel-preset-expo Completed in 8639ms
686 silly fetch manifest @babel/core@^7.0.0
687 silly placeDep ROOT @babel/code-frame@7.28.6 OK for: @babel/core@7.28.6 want: ^7.28.6
688 silly fetch manifest @babel/helper-validator-identifier@^7.28.5
689 silly fetch manifest js-tokens@^4.0.0
690 silly fetch manifest picocolors@^1.1.1
691 silly placeDep ROOT @babel/generator@7.28.6 OK for: @babel/core@7.28.6 want: ^7.28.6
692 silly fetch manifest @jridgewell/gen-mapping@^0.3.12
693 silly fetch manifest @jridgewell/trace-mapping@^0.3.28
694 silly fetch manifest jsesc@^3.0.2
695 silly placeDep ROOT @babel/helper-compilation-targets@7.28.6 OK for: @babel/core@7.28.6 want: ^7.28.6
696 silly fetch manifest browserslist@^4.24.0
697 silly fetch manifest lru-cache@^5.1.1
698 silly placeDep ROOT @babel/helper-module-transforms@7.28.6 OK for: @babel/core@7.28.6 want: ^7.28.6
699 silly fetch manifest @babel/helper-module-imports@^7.28.6
700 silly placeDep ROOT @babel/helpers@7.28.6 OK for: @babel/core@7.28.6 want: ^7.28.6
701 silly placeDep ROOT @babel/parser@7.28.6 OK for: @babel/core@7.28.6 want: ^7.28.6
702 silly placeDep ROOT @babel/template@7.28.6 OK for: @babel/core@7.28.6 want: ^7.28.6
703 silly placeDep ROOT @babel/traverse@7.28.6 OK for: @babel/core@7.28.6 want: ^7.28.6
704 silly fetch manifest @babel/helper-globals@^7.28.0
705 silly placeDep ROOT @babel/types@7.28.6 OK for: @babel/core@7.28.6 want: ^7.28.6
706 silly fetch manifest @babel/helper-string-parser@^7.27.1
707 silly placeDep ROOT @jridgewell/remapping@2.3.5 OK for: @babel/core@7.28.6 want: ^2.3.5
708 silly fetch manifest @jridgewell/gen-mapping@^0.3.5
709 silly fetch manifest @jridgewell/trace-mapping@^0.3.24
710 silly placeDep ROOT convert-source-map@2.0.0 OK for: @babel/core@7.28.6 want: ^2.0.0
711 silly placeDep ROOT gensync@1.0.0-beta.2 OK for: @babel/core@7.28.6 want: ^1.0.0-beta.2
712 silly placeDep ROOT json5@2.2.3 OK for: @babel/core@7.28.6 want: ^2.2.3
713 silly placeDep node_modules/@babel/core semver@6.3.1 OK for: @babel/core@7.28.6 want: ^6.3.1
714 http fetch GET 200 https://registry.npmjs.org/picocolors 318ms (cache miss)
715 http fetch GET 200 https://registry.npmjs.org/js-tokens 319ms (cache miss)
716 http fetch GET 200 https://registry.npmjs.org/jsesc 370ms (cache miss)
717 http fetch GET 200 https://registry.npmjs.org/browserslist 374ms (cache miss)
718 http fetch GET 200 https://registry.npmjs.org/lru-cache 407ms (cache miss)
719 http fetch GET 200 https://registry.npmjs.org/@babel%2fhelper-validator-identifier 563ms (cache miss)
720 http fetch GET 200 https://registry.npmjs.org/@jridgewell%2fgen-mapping 609ms (cache miss)
721 http fetch GET 200 https://registry.npmjs.org/@jridgewell%2fgen-mapping 878ms (cache miss)
722 http fetch GET 200 https://registry.npmjs.org/@babel%2fhelper-globals 959ms (cache miss)
723 http fetch GET 200 https://registry.npmjs.org/@jridgewell%2ftrace-mapping 953ms (cache miss)
724 http fetch GET 200 https://registry.npmjs.org/@babel%2fhelper-module-imports 1009ms (cache miss)
725 http fetch GET 200 https://registry.npmjs.org/@babel%2fhelper-string-parser 1010ms (cache miss)
726 http fetch GET 200 https://registry.npmjs.org/@jridgewell%2ftrace-mapping 1066ms (cache miss)
727 timing idealTree:node_modules/@babel/core Completed in 1082ms
728 silly placeDep ROOT @babel/helper-validator-identifier@7.28.5 OK for: @babel/code-frame@7.28.6 want: ^7.28.5
729 silly placeDep ROOT js-tokens@4.0.0 OK for: @babel/code-frame@7.28.6 want: ^4.0.0
730 silly placeDep ROOT picocolors@1.1.1 OK for: @babel/code-frame@7.28.6 want: ^1.1.1
731 timing idealTree:node_modules/@babel/code-frame Completed in 4ms
732 silly placeDep ROOT @jridgewell/gen-mapping@0.3.13 OK for: @babel/generator@7.28.6 want: ^0.3.12
733 silly fetch manifest @jridgewell/sourcemap-codec@^1.5.0
734 silly placeDep ROOT @jridgewell/trace-mapping@0.3.31 OK for: @babel/generator@7.28.6 want: ^0.3.28
735 silly fetch manifest @jridgewell/resolve-uri@^3.1.0
736 silly fetch manifest @jridgewell/sourcemap-codec@^1.4.14
737 silly placeDep ROOT jsesc@3.1.0 OK for: @babel/generator@7.28.6 want: ^3.0.2
738 http fetch GET 200 https://registry.npmjs.org/@jridgewell%2fsourcemap-codec 566ms (cache miss)
739 http fetch GET 200 https://registry.npmjs.org/@jridgewell%2fsourcemap-codec 565ms (cache miss)
740 http fetch GET 200 https://registry.npmjs.org/@jridgewell%2fresolve-uri 589ms (cache miss)
741 timing idealTree:node_modules/@babel/generator Completed in 595ms
742 silly placeDep ROOT @babel/compat-data@7.28.6 OK for: @babel/helper-compilation-targets@7.28.6 want: ^7.28.6
743 silly placeDep ROOT @babel/helper-validator-option@7.27.1 OK for: @babel/helper-compilation-targets@7.28.6 want: ^7.27.1
744 silly placeDep ROOT browserslist@4.28.1 OK for: @babel/helper-compilation-targets@7.28.6 want: ^4.24.0
745 silly fetch manifest baseline-browser-mapping@^2.9.0
746 silly fetch manifest caniuse-lite@^1.0.30001759
747 silly fetch manifest electron-to-chromium@^1.5.263
748 silly fetch manifest node-releases@^2.0.27
749 silly fetch manifest update-browserslist-db@^1.2.0
750 silly placeDep ROOT lru-cache@5.1.1 OK for: @babel/helper-compilation-targets@7.28.6 want: ^5.1.1
751 silly fetch manifest yallist@^3.0.2
752 silly placeDep node_modules/@babel/helper-compilation-targets semver@6.3.1 OK for: @babel/helper-compilation-targets@7.28.6 want: ^6.3.1
753 http fetch GET 200 https://registry.npmjs.org/update-browserslist-db 318ms (cache miss)
754 http fetch GET 200 https://registry.npmjs.org/baseline-browser-mapping 338ms (cache miss)
755 http fetch GET 200 https://registry.npmjs.org/yallist 491ms (cache miss)
756 http fetch GET 200 https://registry.npmjs.org/caniuse-lite 578ms (cache miss)
757 http fetch GET 200 https://registry.npmjs.org/node-releases 825ms (cache miss)
758 http fetch GET 200 https://registry.npmjs.org/electron-to-chromium 1036ms (cache miss)
759 timing idealTree:node_modules/@babel/helper-compilation-targets Completed in 1071ms
760 timing idealTree:node_modules/@babel/compat-data Completed in 0ms
761 silly placeDep ROOT @babel/helper-module-imports@7.28.6 OK for: @babel/helper-module-transforms@7.28.6 want: ^7.28.6
762 timing idealTree:node_modules/@babel/helper-module-transforms Completed in 2ms
763 timing idealTree:node_modules/@babel/helper-module-imports Completed in 0ms
764 timing idealTree:node_modules/@babel/helper-validator-identifier Completed in 0ms
765 timing idealTree:node_modules/@babel/helper-validator-option Completed in 0ms
766 timing idealTree:node_modules/@babel/helpers Completed in 0ms
767 timing idealTree:node_modules/@babel/parser Completed in 1ms
768 silly placeDep ROOT @babel/helper-create-class-features-plugin@7.28.6 OK for: @babel/plugin-proposal-decorators@7.28.6 want: ^7.28.6
769 silly fetch manifest @babel/helper-annotate-as-pure@^7.27.3
770 silly fetch manifest @babel/helper-member-expression-to-functions@^7.28.5
771 silly fetch manifest @babel/helper-optimise-call-expression@^7.27.1
772 silly fetch manifest @babel/helper-replace-supers@^7.28.6
773 silly fetch manifest @babel/helper-skip-transparent-expression-wrappers@^7.27.1
774 silly placeDep ROOT @babel/helper-plugin-utils@7.28.6 OK for: @babel/plugin-proposal-decorators@7.28.6 want: ^7.28.6
775 silly placeDep ROOT @babel/plugin-syntax-decorators@7.28.6 OK for: @babel/plugin-proposal-decorators@7.28.6 want: ^7.28.6
776 http fetch GET 200 https://registry.npmjs.org/@babel%2fhelper-member-expression-to-functions 528ms (cache miss)
777 http fetch GET 200 https://registry.npmjs.org/@babel%2fhelper-optimise-call-expression 552ms (cache miss)
778 http fetch GET 200 https://registry.npmjs.org/@babel%2fhelper-skip-transparent-expression-wrappers 553ms (cache miss)
779 http fetch GET 200 https://registry.npmjs.org/@babel%2fhelper-annotate-as-pure 764ms (cache miss)
780 http fetch GET 200 https://registry.npmjs.org/@babel%2fhelper-replace-supers 1025ms (cache miss)
781 timing idealTree:node_modules/@babel/plugin-proposal-decorators Completed in 1036ms
782 silly placeDep ROOT @babel/helper-annotate-as-pure@7.27.3 OK for: @babel/helper-create-class-features-plugin@7.28.6 want: ^7.27.3
783 silly placeDep ROOT @babel/helper-member-expression-to-functions@7.28.5 OK for: @babel/helper-create-class-features-plugin@7.28.6 want: ^7.28.5
784 silly placeDep ROOT @babel/helper-optimise-call-expression@7.27.1 OK for: @babel/helper-create-class-features-plugin@7.28.6 want: ^7.27.1
785 silly placeDep ROOT @babel/helper-replace-supers@7.28.6 OK for: @babel/helper-create-class-features-plugin@7.28.6 want: ^7.28.6
786 silly placeDep ROOT @babel/helper-skip-transparent-expression-wrappers@7.27.1 OK for: @babel/helper-create-class-features-plugin@7.28.6 want: ^7.27.1
787 silly placeDep node_modules/@babel/helper-create-class-features-plugin semver@6.3.1 OK for: @babel/helper-create-class-features-plugin@7.28.6 want: ^6.3.1
788 timing idealTree:node_modules/@babel/helper-create-class-features-plugin Completed in 10ms
789 timing idealTree:node_modules/@babel/helper-annotate-as-pure Completed in 0ms
790 timing idealTree:node_modules/@babel/helper-member-expression-to-functions Completed in 0ms
791 timing idealTree:node_modules/@babel/helper-optimise-call-expression Completed in 0ms
792 timing idealTree:node_modules/@babel/helper-plugin-utils Completed in 0ms
793 timing idealTree:node_modules/@babel/helper-replace-supers Completed in 0ms
794 timing idealTree:node_modules/@babel/helper-skip-transparent-expression-wrappers Completed in 0ms
795 timing idealTree:node_modules/@babel/plugin-syntax-decorators Completed in 0ms
796 timing idealTree:node_modules/@babel/plugin-transform-export-namespace-from Completed in 0ms
797 silly placeDep ROOT @babel/plugin-transform-destructuring@7.28.5 OK for: @babel/plugin-transform-object-rest-spread@7.28.6 want: ^7.28.5
798 timing idealTree:node_modules/@babel/plugin-transform-object-rest-spread Completed in 3ms
799 timing idealTree:node_modules/@babel/plugin-transform-destructuring Completed in 0ms
800 timing idealTree:node_modules/@babel/plugin-transform-parameters Completed in 0ms
801 silly placeDep ROOT @babel/plugin-bugfix-firefox-class-in-computed-class-key@7.28.5 OK for: @babel/preset-env@7.28.6 want: ^7.28.5
802 silly placeDep ROOT @babel/plugin-bugfix-safari-class-field-initializer-scope@7.27.1 OK for: @babel/preset-env@7.28.6 want: ^7.27.1
803 silly placeDep ROOT @babel/plugin-bugfix-safari-id-destructuring-collision-in-function-expression@7.27.1 OK for: @babel/preset-env@7.28.6 want: ^7.27.1
804 silly placeDep ROOT @babel/plugin-bugfix-v8-spread-parameters-in-optional-chaining@7.27.1 OK for: @babel/preset-env@7.28.6 want: ^7.27.1
805 silly fetch manifest @babel/plugin-transform-optional-chaining@^7.27.1
806 silly placeDep ROOT @babel/plugin-bugfix-v8-static-class-fields-redefine-readonly@7.28.6 OK for: @babel/preset-env@7.28.6 want: ^7.28.6
807 silly placeDep ROOT @babel/plugin-proposal-private-property-in-object@7.21.0-placeholder-for-preset-env.2 OK for: @babel/preset-env@7.28.6 want: 7.21.0-placeholder-for-preset-env.2
808 silly placeDep ROOT @babel/plugin-syntax-import-assertions@7.28.6 OK for: @babel/preset-env@7.28.6 want: ^7.28.6
809 silly placeDep ROOT @babel/plugin-syntax-import-attributes@7.28.6 OK for: @babel/preset-env@7.28.6 want: ^7.28.6
810 silly placeDep ROOT @babel/plugin-syntax-unicode-sets-regex@7.18.6 OK for: @babel/preset-env@7.28.6 want: ^7.18.6
811 silly fetch manifest @babel/helper-create-regexp-features-plugin@^7.18.6
812 silly placeDep ROOT @babel/plugin-transform-arrow-functions@7.27.1 OK for: @babel/preset-env@7.28.6 want: ^7.27.1
813 silly placeDep ROOT @babel/plugin-transform-async-generator-functions@7.28.6 OK for: @babel/preset-env@7.28.6 want: ^7.28.6
814 silly fetch manifest @babel/helper-remap-async-to-generator@^7.27.1
815 silly placeDep ROOT @babel/plugin-transform-async-to-generator@7.28.6 OK for: @babel/preset-env@7.28.6 want: ^7.28.6
816 silly placeDep ROOT @babel/plugin-transform-block-scoped-functions@7.27.1 OK for: @babel/preset-env@7.28.6 want: ^7.27.1
817 silly placeDep ROOT @babel/plugin-transform-block-scoping@7.28.6 OK for: @babel/preset-env@7.28.6 want: ^7.28.6
818 silly placeDep ROOT @babel/plugin-transform-class-properties@7.28.6 OK for: @babel/preset-env@7.28.6 want: ^7.28.6
819 silly placeDep ROOT @babel/plugin-transform-class-static-block@7.28.6 OK for: @babel/preset-env@7.28.6 want: ^7.28.6
820 silly placeDep ROOT @babel/plugin-transform-classes@7.28.6 OK for: @babel/preset-env@7.28.6 want: ^7.28.6
821 silly placeDep ROOT @babel/plugin-transform-computed-properties@7.28.6 OK for: @babel/preset-env@7.28.6 want: ^7.28.6
822 silly placeDep ROOT @babel/plugin-transform-dotall-regex@7.28.6 OK for: @babel/preset-env@7.28.6 want: ^7.28.6
823 silly fetch manifest @babel/helper-create-regexp-features-plugin@^7.28.5
824 silly placeDep ROOT @babel/plugin-transform-duplicate-keys@7.27.1 OK for: @babel/preset-env@7.28.6 want: ^7.27.1
825 silly placeDep ROOT @babel/plugin-transform-duplicate-named-capturing-groups-regex@7.28.6 OK for: @babel/preset-env@7.28.6 want: ^7.28.6
826 silly placeDep ROOT @babel/plugin-transform-dynamic-import@7.27.1 OK for: @babel/preset-env@7.28.6 want: ^7.27.1
827 silly placeDep ROOT @babel/plugin-transform-explicit-resource-management@7.28.6 OK for: @babel/preset-env@7.28.6 want: ^7.28.6
828 silly placeDep ROOT @babel/plugin-transform-exponentiation-operator@7.28.6 OK for: @babel/preset-env@7.28.6 want: ^7.28.6
829 silly placeDep ROOT @babel/plugin-transform-for-of@7.27.1 OK for: @babel/preset-env@7.28.6 want: ^7.27.1
830 silly placeDep ROOT @babel/plugin-transform-function-name@7.27.1 OK for: @babel/preset-env@7.28.6 want: ^7.27.1
831 silly placeDep ROOT @babel/plugin-transform-json-strings@7.28.6 OK for: @babel/preset-env@7.28.6 want: ^7.28.6
832 silly placeDep ROOT @babel/plugin-transform-literals@7.27.1 OK for: @babel/preset-env@7.28.6 want: ^7.27.1
833 silly placeDep ROOT @babel/plugin-transform-logical-assignment-operators@7.28.6 OK for: @babel/preset-env@7.28.6 want: ^7.28.6
834 silly placeDep ROOT @babel/plugin-transform-member-expression-literals@7.27.1 OK for: @babel/preset-env@7.28.6 want: ^7.27.1
835 silly placeDep ROOT @babel/plugin-transform-modules-amd@7.27.1 OK for: @babel/preset-env@7.28.6 want: ^7.27.1
836 silly placeDep ROOT @babel/plugin-transform-modules-commonjs@7.28.6 OK for: @babel/preset-env@7.28.6 want: ^7.28.6
837 silly placeDep ROOT @babel/plugin-transform-modules-systemjs@7.28.5 OK for: @babel/preset-env@7.28.6 want: ^7.28.5
838 silly placeDep ROOT @babel/plugin-transform-modules-umd@7.27.1 OK for: @babel/preset-env@7.28.6 want: ^7.27.1
839 silly placeDep ROOT @babel/plugin-transform-named-capturing-groups-regex@7.27.1 OK for: @babel/preset-env@7.28.6 want: ^7.27.1
840 silly fetch manifest @babel/helper-create-regexp-features-plugin@^7.27.1
841 silly placeDep ROOT @babel/plugin-transform-new-target@7.27.1 OK for: @babel/preset-env@7.28.6 want: ^7.27.1
842 silly placeDep ROOT @babel/plugin-transform-nullish-coalescing-operator@7.28.6 OK for: @babel/preset-env@7.28.6 want: ^7.28.6
843 silly placeDep ROOT @babel/plugin-transform-numeric-separator@7.28.6 OK for: @babel/preset-env@7.28.6 want: ^7.28.6
844 silly placeDep ROOT @babel/plugin-transform-object-super@7.27.1 OK for: @babel/preset-env@7.28.6 want: ^7.27.1
845 silly placeDep ROOT @babel/plugin-transform-optional-catch-binding@7.28.6 OK for: @babel/preset-env@7.28.6 want: ^7.28.6
846 silly placeDep ROOT @babel/plugin-transform-optional-chaining@7.28.6 OK for: @babel/preset-env@7.28.6 want: ^7.28.6
847 silly placeDep ROOT @babel/plugin-transform-private-methods@7.28.6 OK for: @babel/preset-env@7.28.6 want: ^7.28.6
848 silly placeDep ROOT @babel/plugin-transform-private-property-in-object@7.28.6 OK for: @babel/preset-env@7.28.6 want: ^7.28.6
849 silly placeDep ROOT @babel/plugin-transform-property-literals@7.27.1 OK for: @babel/preset-env@7.28.6 want: ^7.27.1
850 silly placeDep ROOT @babel/plugin-transform-regenerator@7.28.6 OK for: @babel/preset-env@7.28.6 want: ^7.28.6
851 silly placeDep ROOT @babel/plugin-transform-regexp-modifiers@7.28.6 OK for: @babel/preset-env@7.28.6 want: ^7.28.6
852 silly placeDep ROOT @babel/plugin-transform-reserved-words@7.27.1 OK for: @babel/preset-env@7.28.6 want: ^7.27.1
853 silly placeDep ROOT @babel/plugin-transform-shorthand-properties@7.27.1 OK for: @babel/preset-env@7.28.6 want: ^7.27.1
854 silly placeDep ROOT @babel/plugin-transform-spread@7.28.6 OK for: @babel/preset-env@7.28.6 want: ^7.28.6
855 silly placeDep ROOT @babel/plugin-transform-sticky-regex@7.27.1 OK for: @babel/preset-env@7.28.6 want: ^7.27.1
856 silly placeDep ROOT @babel/plugin-transform-template-literals@7.27.1 OK for: @babel/preset-env@7.28.6 want: ^7.27.1
857 silly placeDep ROOT @babel/plugin-transform-typeof-symbol@7.27.1 OK for: @babel/preset-env@7.28.6 want: ^7.27.1
858 silly placeDep ROOT @babel/plugin-transform-unicode-escapes@7.27.1 OK for: @babel/preset-env@7.28.6 want: ^7.27.1
859 silly placeDep ROOT @babel/plugin-transform-unicode-property-regex@7.28.6 OK for: @babel/preset-env@7.28.6 want: ^7.28.6
860 silly placeDep ROOT @babel/plugin-transform-unicode-regex@7.27.1 OK for: @babel/preset-env@7.28.6 want: ^7.27.1
861 silly placeDep ROOT @babel/plugin-transform-unicode-sets-regex@7.28.6 OK for: @babel/preset-env@7.28.6 want: ^7.28.6
862 silly placeDep ROOT @babel/preset-modules@0.1.6-no-external-plugins OK for: @babel/preset-env@7.28.6 want: 0.1.6-no-external-plugins
863 silly placeDep ROOT babel-plugin-polyfill-corejs2@0.4.14 OK for: @babel/preset-env@7.28.6 want: ^0.4.14
864 silly fetch manifest @babel/helper-define-polyfill-provider@^0.6.5
865 silly placeDep ROOT babel-plugin-polyfill-corejs3@0.13.0 OK for: @babel/preset-env@7.28.6 want: ^0.13.0
866 silly placeDep ROOT babel-plugin-polyfill-regenerator@0.6.5 OK for: @babel/preset-env@7.28.6 want: ^0.6.5
867 silly placeDep ROOT core-js-compat@3.47.0 OK for: @babel/preset-env@7.28.6 want: ^3.43.0
868 silly placeDep node_modules/@babel/preset-env semver@6.3.1 OK for: @babel/preset-env@7.28.6 want: ^6.3.1
869 http fetch GET 200 https://registry.npmjs.org/@babel%2fhelper-create-regexp-features-plugin 558ms (cache miss)
870 http fetch GET 200 https://registry.npmjs.org/@babel%2fhelper-create-regexp-features-plugin 621ms (cache miss)
871 http fetch GET 200 https://registry.npmjs.org/@babel%2fhelper-define-polyfill-provider 562ms (cache miss)
872 http fetch GET 200 https://registry.npmjs.org/@babel%2fhelper-remap-async-to-generator 1030ms (cache miss)
873 http fetch GET 200 https://registry.npmjs.org/@babel%2fhelper-create-regexp-features-plugin 1331ms (cache miss)
874 timing idealTree:node_modules/@babel/preset-env Completed in 1423ms
875 timing idealTree:node_modules/@babel/plugin-bugfix-firefox-class-in-computed-class-key Completed in 0ms
876 timing idealTree:node_modules/@babel/plugin-bugfix-safari-class-field-initializer-scope Completed in 0ms
877 timing idealTree:node_modules/@babel/plugin-bugfix-safari-id-destructuring-collision-in-function-expression Completed in 0ms
878 timing idealTree:node_modules/@babel/plugin-bugfix-v8-spread-parameters-in-optional-chaining Completed in 0ms
879 timing idealTree:node_modules/@babel/plugin-bugfix-v8-static-class-fields-redefine-readonly Completed in 0ms
880 timing idealTree:node_modules/@babel/plugin-proposal-private-property-in-object Completed in 0ms
881 timing idealTree:node_modules/@babel/plugin-syntax-import-assertions Completed in 0ms
882 timing idealTree:node_modules/@babel/plugin-syntax-import-attributes Completed in 0ms
883 silly placeDep ROOT @babel/helper-create-regexp-features-plugin@7.28.5 OK for: @babel/plugin-syntax-unicode-sets-regex@7.18.6 want: ^7.18.6
884 silly fetch manifest regexpu-core@^6.3.1
885 http fetch GET 200 https://registry.npmjs.org/regexpu-core 1324ms (cache miss)
886 timing idealTree:node_modules/@babel/plugin-syntax-unicode-sets-regex Completed in 1332ms
887 silly placeDep ROOT regexpu-core@6.4.0 OK for: @babel/helper-create-regexp-features-plugin@7.28.5 want: ^6.3.1
888 silly fetch manifest regenerate@^1.4.2
889 silly fetch manifest regenerate-unicode-properties@^10.2.2
890 silly fetch manifest regjsgen@^0.8.0
891 silly fetch manifest regjsparser@^0.13.0
892 silly fetch manifest unicode-match-property-ecmascript@^2.0.0
893 silly fetch manifest unicode-match-property-value-ecmascript@^2.2.1
894 silly placeDep node_modules/@babel/helper-create-regexp-features-plugin semver@6.3.1 OK for: @babel/helper-create-regexp-features-plugin@7.28.5 want: ^6.3.1
895 http fetch GET 200 https://registry.npmjs.org/regenerate 255ms (cache miss)
896 http fetch GET 200 https://registry.npmjs.org/regjsgen 317ms (cache miss)
897 http fetch GET 200 https://registry.npmjs.org/unicode-match-property-ecmascript 317ms (cache miss)
898 http fetch GET 200 https://registry.npmjs.org/regjsparser 321ms (cache miss)
899 http fetch GET 200 https://registry.npmjs.org/unicode-match-property-value-ecmascript 321ms (cache miss)
900 http fetch GET 200 https://registry.npmjs.org/regenerate-unicode-properties 1199ms (cache miss)
901 timing idealTree:node_modules/@babel/helper-create-regexp-features-plugin Completed in 1203ms
902 timing idealTree:node_modules/@babel/plugin-transform-arrow-functions Completed in 0ms
903 silly placeDep ROOT @babel/helper-remap-async-to-generator@7.27.1 OK for: @babel/plugin-transform-async-generator-functions@7.28.6 want: ^7.27.1
904 silly fetch manifest @babel/helper-wrap-function@^7.27.1
905 http fetch GET 200 https://registry.npmjs.org/@babel%2fhelper-wrap-function 567ms (cache miss)
906 timing idealTree:node_modules/@babel/plugin-transform-async-generator-functions Completed in 572ms
907 silly placeDep ROOT @babel/helper-wrap-function@7.28.6 OK for: @babel/helper-remap-async-to-generator@7.27.1 want: ^7.27.1
908 timing idealTree:node_modules/@babel/helper-remap-async-to-generator Completed in 2ms
909 timing idealTree:node_modules/@babel/helper-wrap-function Completed in 0ms
910 timing idealTree:node_modules/@babel/plugin-transform-async-to-generator Completed in 0ms
911 timing idealTree:node_modules/@babel/plugin-transform-block-scoped-functions Completed in 0ms
912 timing idealTree:node_modules/@babel/plugin-transform-block-scoping Completed in 0ms
913 timing idealTree:node_modules/@babel/plugin-transform-class-properties Completed in 0ms
914 timing idealTree:node_modules/@babel/plugin-transform-class-static-block Completed in 0ms
915 silly placeDep ROOT @babel/helper-globals@7.28.0 OK for: @babel/plugin-transform-classes@7.28.6 want: ^7.28.0
916 timing idealTree:node_modules/@babel/plugin-transform-classes Completed in 2ms
917 timing idealTree:node_modules/@babel/helper-globals Completed in 0ms
918 timing idealTree:node_modules/@babel/plugin-transform-computed-properties Completed in 0ms
919 timing idealTree:node_modules/@babel/plugin-transform-dotall-regex Completed in 0ms
920 timing idealTree:node_modules/@babel/plugin-transform-duplicate-keys Completed in 0ms
921 timing idealTree:node_modules/@babel/plugin-transform-duplicate-named-capturing-groups-regex Completed in 0ms
922 timing idealTree:node_modules/@babel/plugin-transform-dynamic-import Completed in 0ms
923 timing idealTree:node_modules/@babel/plugin-transform-explicit-resource-management Completed in 0ms
924 timing idealTree:node_modules/@babel/plugin-transform-exponentiation-operator Completed in 0ms
925 timing idealTree:node_modules/@babel/plugin-transform-for-of Completed in 0ms
926 timing idealTree:node_modules/@babel/plugin-transform-function-name Completed in 0ms
927 timing idealTree:node_modules/@babel/plugin-transform-json-strings Completed in 0ms
928 timing idealTree:node_modules/@babel/plugin-transform-literals Completed in 0ms
929 timing idealTree:node_modules/@babel/plugin-transform-logical-assignment-operators Completed in 0ms
930 timing idealTree:node_modules/@babel/plugin-transform-member-expression-literals Completed in 0ms
931 timing idealTree:node_modules/@babel/plugin-transform-modules-amd Completed in 0ms
932 timing idealTree:node_modules/@babel/plugin-transform-modules-commonjs Completed in 0ms
933 timing idealTree:node_modules/@babel/plugin-transform-modules-systemjs Completed in 0ms
934 timing idealTree:node_modules/@babel/plugin-transform-modules-umd Completed in 0ms
935 timing idealTree:node_modules/@babel/plugin-transform-named-capturing-groups-regex Completed in 0ms
936 timing idealTree:node_modules/@babel/plugin-transform-new-target Completed in 0ms
937 timing idealTree:node_modules/@babel/plugin-transform-nullish-coalescing-operator Completed in 0ms
938 timing idealTree:node_modules/@babel/plugin-transform-numeric-separator Completed in 0ms
939 timing idealTree:node_modules/@babel/plugin-transform-object-super Completed in 0ms
940 timing idealTree:node_modules/@babel/plugin-transform-optional-catch-binding Completed in 0ms
941 timing idealTree:node_modules/@babel/plugin-transform-optional-chaining Completed in 0ms
942 timing idealTree:node_modules/@babel/plugin-transform-private-methods Completed in 0ms
943 timing idealTree:node_modules/@babel/plugin-transform-private-property-in-object Completed in 0ms
944 timing idealTree:node_modules/@babel/plugin-transform-property-literals Completed in 0ms
945 timing idealTree:node_modules/@babel/plugin-transform-regenerator Completed in 0ms
946 timing idealTree:node_modules/@babel/plugin-transform-regexp-modifiers Completed in 0ms
947 timing idealTree:node_modules/@babel/plugin-transform-reserved-words Completed in 0ms
948 timing idealTree:node_modules/@babel/plugin-transform-shorthand-properties Completed in 0ms
949 timing idealTree:node_modules/@babel/plugin-transform-spread Completed in 0ms
950 timing idealTree:node_modules/@babel/plugin-transform-sticky-regex Completed in 0ms
951 timing idealTree:node_modules/@babel/plugin-transform-template-literals Completed in 0ms
952 timing idealTree:node_modules/@babel/plugin-transform-typeof-symbol Completed in 0ms
953 timing idealTree:node_modules/@babel/plugin-transform-unicode-escapes Completed in 0ms
954 timing idealTree:node_modules/@babel/plugin-transform-unicode-property-regex Completed in 0ms
955 timing idealTree:node_modules/@babel/plugin-transform-unicode-regex Completed in 0ms
956 timing idealTree:node_modules/@babel/plugin-transform-unicode-sets-regex Completed in 0ms
957 silly placeDep ROOT esutils@2.0.3 OK for: @babel/preset-modules@0.1.6-no-external-plugins want: ^2.0.2
958 timing idealTree:node_modules/@babel/preset-modules Completed in 1ms
959 silly placeDep ROOT @babel/plugin-transform-react-display-name@7.28.0 OK for: @babel/preset-react@7.28.5 want: ^7.28.0
960 silly placeDep ROOT @babel/plugin-transform-react-jsx@7.28.6 OK for: @babel/preset-react@7.28.5 want: ^7.27.1
961 silly fetch manifest @babel/plugin-syntax-jsx@^7.28.6
962 silly placeDep ROOT @babel/plugin-transform-react-jsx-development@7.27.1 OK for: @babel/preset-react@7.28.5 want: ^7.27.1
963 silly placeDep ROOT @babel/plugin-transform-react-pure-annotations@7.27.1 OK for: @babel/preset-react@7.28.5 want: ^7.27.1
964 http fetch GET 200 https://registry.npmjs.org/@babel%2fplugin-syntax-jsx 1205ms (cache miss)
965 timing idealTree:node_modules/@babel/preset-react Completed in 1213ms
966 timing idealTree:node_modules/@babel/plugin-transform-react-display-name Completed in 0ms
967 silly placeDep ROOT @babel/plugin-syntax-jsx@7.28.6 OK for: @babel/plugin-transform-react-jsx@7.28.6 want: ^7.28.6
968 timing idealTree:node_modules/@babel/plugin-transform-react-jsx Completed in 4ms
969 timing idealTree:node_modules/@babel/plugin-syntax-jsx Completed in 0ms
970 timing idealTree:node_modules/@babel/plugin-transform-react-jsx-development Completed in 0ms
971 timing idealTree:node_modules/@babel/plugin-transform-react-pure-annotations Completed in 0ms
972 timing idealTree:node_modules/@babel/template Completed in 0ms
973 timing idealTree:node_modules/@babel/traverse Completed in 0ms
974 silly placeDep ROOT @babel/helper-string-parser@7.27.1 OK for: @babel/types@7.28.6 want: ^7.27.1
975 timing idealTree:node_modules/@babel/types Completed in 3ms
976 timing idealTree:node_modules/@babel/helper-string-parser Completed in 0ms
977 silly placeDep ROOT @jridgewell/sourcemap-codec@1.5.5 OK for: @jridgewell/gen-mapping@0.3.13 want: ^1.5.0
978 timing idealTree:node_modules/@jridgewell/gen-mapping Completed in 2ms
979 timing idealTree:node_modules/@jridgewell/remapping Completed in 0ms
980 timing idealTree:node_modules/@jridgewell/sourcemap-codec Completed in 0ms
981 silly placeDep ROOT @jridgewell/resolve-uri@3.1.2 OK for: @jridgewell/trace-mapping@0.3.31 want: ^3.1.0
982 timing idealTree:node_modules/@jridgewell/trace-mapping Completed in 1ms
983 timing idealTree:node_modules/@jridgewell/resolve-uri Completed in 0ms
984 silly fetch manifest @babel/core@^7.20.0
985 silly placeDep ROOT @babel/plugin-proposal-async-generator-functions@7.20.7 OK for: @react-native/babel-preset@0.73.21 want: ^7.0.0
986 silly fetch manifest @babel/helper-environment-visitor@^7.18.9
987 silly fetch manifest @babel/plugin-syntax-async-generators@^7.8.4
988 silly placeDep ROOT @babel/plugin-proposal-class-properties@7.18.6 OK for: @react-native/babel-preset@0.73.21 want: ^7.18.0
989 silly placeDep ROOT @babel/plugin-proposal-export-default-from@7.27.1 OK for: @react-native/babel-preset@0.73.21 want: ^7.0.0
990 silly placeDep ROOT @babel/plugin-proposal-nullish-coalescing-operator@7.18.6 OK for: @react-native/babel-preset@0.73.21 want: ^7.18.0
991 silly fetch manifest @babel/plugin-syntax-nullish-coalescing-operator@^7.8.3
992 silly placeDep ROOT @babel/plugin-proposal-numeric-separator@7.18.6 OK for: @react-native/babel-preset@0.73.21 want: ^7.0.0
993 silly fetch manifest @babel/plugin-syntax-numeric-separator@^7.10.4
994 silly placeDep ROOT @babel/plugin-proposal-object-rest-spread@7.20.7 OK for: @react-native/babel-preset@0.73.21 want: ^7.20.0
995 silly fetch manifest @babel/plugin-syntax-object-rest-spread@^7.8.3
996 silly placeDep ROOT @babel/plugin-proposal-optional-catch-binding@7.18.6 OK for: @react-native/babel-preset@0.73.21 want: ^7.0.0
997 silly fetch manifest @babel/plugin-syntax-optional-catch-binding@^7.8.3
998 silly placeDep ROOT @babel/plugin-proposal-optional-chaining@7.21.0 OK for: @react-native/babel-preset@0.73.21 want: ^7.20.0
999 silly fetch manifest @babel/plugin-syntax-optional-chaining@^7.8.3
1000 silly placeDep ROOT @babel/plugin-syntax-dynamic-import@7.8.3 OK for: @react-native/babel-preset@0.73.21 want: ^7.8.0
1001 silly placeDep ROOT @babel/plugin-syntax-export-default-from@7.28.6 OK for: @react-native/babel-preset@0.73.21 want: ^7.0.0
1002 silly placeDep ROOT @babel/plugin-syntax-flow@7.28.6 OK for: @react-native/babel-preset@0.73.21 want: ^7.18.0
1003 silly placeDep ROOT @babel/plugin-syntax-nullish-coalescing-operator@7.8.3 OK for: @react-native/babel-preset@0.73.21 want: ^7.0.0
1004 silly placeDep ROOT @babel/plugin-syntax-optional-chaining@7.8.3 OK for: @react-native/babel-preset@0.73.21 want: ^7.0.0
1005 silly placeDep ROOT @babel/plugin-transform-flow-strip-types@7.27.1 OK for: @react-native/babel-preset@0.73.21 want: ^7.20.0
1006 silly placeDep ROOT @babel/plugin-transform-react-jsx-self@7.27.1 OK for: @react-native/babel-preset@0.73.21 want: ^7.0.0
1007 silly placeDep ROOT @babel/plugin-transform-react-jsx-source@7.27.1 OK for: @react-native/babel-preset@0.73.21 want: ^7.0.0
1008 silly placeDep ROOT @babel/plugin-transform-runtime@7.28.5 OK for: @react-native/babel-preset@0.73.21 want: ^7.0.0
1009 silly placeDep ROOT @babel/plugin-transform-typescript@7.28.6 OK for: @react-native/babel-preset@0.73.21 want: ^7.5.0
1010 silly fetch manifest @babel/plugin-syntax-typescript@^7.28.6
1011 silly placeDep ROOT @react-native/babel-plugin-codegen@0.73.4 OK for: @react-native/babel-preset@0.73.21 want: 0.73.4
1012 silly fetch manifest @react-native/codegen@0.73.3
1013 silly placeDep ROOT babel-plugin-transform-flow-enums@0.0.2 OK for: @react-native/babel-preset@0.73.21 want: ^0.0.2
1014 http fetch GET 200 https://registry.npmjs.org/@babel%2fhelper-environment-visitor 557ms (cache miss)
1015 http fetch GET 200 https://registry.npmjs.org/@babel%2fplugin-syntax-optional-catch-binding 558ms (cache miss)
1016 http fetch GET 200 https://registry.npmjs.org/@babel%2fplugin-syntax-object-rest-spread 563ms (cache miss)
1017 http fetch GET 200 https://registry.npmjs.org/@babel%2fplugin-syntax-typescript 652ms (cache miss)
1018 http fetch GET 200 https://registry.npmjs.org/@babel%2fplugin-syntax-numeric-separator 985ms (cache miss)
1019 http fetch GET 200 https://registry.npmjs.org/@babel%2fplugin-syntax-async-generators 995ms (cache miss)
1020 timing idealTree:node_modules/@react-native/babel-preset Completed in 1021ms
1021 silly placeDep ROOT @babel/helper-environment-visitor@7.24.7 OK for: @babel/plugin-proposal-async-generator-functions@7.20.7 want: ^7.18.9
1022 silly placeDep ROOT @babel/plugin-syntax-async-generators@7.8.4 OK for: @babel/plugin-proposal-async-generator-functions@7.20.7 want: ^7.8.4
1023 timing idealTree:node_modules/@babel/plugin-proposal-async-generator-functions Completed in 4ms
1024 timing idealTree:node_modules/@babel/helper-environment-visitor Completed in 0ms
1025 timing idealTree:node_modules/@babel/plugin-proposal-class-properties Completed in 0ms
1026 timing idealTree:node_modules/@babel/plugin-proposal-export-default-from Completed in 0ms
1027 timing idealTree:node_modules/@babel/plugin-proposal-nullish-coalescing-operator Completed in 0ms
1028 silly placeDep ROOT @babel/plugin-syntax-numeric-separator@7.10.4 OK for: @babel/plugin-proposal-numeric-separator@7.18.6 want: ^7.10.4
1029 timing idealTree:node_modules/@babel/plugin-proposal-numeric-separator Completed in 3ms
1030 silly placeDep ROOT @babel/plugin-syntax-object-rest-spread@7.8.3 OK for: @babel/plugin-proposal-object-rest-spread@7.20.7 want: ^7.8.3
1031 timing idealTree:node_modules/@babel/plugin-proposal-object-rest-spread Completed in 3ms
1032 silly placeDep ROOT @babel/plugin-syntax-optional-catch-binding@7.8.3 OK for: @babel/plugin-proposal-optional-catch-binding@7.18.6 want: ^7.8.3
1033 timing idealTree:node_modules/@babel/plugin-proposal-optional-catch-binding Completed in 2ms
1034 timing idealTree:node_modules/@babel/plugin-proposal-optional-chaining Completed in 0ms
1035 timing idealTree:node_modules/@babel/plugin-syntax-async-generators Completed in 0ms
1036 timing idealTree:node_modules/@babel/plugin-syntax-dynamic-import Completed in 0ms
1037 timing idealTree:node_modules/@babel/plugin-syntax-export-default-from Completed in 0ms
1038 timing idealTree:node_modules/@babel/plugin-syntax-flow Completed in 0ms
1039 timing idealTree:node_modules/@babel/plugin-syntax-nullish-coalescing-operator Completed in 0ms
1040 timing idealTree:node_modules/@babel/plugin-syntax-numeric-separator Completed in 0ms
1041 timing idealTree:node_modules/@babel/plugin-syntax-object-rest-spread Completed in 0ms
1042 timing idealTree:node_modules/@babel/plugin-syntax-optional-catch-binding Completed in 0ms
1043 timing idealTree:node_modules/@babel/plugin-syntax-optional-chaining Completed in 0ms
1044 timing idealTree:node_modules/@babel/plugin-transform-flow-strip-types Completed in 0ms
1045 timing idealTree:node_modules/@babel/plugin-transform-react-jsx-self Completed in 0ms
1046 timing idealTree:node_modules/@babel/plugin-transform-react-jsx-source Completed in 0ms
1047 silly placeDep node_modules/@babel/plugin-transform-runtime semver@6.3.1 OK for: @babel/plugin-transform-runtime@7.28.5 want: ^6.3.1
1048 timing idealTree:node_modules/@babel/plugin-transform-runtime Completed in 1ms
1049 silly placeDep ROOT @babel/plugin-syntax-typescript@7.28.6 OK for: @babel/plugin-transform-typescript@7.28.6 want: ^7.28.6
1050 timing idealTree:node_modules/@babel/plugin-transform-typescript Completed in 3ms
1051 timing idealTree:node_modules/@babel/plugin-syntax-typescript Completed in 0ms
1052 silly fetch manifest @babel/preset-env@^7.1.6
1053 silly placeDep ROOT @react-native/codegen@0.73.3 OK for: @react-native/babel-plugin-codegen@0.73.4 want: 0.73.3
1054 silly fetch manifest glob@^7.1.1
1055 silly fetch manifest flow-parser@^0.206.0
1056 silly fetch manifest jscodeshift@^0.14.0
1057 http fetch GET 200 https://registry.npmjs.org/flow-parser 393ms (cache miss)
1058 http fetch GET 200 https://registry.npmjs.org/jscodeshift 402ms (cache miss)
1059 http fetch GET 200 https://registry.npmjs.org/glob 477ms (cache miss)
1060 timing idealTree:node_modules/@react-native/babel-plugin-codegen Completed in 486ms
1061 silly placeDep ROOT flow-parser@0.206.0 OK for: @react-native/codegen@0.73.3 want: ^0.206.0
1062 silly placeDep ROOT glob@7.2.3 OK for: @react-native/codegen@0.73.3 want: ^7.1.1
1063 silly fetch manifest once@^1.3.0
1064 silly fetch manifest inflight@^1.0.4
1065 silly fetch manifest inherits@2
1066 silly fetch manifest minimatch@^3.1.1
1067 silly fetch manifest fs.realpath@^1.0.0
1068 silly fetch manifest path-is-absolute@^1.0.0
1069 silly placeDep ROOT invariant@2.2.4 OK for: @react-native/codegen@0.73.3 want: ^2.2.4
1070 silly fetch manifest loose-envify@^1.0.0
1071 silly placeDep ROOT jscodeshift@0.14.0 OK for: @react-native/codegen@0.73.3 want: ^0.14.0
1072 silly fetch manifest temp@^0.8.4
1073 silly fetch manifest chalk@^4.1.2
1074 silly fetch manifest recast@^0.21.0
1075 silly fetch manifest node-dir@^0.1.17
1076 silly fetch manifest neo-async@^2.5.0
1077 silly fetch manifest babel-core@^7.0.0-bridge.0
1078 silly fetch manifest micromatch@^4.0.4
1079 silly fetch manifest graceful-fs@^4.2.4
1080 silly fetch manifest @babel/register@^7.13.16
1081 silly fetch manifest write-file-atomic@^2.3.0
1082 silly fetch manifest @babel/preset-flow@^7.13.13
1083 silly fetch manifest @babel/preset-typescript@^7.13.0
1084 silly placeDep ROOT mkdirp@0.5.6 OK for: @react-native/codegen@0.73.3 want: ^0.5.1
1085 silly fetch manifest minimist@^1.2.6
1086 silly placeDep ROOT nullthrows@1.1.1 OK for: @react-native/codegen@0.73.3 want: ^1.1.1
1087 http fetch GET 200 https://registry.npmjs.org/once 334ms (cache miss)
1088 http fetch GET 200 https://registry.npmjs.org/inherits 372ms (cache miss)
1089 http fetch GET 200 https://registry.npmjs.org/node-dir 423ms (cache miss)
1090 http fetch GET 200 https://registry.npmjs.org/micromatch 435ms (cache miss)
1091 http fetch GET 200 https://registry.npmjs.org/recast 456ms (cache miss)
1092 http fetch GET 200 https://registry.npmjs.org/temp 461ms (cache miss)
1093 http fetch GET 200 https://registry.npmjs.org/graceful-fs 456ms (cache miss)
1094 http fetch GET 200 https://registry.npmjs.org/babel-core 622ms (cache miss)
1095 http fetch GET 200 https://registry.npmjs.org/@babel%2fregister 648ms (cache miss)
1096 http fetch GET 200 https://registry.npmjs.org/inflight 834ms (cache miss)
1097 http fetch GET 200 https://registry.npmjs.org/minimist 814ms (cache miss)
1098 http fetch GET 200 https://registry.npmjs.org/fs.realpath 836ms (cache miss)
1099 http fetch GET 200 https://registry.npmjs.org/path-is-absolute 836ms (cache miss)
1100 http fetch GET 200 https://registry.npmjs.org/neo-async 845ms (cache miss)
1101 http fetch GET 200 https://registry.npmjs.org/@babel%2fpreset-typescript 841ms (cache miss)
1102 http fetch GET 200 https://registry.npmjs.org/write-file-atomic 860ms (cache miss)
1103 http fetch GET 200 https://registry.npmjs.org/@babel%2fpreset-flow 1160ms (cache miss)
1104 timing idealTree:node_modules/@react-native/codegen Completed in 1201ms
1105 silly fetch manifest @babel/core@^7.4.0 || ^8.0.0-0 <8.0.0
1106 silly placeDep ROOT @babel/helper-define-polyfill-provider@0.6.5 OK for: babel-plugin-polyfill-corejs2@0.4.14 want: ^0.6.5
1107 silly fetch manifest lodash.debounce@^4.0.8
1108 silly fetch manifest resolve@^1.22.10
1109 silly placeDep node_modules/babel-plugin-polyfill-corejs2 semver@6.3.1 OK for: babel-plugin-polyfill-corejs2@0.4.14 want: ^6.3.1
1110 http fetch GET 200 https://registry.npmjs.org/resolve 315ms (cache miss)
1111 http fetch GET 200 https://registry.npmjs.org/lodash.debounce 318ms (cache miss)
1112 timing idealTree:node_modules/babel-plugin-polyfill-corejs2 Completed in 323ms
1113 silly placeDep ROOT lodash.debounce@4.0.8 OK for: @babel/helper-define-polyfill-provider@0.6.5 want: ^4.0.8
1114 silly placeDep ROOT resolve@1.22.11 OK for: @babel/helper-define-polyfill-provider@0.6.5 want: ^1.22.10
1115 silly fetch manifest is-core-module@^2.16.1
1116 silly fetch manifest path-parse@^1.0.7
1117 silly fetch manifest supports-preserve-symlinks-flag@^1.0.0
1118 http fetch GET 200 https://registry.npmjs.org/supports-preserve-symlinks-flag 326ms (cache miss)
1119 http fetch GET 200 https://registry.npmjs.org/path-parse 329ms (cache miss)
1120 http fetch GET 200 https://registry.npmjs.org/is-core-module 802ms (cache miss)
1121 timing idealTree:node_modules/@babel/helper-define-polyfill-provider Completed in 806ms
1122 timing idealTree:node_modules/babel-plugin-polyfill-corejs3 Completed in 0ms
1123 timing idealTree:node_modules/babel-plugin-polyfill-regenerator Completed in 0ms
1124 timing idealTree:node_modules/babel-plugin-react-native-web Completed in 0ms
1125 timing idealTree:node_modules/babel-plugin-transform-flow-enums Completed in 0ms
1126 silly fetch manifest browserslist@>= 4.21.0
1127 silly placeDep ROOT baseline-browser-mapping@2.9.16 OK for: browserslist@4.28.1 want: ^2.9.0
1128 silly placeDep ROOT caniuse-lite@1.0.30001765 OK for: browserslist@4.28.1 want: ^1.0.30001759
1129 silly placeDep ROOT electron-to-chromium@1.5.267 OK for: browserslist@4.28.1 want: ^1.5.263
1130 silly placeDep ROOT node-releases@2.0.27 OK for: browserslist@4.28.1 want: ^2.0.27
1131 silly placeDep ROOT update-browserslist-db@1.2.3 OK for: browserslist@4.28.1 want: ^1.2.0
1132 silly fetch manifest escalade@^3.2.0
1133 http fetch GET 200 https://registry.npmjs.org/escalade 712ms (cache miss)
1134 timing idealTree:node_modules/browserslist Completed in 722ms
1135 timing idealTree:node_modules/baseline-browser-mapping Completed in 0ms
1136 timing idealTree:node_modules/caniuse-lite Completed in 0ms
1137 timing idealTree:node_modules/convert-source-map Completed in 0ms
1138 timing idealTree:node_modules/core-js-compat Completed in 1ms
1139 timing idealTree:node_modules/csstype Completed in 0ms
1140 silly placeDep ROOT ms@2.1.3 OK for: debug@4.4.3 want: ^2.1.3
1141 timing idealTree:node_modules/debug Completed in 1ms
1142 timing idealTree:node_modules/electron-to-chromium Completed in 0ms
1143 timing idealTree:node_modules/escape-string-regexp Completed in 0ms
1144 silly placeDep ROOT @eslint/eslintrc@2.1.4 OK for: eslint@8.57.1 want: ^2.1.4
1145 silly fetch manifest espree@^9.6.0
1146 silly fetch manifest import-fresh@^3.2.1
1147 silly fetch manifest strip-json-comments@^3.1.1
1148 silly placeDep ROOT @eslint/js@8.57.1 OK for: eslint@8.57.1 want: 8.57.1
1149 silly placeDep ROOT @humanwhocodes/config-array@0.13.0 OK for: eslint@8.57.1 want: ^0.13.0
1150 silly fetch manifest minimatch@^3.0.5
1151 silly fetch manifest @humanwhocodes/object-schema@^2.0.3
1152 silly placeDep ROOT @humanwhocodes/module-importer@1.0.1 OK for: eslint@8.57.1 want: ^1.0.1
1153 silly placeDep ROOT @nodelib/fs.walk@1.2.8 OK for: eslint@8.57.1 want: ^1.2.8
1154 silly fetch manifest fastq@^1.6.0
1155 silly fetch manifest @nodelib/fs.scandir@2.1.5
1156 silly placeDep ROOT @ungap/structured-clone@1.3.0 OK for: eslint@8.57.1 want: ^1.2.0
1157 silly placeDep ROOT ajv@6.12.6 OK for: eslint@8.57.1 want: ^6.12.4
1158 silly fetch manifest uri-js@^4.2.2
1159 silly fetch manifest json-schema-traverse@^0.4.1
1160 silly fetch manifest fast-json-stable-stringify@^2.0.0
1161 silly placeDep ROOT chalk@4.1.2 OK for: eslint@8.57.1 want: ^4.0.0
1162 silly fetch manifest ansi-styles@^4.1.0
1163 silly fetch manifest supports-color@^7.1.0
1164 silly placeDep ROOT cross-spawn@7.0.6 OK for: eslint@8.57.1 want: ^7.0.2
1165 silly fetch manifest which@^2.0.1
1166 silly fetch manifest path-key@^3.1.0
1167 silly fetch manifest shebang-command@^2.0.0
1168 silly placeDep ROOT doctrine@3.0.0 OK for: eslint@8.57.1 want: ^3.0.0
1169 silly placeDep ROOT eslint-scope@7.2.2 OK for: eslint@8.57.1 want: ^7.2.2
1170 silly fetch manifest esrecurse@^4.3.0
1171 silly fetch manifest estraverse@^5.2.0
1172 silly placeDep ROOT espree@9.6.1 OK for: eslint@8.57.1 want: ^9.6.1
1173 silly fetch manifest acorn@^8.9.0
1174 silly fetch manifest acorn-jsx@^5.3.2
1175 silly placeDep ROOT esquery@1.7.0 OK for: eslint@8.57.1 want: ^1.4.2
1176 silly fetch manifest estraverse@^5.1.0
1177 silly placeDep ROOT file-entry-cache@6.0.1 OK for: eslint@8.57.1 want: ^6.0.1
1178 silly fetch manifest flat-cache@^3.0.4
1179 silly placeDep ROOT find-up@5.0.0 OK for: eslint@8.57.1 want: ^5.0.0
1180 silly fetch manifest locate-path@^6.0.0
1181 silly fetch manifest path-exists@^4.0.0
1182 silly placeDep ROOT glob-parent@6.0.2 OK for: eslint@8.57.1 want: ^6.0.2
1183 silly placeDep ROOT globals@13.24.0 OK for: eslint@8.57.1 want: ^13.19.0
1184 silly fetch manifest type-fest@^0.20.2
1185 silly placeDep ROOT imurmurhash@0.1.4 OK for: eslint@8.57.1 want: ^0.1.4
1186 silly placeDep ROOT is-path-inside@3.0.3 OK for: eslint@8.57.1 want: ^3.0.3
1187 silly placeDep ROOT js-yaml@4.1.1 OK for: eslint@8.57.1 want: ^4.1.0
1188 silly fetch manifest argparse@^2.0.1
1189 silly placeDep ROOT json-stable-stringify-without-jsonify@1.0.1 OK for: eslint@8.57.1 want: ^1.0.1
1190 silly placeDep ROOT levn@0.4.1 OK for: eslint@8.57.1 want: ^0.4.1
1191 silly fetch manifest prelude-ls@^1.2.1
1192 silly fetch manifest type-check@~0.4.0
1193 silly placeDep ROOT lodash.merge@4.6.2 OK for: eslint@8.57.1 want: ^4.6.2
1194 silly placeDep node_modules/eslint minimatch@3.1.2 OK for: eslint@8.57.1 want: ^3.1.2
1195 silly fetch manifest brace-expansion@^1.1.7
1196 silly placeDep ROOT optionator@0.9.4 OK for: eslint@8.57.1 want: ^0.9.3
1197 silly fetch manifest deep-is@^0.1.3
1198 silly fetch manifest word-wrap@^1.2.5
1199 silly fetch manifest type-check@^0.4.0
1200 silly fetch manifest fast-levenshtein@^2.0.6
1201 silly placeDep ROOT strip-ansi@6.0.1 OK for: eslint@8.57.1 want: ^6.0.1
1202 silly fetch manifest ansi-regex@^5.0.1
1203 silly placeDep ROOT text-table@0.2.0 OK for: eslint@8.57.1 want: ^0.2.0
1204 http fetch GET 200 https://registry.npmjs.org/import-fresh 549ms (cache miss)
1205 http fetch GET 200 https://registry.npmjs.org/json-schema-traverse 516ms (cache miss)
1206 http fetch GET 200 https://registry.npmjs.org/strip-json-comments 550ms (cache miss)
1207 http fetch GET 200 https://registry.npmjs.org/shebang-command 530ms (cache miss)
1208 http fetch GET 200 https://registry.npmjs.org/supports-color 535ms (cache miss)
1209 http fetch GET 200 https://registry.npmjs.org/which 535ms (cache miss)
1210 http fetch GET 200 https://registry.npmjs.org/uri-js 550ms (cache miss)
1211 http fetch GET 200 https://registry.npmjs.org/fastq 596ms (cache miss)
1212 http fetch GET 200 https://registry.npmjs.org/ansi-styles 583ms (cache miss)
1213 http fetch GET 200 https://registry.npmjs.org/esrecurse 576ms (cache miss)
1214 http fetch GET 200 https://registry.npmjs.org/fast-json-stable-stringify 586ms (cache miss)
1215 http fetch GET 200 https://registry.npmjs.org/estraverse 579ms (cache miss)
1216 http fetch GET 200 https://registry.npmjs.org/estraverse 671ms (cache miss)
1217 http fetch GET 200 https://registry.npmjs.org/flat-cache 848ms (cache miss)
1218 http fetch GET 200 https://registry.npmjs.org/acorn-jsx 854ms (cache miss)
1219 http fetch GET 200 https://registry.npmjs.org/argparse 851ms (cache miss)
1220 http fetch GET 200 https://registry.npmjs.org/type-check 831ms (cache miss)
1221 http fetch GET 200 https://registry.npmjs.org/path-exists 867ms (cache miss)
1222 http fetch GET 200 https://registry.npmjs.org/word-wrap 836ms (cache miss)
1223 http fetch GET 200 https://registry.npmjs.org/prelude-ls 855ms (cache miss)
1224 http fetch GET 200 https://registry.npmjs.org/type-check 857ms (cache miss)
1225 http fetch GET 200 https://registry.npmjs.org/type-fest 866ms (cache miss)
1226 http fetch GET 200 https://registry.npmjs.org/locate-path 890ms (cache miss)
1227 http fetch GET 200 https://registry.npmjs.org/acorn 898ms (cache miss)
1228 http fetch GET 200 https://registry.npmjs.org/path-key 909ms (cache miss)
1229 http fetch GET 200 https://registry.npmjs.org/@humanwhocodes%2fobject-schema 1229ms (cache miss)
1230 http fetch GET 200 https://registry.npmjs.org/@nodelib%2ffs.scandir 1338ms (cache miss)
1231 http fetch GET 200 https://registry.npmjs.org/deep-is 1278ms (cache miss)
1232 http fetch GET 200 https://registry.npmjs.org/fast-levenshtein 1545ms (cache miss)
1233 timing idealTree:node_modules/eslint Completed in 1648ms
1234 silly placeDep ROOT import-fresh@3.3.1 OK for: @eslint/eslintrc@2.1.4 want: ^3.2.1
1235 silly fetch manifest parent-module@^1.0.0
1236 silly fetch manifest resolve-from@^4.0.0
1237 silly placeDep node_modules/@eslint/eslintrc minimatch@3.1.2 OK for: @eslint/eslintrc@2.1.4 want: ^3.1.2
1238 silly placeDep ROOT strip-json-comments@3.1.1 OK for: @eslint/eslintrc@2.1.4 want: ^3.1.1
1239 http fetch GET 200 https://registry.npmjs.org/resolve-from 276ms (cache miss)
1240 http fetch GET 200 https://registry.npmjs.org/parent-module 4170ms (cache miss)
1241 timing idealTree:node_modules/@eslint/eslintrc Completed in 4174ms
1242 timing idealTree:node_modules/@eslint/js Completed in 0ms
1243 silly placeDep ROOT @humanwhocodes/object-schema@2.0.3 OK for: @humanwhocodes/config-array@0.13.0 want: ^2.0.3
1244 silly placeDep node_modules/@humanwhocodes/config-array minimatch@3.1.2 OK for: @humanwhocodes/config-array@0.13.0 want: ^3.0.5
1245 timing idealTree:node_modules/@humanwhocodes/config-array Completed in 4ms
1246 timing idealTree:node_modules/@humanwhocodes/module-importer Completed in 0ms
1247 timing idealTree:node_modules/@humanwhocodes/object-schema Completed in 0ms
1248 silly placeDep ROOT @nodelib/fs.scandir@2.1.5 OK for: @nodelib/fs.walk@1.2.8 want: 2.1.5
1249 silly fetch manifest run-parallel@^1.1.9
1250 silly fetch manifest @nodelib/fs.stat@2.0.5
1251 silly placeDep ROOT fastq@1.20.1 OK for: @nodelib/fs.walk@1.2.8 want: ^1.6.0
1252 silly fetch manifest reusify@^1.0.4
1253 http fetch GET 200 https://registry.npmjs.org/run-parallel 268ms (cache miss)
1254 http fetch GET 200 https://registry.npmjs.org/@nodelib%2ffs.stat 581ms (cache miss)
1255 http fetch GET 200 https://registry.npmjs.org/reusify 583ms (cache miss)
1256 timing idealTree:node_modules/@nodelib/fs.walk Completed in 587ms
1257 silly placeDep ROOT @nodelib/fs.stat@2.0.5 OK for: @nodelib/fs.scandir@2.1.5 want: 2.0.5
1258 silly placeDep ROOT run-parallel@1.2.0 OK for: @nodelib/fs.scandir@2.1.5 want: ^1.1.9
1259 silly fetch manifest queue-microtask@^1.2.2
1260 http fetch GET 200 https://registry.npmjs.org/queue-microtask 266ms (cache miss)
1261 timing idealTree:node_modules/@nodelib/fs.scandir Completed in 273ms
1262 timing idealTree:node_modules/@nodelib/fs.stat Completed in 0ms
1263 timing idealTree:node_modules/@ungap/structured-clone Completed in 0ms
1264 silly placeDep ROOT fast-json-stable-stringify@2.1.0 OK for: ajv@6.12.6 want: ^2.0.0
1265 silly placeDep ROOT json-schema-traverse@0.4.1 OK for: ajv@6.12.6 want: ^0.4.1
1266 silly placeDep ROOT uri-js@4.4.1 OK for: ajv@6.12.6 want: ^4.2.2
1267 silly fetch manifest punycode@^2.1.0
1268 http fetch GET 200 https://registry.npmjs.org/punycode 413ms (cache miss)
1269 timing idealTree:node_modules/ajv Completed in 422ms
1270 silly placeDep ROOT ansi-styles@4.3.0 OK for: chalk@4.1.2 want: ^4.1.0
1271 silly fetch manifest color-convert@^2.0.1
1272 silly placeDep ROOT supports-color@7.2.0 OK for: chalk@4.1.2 want: ^7.1.0
1273 silly fetch manifest has-flag@^4.0.0
1274 http fetch GET 200 https://registry.npmjs.org/has-flag 371ms (cache miss)
1275 http fetch GET 200 https://registry.npmjs.org/color-convert 423ms (cache miss)
1276 timing idealTree:node_modules/chalk Completed in 426ms
1277 silly placeDep ROOT color-convert@2.0.1 OK for: ansi-styles@4.3.0 want: ^2.0.1
1278 silly fetch manifest color-name@~1.1.4
1279 http fetch GET 200 https://registry.npmjs.org/color-name 399ms (cache miss)
1280 timing idealTree:node_modules/ansi-styles Completed in 402ms
1281 silly placeDep ROOT color-name@1.1.4 OK for: color-convert@2.0.1 want: ~1.1.4
1282 timing idealTree:node_modules/color-convert Completed in 1ms
1283 timing idealTree:node_modules/color-name Completed in 0ms
1284 silly placeDep ROOT path-key@3.1.1 OK for: cross-spawn@7.0.6 want: ^3.1.0
1285 silly placeDep ROOT shebang-command@2.0.0 OK for: cross-spawn@7.0.6 want: ^2.0.0
1286 silly fetch manifest shebang-regex@^3.0.0
1287 silly placeDep ROOT which@2.0.2 OK for: cross-spawn@7.0.6 want: ^2.0.1
1288 silly fetch manifest isexe@^2.0.0
1289 http fetch GET 200 https://registry.npmjs.org/isexe 285ms (cache miss)
1290 http fetch GET 200 https://registry.npmjs.org/shebang-regex 370ms (cache miss)
1291 timing idealTree:node_modules/cross-spawn Completed in 373ms
1292 timing idealTree:node_modules/doctrine Completed in 0ms
1293 silly placeDep ROOT esrecurse@4.3.0 OK for: eslint-scope@7.2.2 want: ^4.3.0
1294 silly placeDep ROOT estraverse@5.3.0 OK for: eslint-scope@7.2.2 want: ^5.2.0
1295 timing idealTree:node_modules/eslint-scope Completed in 3ms
1296 timing idealTree:node_modules/eslint-visitor-keys Completed in 0ms
1297 silly placeDep ROOT acorn@8.15.0 OK for: espree@9.6.1 want: ^8.9.0
1298 silly placeDep ROOT acorn-jsx@5.3.2 OK for: espree@9.6.1 want: ^5.3.2
1299 timing idealTree:node_modules/espree Completed in 3ms
1300 timing idealTree:node_modules/acorn Completed in 0ms
1301 timing idealTree:node_modules/acorn-jsx Completed in 0ms
1302 timing idealTree:node_modules/esquery Completed in 0ms
1303 timing idealTree:node_modules/esrecurse Completed in 0ms
1304 timing idealTree:node_modules/estraverse Completed in 0ms
1305 timing idealTree:node_modules/esutils Completed in 0ms
1306 silly fetch manifest expo@*
1307 silly fetch manifest @expo/dom-webview@*
1308 http fetch GET 200 https://registry.npmjs.org/@expo%2fdom-webview 1219ms (cache miss)
1309 silly fetch manifest @expo/metro-runtime@*
1310 http fetch GET 200 https://registry.npmjs.org/@expo%2fmetro-runtime 621ms (cache miss)
1311 silly fetch manifest react-dom@*
1312 http fetch GET 200 https://registry.npmjs.org/react-dom 656ms (cache miss)
1313 silly fetch manifest react-native-webview@*
1314 http fetch GET 200 https://registry.npmjs.org/react-native-webview 324ms (cache miss)
1315 silly placeDep ROOT @babel/runtime@7.28.6 OK for: expo@51.0.39 want: ^7.20.0
1316 silly placeDep ROOT @expo/cli@0.18.31 OK for: expo@51.0.39 want: 0.18.31
1317 silly fetch manifest ws@^8.12.1
1318 silly fetch manifest arg@5.0.2
1319 silly fetch manifest ora@3.4.0
1320 silly fetch manifest tar@^6.0.5
1321 silly fetch manifest open@^8.3.0
1322 silly fetch manifest send@^0.18.0
1323 silly fetch manifest tempy@^0.7.1
1324 silly fetch manifest getenv@^1.0.0
1325 silly fetch manifest is-wsl@^2.1.1
1326 silly fetch manifest md5hex@^1.0.0
1327 silly fetch manifest accepts@^1.3.8
1328 silly fetch manifest cacache@^18.0.2
1329 silly fetch manifest ci-info@^3.3.0
1330 silly fetch manifest connect@^3.7.0
1331 silly fetch manifest graphql@15.8.0
1332 silly fetch manifest js-yaml@^3.13.1
1333 silly fetch manifest prompts@^2.3.2
1334 silly fetch manifest slugify@^1.3.4
1335 silly fetch manifest fs-extra@~8.1.0
1336 silly fetch manifest progress@2.0.3
1337 silly fetch manifest requireg@^0.2.2
1338 silly fetch manifest temp-dir@^2.0.0
1339 silly fetch manifest url-join@4.0.0
1340 silly fetch manifest @expo/env@~0.3.0
1341 silly fetch manifest fast-glob@^3.3.2
1342 silly fetch manifest form-data@^3.0.1
1343 silly fetch manifest is-docker@^2.0.0
1344 silly fetch manifest minimatch@^3.0.4
1345 silly fetch manifest picomatch@^3.0.1
1346 silly fetch manifest wrap-ansi@^7.0.0
1347 silly fetch manifest @urql/core@2.3.6
1348 silly fetch manifest better-opn@~3.0.2
1349 silly fetch manifest env-editor@^0.4.1
1350 silly fetch manifest node-fetch@^2.6.7
1351 silly fetch manifest node-forge@^1.3.1
1352 silly fetch manifest @expo/plist@^0.1.0
1353 silly fetch manifest graphql-tag@^2.10.1
1354 silly fetch manifest internal-ip@4.3.0
1355 silly fetch manifest @expo/config@~9.0.0-beta.0
1356 silly fetch manifest pretty-bytes@5.6.0
1357 silly fetch manifest resolve-from@^5.0.0
1358 silly fetch manifest @expo/devcert@^1.0.0
1359 silly fetch manifest bplist-parser@^0.3.1
1360 silly fetch manifest terminal-link@^2.1.1
1361 silly fetch manifest @expo/xcpretty@^4.3.0
1362 silly fetch manifest bplist-creator@0.0.7
1363 silly fetch manifest freeport-async@2.0.0
1364 silly fetch manifest @expo/json-file@^8.3.0
1365 silly fetch manifest @expo/osascript@^2.0.31
1366 silly fetch manifest npm-package-arg@^7.0.0
1367 silly fetch manifest qrcode-terminal@0.11.0
1368 silly fetch manifest resolve.exports@^2.0.2
1369 silly fetch manifest @expo/image-utils@^0.5.0
1370 silly fetch manifest @expo/spawn-async@^1.7.2
1371 silly fetch manifest https-proxy-agent@^5.0.1
1372 silly fetch manifest source-map-support@~0.5.21
1373 silly fetch manifest structured-headers@^0.4.1
1374 silly fetch manifest require-from-string@^2.0.2
1375 silly fetch manifest @expo/config-plugins@~8.0.8
1376 silly fetch manifest @urql/exchange-retry@0.3.0
1377 silly fetch manifest @expo/package-manager@^1.5.0
1378 silly fetch manifest @expo/prebuild-config@7.0.9
1379 silly fetch manifest @expo/rudder-sdk-node@1.1.1
1380 silly fetch manifest json-schema-deref-sync@^0.13.0
1381 silly fetch manifest find-yarn-workspace-root@~2.0.0
1382 silly fetch manifest @react-native/dev-middleware@0.74.85
1383 silly fetch manifest @expo/code-signing-certificates@0.0.5
1384 silly placeDep ROOT @expo/config@9.0.4 OK for: expo@51.0.39 want: 9.0.4
1385 silly fetch manifest glob@7.1.6
1386 silly fetch manifest sucrase@3.34.0
1387 silly fetch manifest @babel/code-frame@~7.10.4
1388 silly fetch manifest @expo/config-types@^51.0.3
1389 silly placeDep ROOT @expo/config-plugins@8.0.11 OK for: expo@51.0.39 want: 8.0.11
1390 silly fetch manifest xcode@^3.0.1
1391 silly fetch manifest xml2js@0.6.0
1392 silly fetch manifest slugify@^1.6.6
1393 silly fetch manifest @expo/json-file@~8.3.0
1394 silly fetch manifest @expo/sdk-runtime-versions@^1.0.0
1395 silly placeDep ROOT @expo/metro-config@0.18.11 OK for: expo@51.0.39 want: 0.18.11
1396 silly fetch manifest postcss@~8.4.32
1397 silly fetch manifest fs-extra@^9.1.0
1398 silly fetch manifest jsc-safe-url@^0.2.4
1399 silly fetch manifest lightningcss@~1.19.0
1400 silly placeDep ROOT @expo/vector-icons@14.1.0 OK for: expo@51.0.39 want: ^14.0.3
1401 silly placeDep ROOT expo-font@12.0.10 OK for: @expo/vector-icons@14.1.0 want: *
1402 silly fetch manifest fontfaceobserver@^2.1.0
1403 silly placeDep node_modules/expo babel-preset-expo@11.0.15 OK for: expo@51.0.39 want: ~11.0.15
1404 silly fetch manifest react-refresh@^0.14.2
1405 silly fetch manifest @babel/preset-typescript@^7.23.0
1406 silly fetch manifest @react-native/babel-preset@0.74.87
1407 silly fetch manifest babel-plugin-react-compiler@0.0.0-experimental-592953e-20240517
1408 silly fetch manifest babel-plugin-react-native-web@~0.19.10
1409 silly placeDep ROOT expo-asset@10.0.10 OK for: expo@51.0.39 want: ~10.0.10
1410 silly fetch manifest md5-file@^3.2.3
1411 silly fetch manifest expo-constants@~16.0.0
1412 silly placeDep ROOT expo-file-system@17.0.1 OK for: expo@51.0.39 want: ~17.0.1
1413 silly placeDep ROOT expo-keep-awake@13.0.2 OK for: expo@51.0.39 want: ~13.0.2
1414 silly placeDep ROOT expo-modules-autolinking@1.11.3 OK for: expo@51.0.39 want: 1.11.3
1415 silly fetch manifest commander@^7.2.0
1416 silly fetch manifest fast-glob@^3.2.5
1417 silly placeDep ROOT expo-modules-core@1.12.26 OK for: expo@51.0.39 want: 1.12.26
1418 silly placeDep ROOT fbemitter@3.0.0 OK for: expo@51.0.39 want: ^3.0.0
1419 silly fetch manifest fbjs@^3.0.0
1420 silly placeDep ROOT whatwg-url-without-unicode@8.0.0-3 OK for: expo@51.0.39 want: 8.0.0-3
1421 silly fetch manifest buffer@^5.4.3
1422 silly fetch manifest punycode@^2.1.1
1423 silly fetch manifest webidl-conversions@^5.0.0
1424 http fetch GET 200 https://registry.npmjs.org/tar 270ms (cache miss)
1425 http fetch GET 200 https://registry.npmjs.org/accepts 440ms (cache miss)
1426 http fetch GET 200 https://registry.npmjs.org/prompts 465ms (cache miss)
1427 http fetch GET 200 https://registry.npmjs.org/connect 474ms (cache miss)
1428 http fetch GET 200 https://registry.npmjs.org/tempy 482ms (cache miss)
1429 http fetch GET 200 https://registry.npmjs.org/arg 486ms (cache miss)
1430 http fetch GET 200 https://registry.npmjs.org/is-wsl 483ms (cache miss)
1431 http fetch GET 200 https://registry.npmjs.org/cacache 505ms (cache miss)
1432 http fetch GET 200 https://registry.npmjs.org/md5hex 518ms (cache miss)
1433 http fetch GET 200 https://registry.npmjs.org/ci-info 597ms (cache miss)
1434 http fetch GET 200 https://registry.npmjs.org/slugify 595ms (cache miss)
1435 http fetch GET 200 https://registry.npmjs.org/url-join 746ms (cache miss)
1436 http fetch GET 200 https://registry.npmjs.org/requireg 749ms (cache miss)
1437 http fetch GET 200 https://registry.npmjs.org/temp-dir 748ms (cache miss)
1438 http fetch GET 200 https://registry.npmjs.org/fs-extra 754ms (cache miss)
1439 http fetch GET 200 https://registry.npmjs.org/form-data 766ms (cache miss)
1440 http fetch GET 200 https://registry.npmjs.org/getenv 878ms (cache miss)
1441 http fetch GET 200 https://registry.npmjs.org/wrap-ansi 860ms (cache miss)
1442 http fetch GET 200 https://registry.npmjs.org/send 939ms (cache miss)
1443 http fetch GET 200 https://registry.npmjs.org/open 968ms (cache miss)
1444 http fetch GET 200 https://registry.npmjs.org/graphql 964ms (cache miss)
1445 http fetch GET 200 https://registry.npmjs.org/ora 976ms (cache miss)
1446 http fetch GET 200 https://registry.npmjs.org/picomatch 956ms (cache miss)
1447 http fetch GET 200 https://registry.npmjs.org/env-editor 1030ms (cache miss)
1448 http fetch GET 200 https://registry.npmjs.org/node-fetch 1031ms (cache miss)
1449 http fetch GET 200 https://registry.npmjs.org/better-opn 1034ms (cache miss)
1450 http fetch GET 200 https://registry.npmjs.org/@expo%2fenv 1096ms (cache miss)
1451 http fetch GET 200 https://registry.npmjs.org/graphql-tag 1127ms (cache miss)
1452 http fetch GET 200 https://registry.npmjs.org/node-forge 1131ms (cache miss)
1453 http fetch GET 200 https://registry.npmjs.org/progress 1143ms (cache miss)
1454 http fetch GET 200 https://registry.npmjs.org/is-docker 1189ms (cache miss)
1455 http fetch GET 200 https://registry.npmjs.org/internal-ip 1190ms (cache miss)
1456 http fetch GET 200 https://registry.npmjs.org/bplist-parser 1193ms (cache miss)
1457 http fetch GET 200 https://registry.npmjs.org/pretty-bytes 1201ms (cache miss)
1458 http fetch GET 200 https://registry.npmjs.org/terminal-link 1239ms (cache miss)
1459 http fetch GET 200 https://registry.npmjs.org/bplist-creator 1303ms (cache miss)
1460 http fetch GET 200 https://registry.npmjs.org/freeport-async 1310ms (cache miss)
1461 http fetch GET 200 https://registry.npmjs.org/@urql%2fcore 1351ms (cache miss)
1462 http fetch GET 200 https://registry.npmjs.org/@expo%2fplist 1429ms (cache miss)
1463 http fetch GET 200 https://registry.npmjs.org/qrcode-terminal 1434ms (cache miss)
1464 http fetch GET 200 https://registry.npmjs.org/https-proxy-agent 1456ms (cache miss)
1465 http fetch GET 200 https://registry.npmjs.org/structured-headers 1565ms (cache miss)
1466 http fetch GET 200 https://registry.npmjs.org/source-map-support 1571ms (cache miss)
1467 http fetch GET 200 https://registry.npmjs.org/require-from-string 1587ms (cache miss)
1468 http fetch GET 200 https://registry.npmjs.org/@expo%2fxcpretty 1614ms (cache miss)
1469 http fetch GET 200 https://registry.npmjs.org/@expo%2fspawn-async 1771ms (cache miss)
1470 http fetch GET 200 https://registry.npmjs.org/json-schema-deref-sync 1856ms (cache miss)
1471 http fetch GET 200 https://registry.npmjs.org/resolve.exports 1881ms (cache miss)
1472 http fetch GET 200 https://registry.npmjs.org/find-yarn-workspace-root 1867ms (cache miss)
1473 http fetch GET 200 https://registry.npmjs.org/@urql%2fexchange-retry 1978ms (cache miss)
1474 http fetch GET 200 https://registry.npmjs.org/@expo%2fdevcert 1992ms (cache miss)
1475 http fetch GET 200 https://registry.npmjs.org/npm-package-arg 1989ms (cache miss)
1476 http fetch GET 200 https://registry.npmjs.org/slugify 2003ms (cache miss)
1477 http fetch GET 200 https://registry.npmjs.org/@expo%2fprebuild-config 2054ms (cache miss)
1478 http fetch GET 200 https://registry.npmjs.org/sucrase 2103ms (cache miss)
1479 http fetch GET 200 https://registry.npmjs.org/@expo%2fpackage-manager 2159ms (cache miss)
1480 http fetch GET 200 https://registry.npmjs.org/@expo%2fosascript 2177ms (cache miss)
1481 http fetch GET 200 https://registry.npmjs.org/xml2js 2169ms (cache miss)
1482 http fetch GET 200 https://registry.npmjs.org/@expo%2fimage-utils 2254ms (cache miss)
1483 http fetch GET 200 https://registry.npmjs.org/@expo%2fjson-file 2456ms (cache miss)
1484 http fetch GET 200 https://registry.npmjs.org/fs-extra 2429ms (cache miss)
1485 http fetch GET 200 https://registry.npmjs.org/@expo%2frudder-sdk-node 2475ms (cache miss)
1486 http fetch GET 200 https://registry.npmjs.org/@expo%2fsdk-runtime-versions 2520ms (cache miss)
1487 http fetch GET 200 https://registry.npmjs.org/jsc-safe-url 2517ms (cache miss)
1488 http fetch GET 200 https://registry.npmjs.org/md5-file 2575ms (cache miss)
1489 http fetch GET 200 https://registry.npmjs.org/lightningcss 2664ms (cache miss)
1490 http fetch GET 200 https://registry.npmjs.org/@expo%2fcode-signing-certificates 2696ms (cache miss)
1491 http fetch GET 200 https://registry.npmjs.org/expo-constants 2659ms (cache miss)
1492 http fetch GET 200 https://registry.npmjs.org/fbjs 2679ms (cache miss)
1493 http fetch GET 200 https://registry.npmjs.org/@react-native%2fdev-middleware 2762ms (cache miss)
1494 http fetch GET 200 https://registry.npmjs.org/commander 2720ms (cache miss)
1495 http fetch GET 200 https://registry.npmjs.org/buffer 2759ms (cache miss)
1496 http fetch GET 200 https://registry.npmjs.org/webidl-conversions 2761ms (cache miss)
1497 http fetch GET 200 https://registry.npmjs.org/@expo%2fjson-file 2889ms (cache miss)
1498 http fetch GET 200 https://registry.npmjs.org/@expo%2fconfig-types 2922ms (cache miss)
1499 http fetch GET 200 https://registry.npmjs.org/postcss 3030ms (cache miss)
1500 http fetch GET 200 https://registry.npmjs.org/fontfaceobserver 3040ms (cache miss)
1501 http fetch GET 200 https://registry.npmjs.org/babel-plugin-react-compiler 3235ms (cache miss)
1502 http fetch GET 200 https://registry.npmjs.org/xcode 4182ms (cache miss)
1503 timing idealTree:node_modules/expo Completed in 7140ms
1504 timing idealTree:node_modules/@babel/runtime Completed in 1ms
1505 silly fetch manifest bufferutil@^4.0.1
1506 http fetch GET 200 https://registry.npmjs.org/bufferutil 285ms (cache miss)
1507 silly fetch manifest utf-8-validate@>=5.0.2
1508 http fetch GET 200 https://registry.npmjs.org/utf-8-validate 291ms (cache miss)
1509 silly fetch manifest encoding@^0.1.0
1510 http fetch GET 200 https://registry.npmjs.org/encoding 273ms (cache miss)
1511 silly fetch manifest expo-modules-autolinking@>=0.8.1
1512 silly placeDep ROOT @expo/code-signing-certificates@0.0.5 OK for: @expo/cli@0.18.31 want: 0.0.5
1513 silly fetch manifest node-forge@^1.2.1
1514 silly placeDep ROOT @expo/devcert@1.2.1 OK for: @expo/cli@0.18.31 want: ^1.0.0
1515 silly fetch manifest debug@^3.1.0
1516 silly fetch manifest @expo/sudo-prompt@^9.3.1
1517 silly placeDep ROOT @expo/env@0.3.0 OK for: @expo/cli@0.18.31 want: ~0.3.0
1518 silly fetch manifest dotenv@~16.4.5
1519 silly fetch manifest dotenv-expand@~11.0.6
1520 silly placeDep ROOT @expo/image-utils@0.5.1 OK for: @expo/cli@0.18.31 want: ^0.5.0
1521 silly fetch manifest tempy@0.3.0
1522 silly fetch manifest fs-extra@9.0.0
1523 silly fetch manifest parse-png@^2.1.0
1524 silly fetch manifest node-fetch@^2.6.0
1525 silly fetch manifest jimp-compact@0.16.1
1526 silly placeDep ROOT @expo/json-file@8.3.3 OK for: @expo/cli@0.18.31 want: ^8.3.0
1527 silly placeDep ROOT @expo/osascript@2.3.8 OK for: @expo/cli@0.18.31 want: ^2.0.31
1528 silly fetch manifest exec-async@^2.2.0
1529 silly placeDep ROOT @expo/package-manager@1.9.10 OK for: @expo/cli@0.18.31 want: ^1.5.0
1530 silly fetch manifest ora@^3.4.0
1531 silly fetch manifest @expo/json-file@^10.0.8
1532 silly fetch manifest npm-package-arg@^11.0.0
1533 silly fetch manifest resolve-workspace-root@^2.0.0
1534 silly placeDep ROOT @expo/plist@0.1.3 OK for: @expo/cli@0.18.31 want: ^0.1.0
1535 silly fetch manifest base64-js@^1.2.3
1536 silly fetch manifest xmlbuilder@^14.0.0
1537 silly fetch manifest @xmldom/xmldom@~0.7.7
1538 silly placeDep ROOT @expo/prebuild-config@7.0.9 OK for: @expo/cli@0.18.31 want: 7.0.9
1539 silly fetch manifest fs-extra@^9.0.0
1540 silly fetch manifest @react-native/normalize-colors@0.74.85
1541 silly placeDep ROOT @expo/rudder-sdk-node@1.1.1 OK for: @expo/cli@0.18.31 want: 1.1.1
1542 silly fetch manifest md5@^2.2.1
1543 silly fetch manifest uuid@^8.3.2
1544 silly fetch manifest node-fetch@^2.6.1
1545 silly fetch manifest fetch-retry@^4.1.1
1546 silly fetch manifest @expo/bunyan@^4.0.0
1547 silly fetch manifest remove-trailing-slash@^0.1.0
1548 silly fetch manifest @segment/loosely-validate-event@^2.0.0
1549 silly placeDep ROOT @expo/spawn-async@1.7.2 OK for: @expo/cli@0.18.31 want: ^1.7.2
1550 silly placeDep ROOT @expo/xcpretty@4.3.2 OK for: @expo/cli@0.18.31 want: ^4.3.0
1551 silly fetch manifest @babel/code-frame@7.10.4
1552 silly placeDep ROOT @react-native/dev-middleware@0.74.85 OK for: @expo/cli@0.18.31 want: 0.74.85
1553 silly fetch manifest open@^7.0.3
1554 silly fetch manifest debug@^2.2.0
1555 silly fetch manifest connect@^3.6.5
1556 silly fetch manifest node-fetch@^2.2.0
1557 silly fetch manifest selfsigned@^2.4.1
1558 silly fetch manifest serve-static@^1.13.1
1559 silly fetch manifest chrome-launcher@^0.15.2
1560 silly fetch manifest @isaacs/ttlcache@^1.4.1
1561 silly fetch manifest @react-native/debugger-frontend@0.74.85
1562 silly fetch manifest @rnx-kit/chromium-edge-launcher@^1.0.0
1563 silly placeDep ROOT @urql/core@2.3.6 OK for: @expo/cli@0.18.31 want: 2.3.6
1564 silly placeDep ROOT graphql@15.8.0 OK for: @urql/core@2.3.6 want: ^0.11.0 || ^0.12.0 || ^0.13.0 || ^14.0.0 || ^15.0.0 || ^16.0.0
1565 silly fetch manifest wonka@^4.0.14
1566 silly fetch manifest @graphql-typed-document-node/core@^3.1.0
1567 silly placeDep ROOT @urql/exchange-retry@0.3.0 OK for: @expo/cli@0.18.31 want: 0.3.0
1568 silly placeDep ROOT accepts@1.3.8 OK for: @expo/cli@0.18.31 want: ^1.3.8
1569 silly fetch manifest mime-types@~2.1.34
1570 silly fetch manifest negotiator@0.6.3
1571 silly placeDep ROOT arg@5.0.2 OK for: @expo/cli@0.18.31 want: 5.0.2
1572 silly placeDep ROOT better-opn@3.0.2 OK for: @expo/cli@0.18.31 want: ~3.0.2
1573 silly fetch manifest open@^8.0.4
1574 silly placeDep ROOT bplist-creator@0.0.7 OK for: @expo/cli@0.18.31 want: 0.0.7
1575 silly fetch manifest stream-buffers@~2.2.0
1576 silly placeDep ROOT bplist-parser@0.3.2 OK for: @expo/cli@0.18.31 want: ^0.3.1
1577 silly fetch manifest big-integer@1.6.x
1578 silly placeDep ROOT cacache@18.0.4 OK for: @expo/cli@0.18.31 want: ^18.0.2
1579 silly fetch manifest tar@^6.1.11
1580 silly fetch manifest glob@^10.2.2
1581 silly fetch manifest ssri@^10.0.0
1582 silly fetch manifest p-map@^4.0.0
1583 silly fetch manifest minipass@^7.0.3
1584 silly fetch manifest lru-cache@^10.0.1
1585 silly fetch manifest @npmcli/fs@^3.1.0
1586 silly fetch manifest fs-minipass@^3.0.0
1587 silly fetch manifest minipass-flush@^1.0.5
1588 silly fetch manifest unique-filename@^3.0.0
1589 silly fetch manifest minipass-collect@^2.0.1
1590 silly fetch manifest minipass-pipeline@^1.2.4
1591 silly placeDep ROOT ci-info@3.9.0 OK for: @expo/cli@0.18.31 want: ^3.3.0
1592 silly placeDep ROOT connect@3.7.0 OK for: @expo/cli@0.18.31 want: ^3.7.0
1593 silly fetch manifest debug@2.6.9
1594 silly fetch manifest finalhandler@1.1.2
1595 silly fetch manifest parseurl@~1.3.3
1596 silly fetch manifest utils-merge@1.0.1
1597 silly placeDep ROOT env-editor@0.4.2 OK for: @expo/cli@0.18.31 want: ^0.4.1
1598 silly placeDep ROOT fast-glob@3.3.3 OK for: @expo/cli@0.18.31 want: ^3.3.2
1599 silly fetch manifest glob-parent@^5.1.2
1600 silly fetch manifest merge2@^1.3.0
1601 silly fetch manifest micromatch@^4.0.8
1602 silly placeDep ROOT find-yarn-workspace-root@2.0.0 OK for: @expo/cli@0.18.31 want: ~2.0.0
1603 silly fetch manifest micromatch@^4.0.2
1604 silly placeDep ROOT form-data@3.0.4 OK for: @expo/cli@0.18.31 want: ^3.0.1
1605 silly fetch manifest hasown@^2.0.2
1606 silly fetch manifest asynckit@^0.4.0
1607 silly fetch manifest mime-types@^2.1.35
1608 silly fetch manifest combined-stream@^1.0.8
1609 silly fetch manifest es-set-tostringtag@^2.1.0
1610 silly placeDep ROOT freeport-async@2.0.0 OK for: @expo/cli@0.18.31 want: 2.0.0
1611 silly placeDep ROOT fs-extra@8.1.0 OK for: @expo/cli@0.18.31 want: ~8.1.0
1612 silly fetch manifest jsonfile@^4.0.0
1613 silly fetch manifest graceful-fs@^4.2.0
1614 silly fetch manifest universalify@^0.1.0
1615 silly placeDep ROOT getenv@1.0.0 OK for: @expo/cli@0.18.31 want: ^1.0.0
1616 silly placeDep ROOT graphql-tag@2.12.6 OK for: @expo/cli@0.18.31 want: ^2.10.1
1617 silly fetch manifest tslib@^2.1.0
1618 silly placeDep ROOT https-proxy-agent@5.0.1 OK for: @expo/cli@0.18.31 want: ^5.0.1
1619 silly fetch manifest agent-base@6
1620 silly placeDep ROOT internal-ip@4.3.0 OK for: @expo/cli@0.18.31 want: 4.3.0
1621 silly fetch manifest ipaddr.js@^1.9.0
1622 silly fetch manifest default-gateway@^4.2.0
1623 silly placeDep ROOT is-docker@2.2.1 OK for: @expo/cli@0.18.31 want: ^2.0.0
1624 silly placeDep ROOT is-wsl@2.2.0 OK for: @expo/cli@0.18.31 want: ^2.1.1
1625 silly placeDep node_modules/@expo/cli js-yaml@3.14.2 OK for: @expo/cli@0.18.31 want: ^3.13.1
1626 silly fetch manifest esprima@^4.0.0
1627 silly fetch manifest argparse@^1.0.7
1628 silly placeDep ROOT json-schema-deref-sync@0.13.0 OK for: @expo/cli@0.18.31 want: ^0.13.0
1629 silly fetch manifest clone@^2.1.2
1630 silly fetch manifest dag-map@~1.0.0
1631 silly fetch manifest is-valid-path@^0.1.1
1632 silly fetch manifest lodash@^4.17.13
1633 silly fetch manifest md5@~2.2.0
1634 silly fetch manifest memory-cache@~0.2.0
1635 silly fetch manifest traverse@~0.6.6
1636 silly fetch manifest valid-url@~1.0.9
1637 silly placeDep ROOT md5hex@1.0.0 OK for: @expo/cli@0.18.31 want: ^1.0.0
1638 silly placeDep node_modules/@expo/cli minimatch@3.1.2 OK for: @expo/cli@0.18.31 want: ^3.0.4
1639 silly placeDep ROOT node-fetch@2.7.0 OK for: @expo/cli@0.18.31 want: ^2.6.7
1640 silly fetch manifest whatwg-url@^5.0.0
1641 silly placeDep ROOT node-forge@1.3.3 OK for: @expo/cli@0.18.31 want: ^1.3.1
1642 silly placeDep ROOT npm-package-arg@7.0.0 OK for: @expo/cli@0.18.31 want: ^7.0.0
1643 silly fetch manifest osenv@^0.1.5
1644 silly fetch manifest semver@^5.6.0
1645 silly fetch manifest hosted-git-info@^3.0.2
1646 silly fetch manifest validate-npm-package-name@^3.0.0
1647 silly placeDep ROOT open@8.4.2 OK for: @expo/cli@0.18.31 want: ^8.3.0
1648 silly fetch manifest define-lazy-prop@^2.0.0
1649 silly placeDep ROOT ora@3.4.0 OK for: @expo/cli@0.18.31 want: 3.4.0
1650 silly fetch manifest chalk@^2.4.2
1651 silly fetch manifest wcwidth@^1.0.1
1652 silly fetch manifest cli-cursor@^2.1.0
1653 silly fetch manifest strip-ansi@^5.2.0
1654 silly fetch manifest log-symbols@^2.2.0
1655 silly fetch manifest cli-spinners@^2.0.0
1656 silly placeDep ROOT picomatch@3.0.1 OK for: @expo/cli@0.18.31 want: ^3.0.1
1657 silly placeDep ROOT pretty-bytes@5.6.0 OK for: @expo/cli@0.18.31 want: 5.6.0
1658 silly placeDep ROOT progress@2.0.3 OK for: @expo/cli@0.18.31 want: 2.0.3
1659 silly placeDep ROOT prompts@2.4.2 OK for: @expo/cli@0.18.31 want: ^2.3.2
1660 silly fetch manifest kleur@^3.0.3
1661 silly fetch manifest sisteransi@^1.0.5
1662 silly placeDep ROOT qrcode-terminal@0.11.0 OK for: @expo/cli@0.18.31 want: 0.11.0
1663 silly placeDep ROOT require-from-string@2.0.2 OK for: @expo/cli@0.18.31 want: ^2.0.2
1664 silly placeDep ROOT requireg@0.2.2 OK for: @expo/cli@0.18.31 want: ^0.2.2
1665 silly fetch manifest nested-error-stacks@~2.0.1
1666 silly fetch manifest rc@~1.2.7
1667 silly fetch manifest resolve@~1.7.1
1668 silly placeDep ROOT resolve-from@5.0.0 OK for: @expo/cli@0.18.31 want: ^5.0.0
1669 silly placeDep ROOT resolve.exports@2.0.3 OK for: @expo/cli@0.18.31 want: ^2.0.2
1670 silly placeDep ROOT send@0.18.0 OK for: @expo/cli@0.18.31 want: ^0.18.0
1671 silly fetch manifest depd@2.0.0
1672 silly fetch manifest etag@~1.8.1
1673 silly fetch manifest mime@1.6.0
1674 silly fetch manifest fresh@0.5.2
1675 silly fetch manifest destroy@1.2.0
1676 silly fetch manifest statuses@2.0.1
1677 silly fetch manifest encodeurl@~1.0.2
1678 silly fetch manifest escape-html@~1.0.3
1679 silly fetch manifest http-errors@2.0.0
1680 silly fetch manifest on-finished@2.4.1
1681 silly fetch manifest range-parser@~1.2.1
1682 silly placeDep ROOT slugify@1.6.6 OK for: @expo/cli@0.18.31 want: ^1.3.4
1683 silly placeDep ROOT source-map-support@0.5.21 OK for: @expo/cli@0.18.31 want: ~0.5.21
1684 silly fetch manifest buffer-from@^1.0.0
1685 silly fetch manifest source-map@^0.6.0
1686 silly placeDep ROOT stacktrace-parser@0.1.11 OK for: @expo/cli@0.18.31 want: ^0.1.10
1687 silly fetch manifest type-fest@^0.7.1
1688 silly placeDep ROOT structured-headers@0.4.1 OK for: @expo/cli@0.18.31 want: ^0.4.1
1689 silly placeDep ROOT tar@6.2.1 OK for: @expo/cli@0.18.31 want: ^6.0.5
1690 silly fetch manifest chownr@^2.0.0
1691 silly fetch manifest mkdirp@^1.0.3
1692 silly fetch manifest yallist@^4.0.0
1693 silly fetch manifest minipass@^5.0.0
1694 silly fetch manifest minizlib@^2.1.1
1695 silly fetch manifest fs-minipass@^2.0.0
1696 silly placeDep ROOT temp-dir@2.0.0 OK for: @expo/cli@0.18.31 want: ^2.0.0
1697 silly placeDep ROOT tempy@0.7.1 OK for: @expo/cli@0.18.31 want: ^0.7.1
1698 silly fetch manifest del@^6.0.0
1699 silly fetch manifest is-stream@^2.0.0
1700 silly fetch manifest type-fest@^0.16.0
1701 silly fetch manifest unique-string@^2.0.0
1702 silly placeDep ROOT terminal-link@2.1.1 OK for: @expo/cli@0.18.31 want: ^2.1.1
1703 silly fetch manifest ansi-escapes@^4.2.1
1704 silly fetch manifest supports-hyperlinks@^2.0.0
1705 silly placeDep ROOT url-join@4.0.0 OK for: @expo/cli@0.18.31 want: 4.0.0
1706 silly placeDep ROOT wrap-ansi@7.0.0 OK for: @expo/cli@0.18.31 want: ^7.0.0
1707 silly fetch manifest string-width@^4.1.0
1708 silly placeDep ROOT ws@8.19.0 OK for: @expo/cli@0.18.31 want: ^8.12.1
1709 http fetch GET 200 https://registry.npmjs.org/dotenv 447ms (cache miss)
1710 http fetch GET 200 https://registry.npmjs.org/uuid 521ms (cache miss)
1711 http fetch GET 200 https://registry.npmjs.org/dotenv-expand 610ms (cache miss)
1712 http fetch GET 200 https://registry.npmjs.org/resolve-workspace-root 642ms (cache miss)
1713 http fetch GET 200 https://registry.npmjs.org/exec-async 646ms (cache miss)
1714 http fetch GET 200 https://registry.npmjs.org/md5 649ms (cache miss)
1715 http fetch GET 200 https://registry.npmjs.org/remove-trailing-slash 660ms (cache miss)
1716 http fetch GET 200 https://registry.npmjs.org/xmlbuilder 691ms (cache miss)
1717 http fetch GET 200 https://registry.npmjs.org/fetch-retry 709ms (cache miss)
1718 http fetch GET 200 https://registry.npmjs.org/parse-png 732ms (cache miss)
1719 http fetch GET 200 https://registry.npmjs.org/selfsigned 702ms (cache miss)
1720 http fetch GET 200 https://registry.npmjs.org/serve-static 831ms (cache miss)
1721 http fetch GET 200 https://registry.npmjs.org/@expo%2fsudo-prompt 1129ms (cache miss)
1722 http fetch GET 200 https://registry.npmjs.org/chrome-launcher 1111ms (cache miss)
1723 http fetch GET 200 https://registry.npmjs.org/@segment%2floosely-validate-event 1212ms (cache miss)
1724 http fetch GET 200 https://registry.npmjs.org/stream-buffers 1205ms (cache miss)
1725 http fetch GET 200 https://registry.npmjs.org/negotiator 1211ms (cache miss)
1726 http fetch GET 200 https://registry.npmjs.org/mime-types 1216ms (cache miss)
1727 http fetch GET 200 https://registry.npmjs.org/jimp-compact 1261ms (cache miss)
1728 http fetch GET 200 https://registry.npmjs.org/@xmldom%2fxmldom 1251ms (cache miss)
1729 http fetch GET 200 https://registry.npmjs.org/@rnx-kit%2fchromium-edge-launcher 1236ms (cache miss)
1730 http fetch GET 200 https://registry.npmjs.org/ssri 1211ms (cache miss)
1731 http fetch GET 200 https://registry.npmjs.org/p-map 1212ms (cache miss)
1732 http fetch GET 200 https://registry.npmjs.org/big-integer 1242ms (cache miss)
1733 http fetch GET 200 https://registry.npmjs.org/@graphql-typed-document-node%2fcore 1253ms (cache miss)
1734 http fetch GET 200 https://registry.npmjs.org/@expo%2fbunyan 1539ms (cache miss)
1735 http fetch GET 200 https://registry.npmjs.org/minipass-collect 1496ms (cache miss)
1736 http fetch GET 200 https://registry.npmjs.org/fs-minipass 1498ms (cache miss)
1737 http fetch GET 200 https://registry.npmjs.org/minipass-pipeline 1500ms (cache miss)
1738 http fetch GET 200 https://registry.npmjs.org/unique-filename 1519ms (cache miss)
1739 http fetch GET 200 https://registry.npmjs.org/finalhandler 1516ms (cache miss)
1740 http fetch GET 200 https://registry.npmjs.org/parseurl 1516ms (cache miss)
1741 http fetch GET 200 https://registry.npmjs.org/wonka 1554ms (cache miss)
1742 http fetch GET 200 https://registry.npmjs.org/minipass 1535ms (cache miss)
1743 http fetch GET 200 https://registry.npmjs.org/mime-types 1597ms (cache miss)
1744 http fetch GET 200 https://registry.npmjs.org/hasown 1653ms (cache miss)
1745 http fetch GET 200 https://registry.npmjs.org/utils-merge 1688ms (cache miss)
1746 http fetch GET 200 https://registry.npmjs.org/@isaacs%2fttlcache 1735ms (cache miss)
1747 http fetch GET 200 https://registry.npmjs.org/tslib 1720ms (cache miss)
1748 http fetch GET 200 https://registry.npmjs.org/@npmcli%2ffs 1970ms (cache miss)
1749 http fetch GET 200 https://registry.npmjs.org/es-set-tostringtag 1956ms (cache miss)
1750 http fetch GET 200 https://registry.npmjs.org/combined-stream 1962ms (cache miss)
1751 http fetch GET 200 https://registry.npmjs.org/md5 1942ms (cache miss)
1752 http fetch GET 200 https://registry.npmjs.org/jsonfile 1962ms (cache miss)
1753 http fetch GET 200 https://registry.npmjs.org/esprima 1951ms (cache miss)
1754 http fetch GET 200 https://registry.npmjs.org/agent-base 1959ms (cache miss)
1755 http fetch GET 200 https://registry.npmjs.org/universalify 1965ms (cache miss)
1756 http fetch GET 200 https://registry.npmjs.org/dag-map 1951ms (cache miss)
1757 http fetch GET 200 https://registry.npmjs.org/clone 1954ms (cache miss)
1758 http fetch GET 200 https://registry.npmjs.org/minipass-flush 1988ms (cache miss)
1759 http fetch GET 200 https://registry.npmjs.org/ipaddr.js 1962ms (cache miss)
1760 http fetch GET 200 https://registry.npmjs.org/is-valid-path 1980ms (cache miss)
1761 http fetch GET 200 https://registry.npmjs.org/lodash 2059ms (cache miss)
1762 http fetch GET 200 https://registry.npmjs.org/memory-cache 2053ms (cache miss)
1763 http fetch GET 200 https://registry.npmjs.org/@react-native%2fdebugger-frontend 2204ms (cache miss)
1764 http fetch GET 200 https://registry.npmjs.org/asynckit 2248ms (cache miss)
1765 http fetch GET 200 https://registry.npmjs.org/valid-url 2231ms (cache miss)
1766 http fetch GET 200 https://registry.npmjs.org/validate-npm-package-name 2246ms (cache miss)
1767 http fetch GET 200 https://registry.npmjs.org/log-symbols 2239ms (cache miss)
1768 http fetch GET 200 https://registry.npmjs.org/define-lazy-prop 2244ms (cache miss)
1769 http fetch GET 200 https://registry.npmjs.org/traverse 2259ms (cache miss)
1770 http fetch GET 200 https://registry.npmjs.org/cli-cursor 2293ms (cache miss)
1771 http fetch GET 200 https://registry.npmjs.org/sisteransi 2287ms (cache miss)
1772 http fetch GET 200 https://registry.npmjs.org/kleur 2309ms (cache miss)
1773 http fetch GET 200 https://registry.npmjs.org/default-gateway 2357ms (cache miss)
1774 http fetch GET 200 https://registry.npmjs.org/nested-error-stacks 2365ms (cache miss)
1775 http fetch GET 200 https://registry.npmjs.org/depd 2525ms (cache miss)
1776 http fetch GET 200 https://registry.npmjs.org/cli-spinners 2545ms (cache miss)
1777 http fetch GET 200 https://registry.npmjs.org/mime 2525ms (cache miss)
1778 http fetch GET 200 https://registry.npmjs.org/rc 2538ms (cache miss)
1779 http fetch GET 200 https://registry.npmjs.org/encodeurl 2542ms (cache miss)
1780 http fetch GET 200 https://registry.npmjs.org/escape-html 2562ms (cache miss)
1781 http fetch GET 200 https://registry.npmjs.org/on-finished 2606ms (cache miss)
1782 http fetch GET 200 https://registry.npmjs.org/wcwidth 2645ms (cache miss)
1783 http fetch GET 200 https://registry.npmjs.org/osenv 2713ms (cache miss)
1784 http fetch GET 200 https://registry.npmjs.org/whatwg-url 2726ms (cache miss)
1785 http fetch GET 200 https://registry.npmjs.org/minipass 2672ms (cache miss)
1786 http fetch GET 200 https://registry.npmjs.org/fs-minipass 2676ms (cache miss)
1787 http fetch GET 200 https://registry.npmjs.org/hosted-git-info 2731ms (cache miss)
1788 http fetch GET 200 https://registry.npmjs.org/source-map 2782ms (cache miss)
1789 http fetch GET 200 https://registry.npmjs.org/buffer-from 2785ms (cache miss)
1790 http fetch GET 200 https://registry.npmjs.org/chownr 2786ms (cache miss)
1791 http fetch GET 200 https://registry.npmjs.org/destroy 2842ms (cache miss)
1792 http fetch GET 200 https://registry.npmjs.org/fresh 3054ms (cache miss)
1793 http fetch GET 200 https://registry.npmjs.org/is-stream 3027ms (cache miss)
1794 http fetch GET 200 https://registry.npmjs.org/minizlib 3032ms (cache miss)
1795 http fetch GET 200 https://registry.npmjs.org/statuses 3056ms (cache miss)
1796 http fetch GET 200 https://registry.npmjs.org/etag 3061ms (cache miss)
1797 http fetch GET 200 https://registry.npmjs.org/del 3033ms (cache miss)
1798 http fetch GET 200 https://registry.npmjs.org/unique-string 3032ms (cache miss)
1799 http fetch GET 200 https://registry.npmjs.org/http-errors 3063ms (cache miss)
1800 http fetch GET 200 https://registry.npmjs.org/string-width 3082ms (cache miss)
1801 http fetch GET 200 https://registry.npmjs.org/ansi-escapes 3099ms (cache miss)
1802 http fetch GET 200 https://registry.npmjs.org/supports-hyperlinks 3099ms (cache miss)
1803 http fetch GET 200 https://registry.npmjs.org/range-parser 3223ms (cache miss)
1804 timing idealTree:node_modules/@expo/cli Completed in 4275ms
1805 timing idealTree:node_modules/@expo/code-signing-certificates Completed in 0ms
1806 silly placeDep node_modules/@expo/config @babel/code-frame@7.10.4 OK for: @expo/config@9.0.4 want: ~7.10.4
1807 silly fetch manifest @babel/highlight@^7.10.4
1808 silly placeDep ROOT @expo/config-types@51.0.3 OK for: @expo/config@9.0.4 want: ^51.0.3
1809 silly placeDep node_modules/@expo/config glob@7.1.6 OK for: @expo/config@9.0.4 want: 7.1.6
1810 silly placeDep ROOT sucrase@3.34.0 OK for: @expo/config@9.0.4 want: 3.34.0
1811 silly fetch manifest mz@^2.7.0
1812 silly fetch manifest pirates@^4.0.1
1813 silly fetch manifest commander@^4.0.0
1814 silly fetch manifest lines-and-columns@^1.1.6
1815 silly fetch manifest ts-interface-checker@^0.1.9
1816 http fetch GET 200 https://registry.npmjs.org/lines-and-columns 763ms (cache miss)
1817 http fetch GET 200 https://registry.npmjs.org/pirates 771ms (cache miss)
1818 http fetch GET 200 https://registry.npmjs.org/mz 777ms (cache miss)
1819 http fetch GET 200 https://registry.npmjs.org/@babel%2fhighlight 1195ms (cache miss)
1820 http fetch GET 200 https://registry.npmjs.org/ts-interface-checker 1219ms (cache miss)
1821 timing idealTree:node_modules/@expo/config Completed in 1231ms
1822 silly placeDep ROOT @expo/sdk-runtime-versions@1.0.0 OK for: @expo/config-plugins@8.0.11 want: ^1.0.0
1823 silly placeDep node_modules/@expo/config-plugins glob@7.1.6 OK for: @expo/config-plugins@8.0.11 want: 7.1.6
1824 silly placeDep ROOT slash@3.0.0 OK for: @expo/config-plugins@8.0.11 want: ^3.0.0
1825 silly placeDep ROOT xcode@3.0.1 OK for: @expo/config-plugins@8.0.11 want: ^3.0.1
1826 silly fetch manifest uuid@^7.0.3
1827 silly fetch manifest simple-plist@^1.1.0
1828 silly placeDep ROOT xml2js@0.6.0 OK for: @expo/config-plugins@8.0.11 want: 0.6.0
1829 silly fetch manifest sax@>=0.6.0
1830 silly fetch manifest xmlbuilder@~11.0.0
1831 http fetch GET 200 https://registry.npmjs.org/simple-plist 305ms (cache miss)
1832 http fetch GET 200 https://registry.npmjs.org/sax 764ms (cache miss)
1833 timing idealTree:node_modules/@expo/config-plugins Completed in 773ms
1834 timing idealTree:node_modules/@expo/config-types Completed in 0ms
1835 silly placeDep ROOT @expo/sudo-prompt@9.3.2 OK for: @expo/devcert@1.2.1 want: ^9.3.1
1836 silly placeDep node_modules/@expo/devcert debug@3.2.7 OK for: @expo/devcert@1.2.1 want: ^3.1.0
1837 timing idealTree:node_modules/@expo/devcert Completed in 2ms
1838 silly placeDep ROOT dotenv@16.4.7 OK for: @expo/env@0.3.0 want: ~16.4.5
1839 silly placeDep ROOT dotenv-expand@11.0.7 OK for: @expo/env@0.3.0 want: ~11.0.6
1840 timing idealTree:node_modules/@expo/env Completed in 2ms
1841 silly placeDep node_modules/@expo/image-utils fs-extra@9.0.0 OK for: @expo/image-utils@0.5.1 want: 9.0.0
1842 silly fetch manifest jsonfile@^6.0.1
1843 silly fetch manifest universalify@^1.0.0
1844 silly fetch manifest at-least-node@^1.0.0
1845 silly placeDep ROOT jimp-compact@0.16.1 OK for: @expo/image-utils@0.5.1 want: 0.16.1
1846 silly placeDep ROOT parse-png@2.1.0 OK for: @expo/image-utils@0.5.1 want: ^2.1.0
1847 silly fetch manifest pngjs@^3.3.0
1848 silly placeDep node_modules/@expo/image-utils tempy@0.3.0 OK for: @expo/image-utils@0.5.1 want: 0.3.0
1849 silly fetch manifest temp-dir@^1.0.0
1850 silly fetch manifest type-fest@^0.3.1
1851 silly fetch manifest unique-string@^1.0.0
1852 http fetch GET 200 https://registry.npmjs.org/at-least-node 284ms (cache miss)
1853 http fetch GET 200 https://registry.npmjs.org/pngjs 282ms (cache miss)
1854 timing idealTree:node_modules/@expo/image-utils Completed in 289ms
1855 silly placeDep node_modules/@expo/json-file @babel/code-frame@7.10.4 OK for: @expo/json-file@8.3.3 want: ~7.10.4
1856 silly placeDep ROOT write-file-atomic@2.4.3 OK for: @expo/json-file@8.3.3 want: ^2.3.0
1857 silly fetch manifest graceful-fs@^4.1.11
1858 silly fetch manifest signal-exit@^3.0.2
1859 http fetch GET 200 https://registry.npmjs.org/signal-exit 285ms (cache miss)
1860 timing idealTree:node_modules/@expo/json-file Completed in 289ms
1861 silly placeDep node_modules/@expo/metro-config fs-extra@9.1.0 OK for: @expo/metro-config@0.18.11 want: ^9.1.0
1862 silly fetch manifest universalify@^2.0.0
1863 silly placeDep ROOT jsc-safe-url@0.2.4 OK for: @expo/metro-config@0.18.11 want: ^0.2.4
1864 silly placeDep ROOT lightningcss@1.19.0 OK for: @expo/metro-config@0.18.11 want: ~1.19.0
1865 silly fetch manifest detect-libc@^1.0.3
1866 silly fetch manifest lightningcss-darwin-x64@1.19.0
1867 silly fetch manifest lightningcss-darwin-arm64@1.19.0
1868 silly fetch manifest lightningcss-linux-x64-gnu@1.19.0
1869 silly fetch manifest lightningcss-linux-x64-musl@1.19.0
1870 silly fetch manifest lightningcss-win32-x64-msvc@1.19.0
1871 silly fetch manifest lightningcss-linux-arm64-gnu@1.19.0
1872 silly fetch manifest lightningcss-linux-arm64-musl@1.19.0
1873 silly fetch manifest lightningcss-linux-arm-gnueabihf@1.19.0
1874 silly placeDep ROOT postcss@8.4.49 OK for: @expo/metro-config@0.18.11 want: ~8.4.32
1875 silly fetch manifest source-map-js@^1.2.1
1876 http fetch GET 200 https://registry.npmjs.org/lightningcss-win32-x64-msvc 287ms (cache miss)
1877 http fetch GET 200 https://registry.npmjs.org/lightningcss-linux-x64-musl 301ms (cache miss)
1878 http fetch GET 200 https://registry.npmjs.org/detect-libc 303ms (cache miss)
1879 http fetch GET 200 https://registry.npmjs.org/lightningcss-darwin-x64 303ms (cache miss)
1880 http fetch GET 200 https://registry.npmjs.org/lightningcss-linux-x64-gnu 308ms (cache miss)
1881 http fetch GET 200 https://registry.npmjs.org/lightningcss-linux-arm64-gnu 307ms (cache miss)
1882 http fetch GET 200 https://registry.npmjs.org/lightningcss-darwin-arm64 323ms (cache miss)
1883 http fetch GET 200 https://registry.npmjs.org/lightningcss-linux-arm-gnueabihf 597ms (cache miss)
1884 http fetch GET 200 https://registry.npmjs.org/lightningcss-linux-arm64-musl 2596ms (cache miss)
1885 http fetch GET 200 https://registry.npmjs.org/source-map-js 3266ms (cache miss)
1886 timing idealTree:node_modules/@expo/metro-config Completed in 3280ms
1887 silly placeDep ROOT exec-async@2.2.0 OK for: @expo/osascript@2.3.8 want: ^2.2.0
1888 timing idealTree:node_modules/@expo/osascript Completed in 2ms
1889 silly placeDep node_modules/@expo/package-manager @expo/json-file@10.0.8 OK for: @expo/package-manager@1.9.10 want: ^10.0.8
1890 silly placeDep node_modules/@expo/package-manager npm-package-arg@11.0.3 OK for: @expo/package-manager@1.9.10 want: ^11.0.0
1891 silly fetch manifest proc-log@^4.0.0
1892 silly fetch manifest hosted-git-info@^7.0.0
1893 silly fetch manifest validate-npm-package-name@^5.0.0
1894 silly placeDep ROOT resolve-workspace-root@2.0.1 OK for: @expo/package-manager@1.9.10 want: ^2.0.0
1895 http fetch GET 200 https://registry.npmjs.org/proc-log 378ms (cache miss)
1896 timing idealTree:node_modules/@expo/package-manager Completed in 388ms
1897 silly placeDep ROOT @xmldom/xmldom@0.7.13 OK for: @expo/plist@0.1.3 want: ~0.7.7
1898 silly placeDep ROOT base64-js@1.5.1 OK for: @expo/plist@0.1.3 want: ^1.2.3
1899 silly placeDep ROOT xmlbuilder@14.0.0 OK for: @expo/plist@0.1.3 want: ^14.0.0
1900 timing idealTree:node_modules/@expo/plist Completed in 6ms
1901 silly placeDep ROOT @react-native/normalize-colors@0.74.85 OK for: @expo/prebuild-config@7.0.9 want: 0.74.85
1902 silly placeDep node_modules/@expo/prebuild-config fs-extra@9.1.0 OK for: @expo/prebuild-config@7.0.9 want: ^9.0.0
1903 timing idealTree:node_modules/@expo/prebuild-config Completed in 6ms
1904 silly placeDep ROOT @expo/bunyan@4.0.1 OK for: @expo/rudder-sdk-node@1.1.1 want: ^4.0.0
1905 silly fetch manifest uuid@^8.0.0
1906 silly placeDep ROOT @segment/loosely-validate-event@2.0.0 OK for: @expo/rudder-sdk-node@1.1.1 want: ^2.0.0
1907 silly fetch manifest component-type@^1.2.1
1908 silly fetch manifest join-component@^1.1.0
1909 silly placeDep ROOT fetch-retry@4.1.1 OK for: @expo/rudder-sdk-node@1.1.1 want: ^4.1.1
1910 silly placeDep ROOT md5@2.3.0 OK for: @expo/rudder-sdk-node@1.1.1 want: ^2.2.1
1911 silly fetch manifest crypt@0.0.2
1912 silly fetch manifest charenc@0.0.2
1913 silly fetch manifest is-buffer@~1.1.6
1914 silly placeDep ROOT remove-trailing-slash@0.1.1 OK for: @expo/rudder-sdk-node@1.1.1 want: ^0.1.0
1915 silly placeDep ROOT uuid@8.3.2 OK for: @expo/rudder-sdk-node@1.1.1 want: ^8.3.2
1916 http fetch GET 200 https://registry.npmjs.org/charenc 269ms (cache miss)
1917 http fetch GET 200 https://registry.npmjs.org/join-component 288ms (cache miss)
1918 http fetch GET 200 https://registry.npmjs.org/crypt 284ms (cache miss)
1919 http fetch GET 200 https://registry.npmjs.org/is-buffer 294ms (cache miss)
1920 http fetch GET 200 https://registry.npmjs.org/component-type 715ms (cache miss)
1921 timing idealTree:node_modules/@expo/rudder-sdk-node Completed in 722ms
1922 timing idealTree:node_modules/@expo/bunyan Completed in 0ms
1923 timing idealTree:node_modules/@expo/sdk-runtime-versions Completed in 0ms
1924 timing idealTree:node_modules/@expo/spawn-async Completed in 0ms
1925 timing idealTree:node_modules/@expo/sudo-prompt Completed in 0ms
1926 timing idealTree:node_modules/@expo/vector-icons Completed in 0ms
1927 silly placeDep node_modules/@expo/xcpretty @babel/code-frame@7.10.4 OK for: @expo/xcpretty@4.3.2 want: 7.10.4
1928 timing idealTree:node_modules/@expo/xcpretty Completed in 2ms
1929 silly placeDep ROOT @isaacs/ttlcache@1.4.1 OK for: @react-native/dev-middleware@0.74.85 want: ^1.4.1
1930 silly placeDep ROOT @react-native/debugger-frontend@0.74.85 OK for: @react-native/dev-middleware@0.74.85 want: 0.74.85
1931 silly placeDep ROOT @rnx-kit/chromium-edge-launcher@1.0.0 OK for: @react-native/dev-middleware@0.74.85 want: ^1.0.0
1932 silly fetch manifest mkdirp@^1.0.4
1933 silly fetch manifest rimraf@^3.0.2
1934 silly fetch manifest @types/node@^18.0.0
1935 silly fetch manifest lighthouse-logger@^1.0.0
1936 silly placeDep ROOT chrome-launcher@0.15.2 OK for: @react-native/dev-middleware@0.74.85 want: ^0.15.2
1937 silly fetch manifest @types/node@*
1938 silly placeDep node_modules/@react-native/dev-middleware debug@2.6.9 OK for: @react-native/dev-middleware@0.74.85 want: ^2.2.0
1939 silly fetch manifest ms@2.0.0
1940 silly placeDep node_modules/@react-native/dev-middleware open@7.4.2 OK for: @react-native/dev-middleware@0.74.85 want: ^7.0.3
1941 silly placeDep ROOT selfsigned@2.4.1 OK for: @react-native/dev-middleware@0.74.85 want: ^2.4.1
1942 silly fetch manifest @types/node-forge@^1.3.0
1943 silly placeDep ROOT serve-static@1.16.3 OK for: @react-native/dev-middleware@0.74.85 want: ^1.13.1
1944 silly fetch manifest send@~0.19.1
1945 silly fetch manifest encodeurl@~2.0.0
1946 silly placeDep node_modules/@react-native/dev-middleware ws@6.2.3 OK for: @react-native/dev-middleware@0.74.85 want: ^6.2.2
1947 silly fetch manifest async-limiter@~1.0.0
1948 http fetch GET 200 https://registry.npmjs.org/async-limiter 1942ms (cache miss)
1949 http fetch GET 200 https://registry.npmjs.org/lighthouse-logger 1971ms (cache miss)
1950 http fetch GET 200 https://registry.npmjs.org/rimraf 1977ms (cache miss)
1951 http fetch GET 200 https://registry.npmjs.org/@types%2fnode-forge 2226ms (cache miss)
1952 http fetch GET 200 https://registry.npmjs.org/@types%2fnode 2310ms (cache miss)
1953 http fetch GET 200 https://registry.npmjs.org/@types%2fnode 4380ms (cache miss)
1954 timing idealTree:node_modules/@react-native/dev-middleware Completed in 4423ms
1955 timing idealTree:node_modules/@isaacs/ttlcache Completed in 0ms
1956 timing idealTree:node_modules/@react-native/debugger-frontend Completed in 0ms
1957 timing idealTree:node_modules/@react-native/normalize-colors Completed in 0ms
1958 silly placeDep ROOT @types/node@18.19.130 OK for: @rnx-kit/chromium-edge-launcher@1.0.0 want: ^18.0.0
1959 silly fetch manifest undici-types@~5.26.4
1960 silly placeDep ROOT lighthouse-logger@1.4.2 OK for: @rnx-kit/chromium-edge-launcher@1.0.0 want: ^1.0.0
1961 silly fetch manifest debug@^2.6.9
1962 silly fetch manifest marky@^1.2.2
1963 silly placeDep node_modules/@rnx-kit/chromium-edge-launcher mkdirp@1.0.4 OK for: @rnx-kit/chromium-edge-launcher@1.0.0 want: ^1.0.4
1964 silly placeDep ROOT rimraf@3.0.2 OK for: @rnx-kit/chromium-edge-launcher@1.0.0 want: ^3.0.2
1965 http fetch GET 200 https://registry.npmjs.org/marky 320ms (cache miss)
1966 http fetch GET 200 https://registry.npmjs.org/undici-types 468ms (cache miss)
1967 timing idealTree:node_modules/@rnx-kit/chromium-edge-launcher Completed in 475ms
1968 silly placeDep ROOT component-type@1.2.2 OK for: @segment/loosely-validate-event@2.0.0 want: ^1.2.1
1969 silly placeDep ROOT join-component@1.1.0 OK for: @segment/loosely-validate-event@2.0.0 want: ^1.1.0
1970 timing idealTree:node_modules/@segment/loosely-validate-event Completed in 2ms
1971 silly placeDep ROOT undici-types@5.26.5 OK for: @types/node@18.19.130 want: ~5.26.4
1972 timing idealTree:node_modules/@types/node Completed in 2ms
1973 silly fetch manifest graphql@^0.11.0 || ^0.12.0 || ^0.13.0 || ^14.0.0 || ^15.0.0 || ^16.0.0
1974 silly placeDep ROOT @graphql-typed-document-node/core@3.2.0 OK for: @urql/core@2.3.6 want: ^3.1.0
1975 silly placeDep ROOT wonka@4.0.15 OK for: @urql/core@2.3.6 want: ^4.0.14
1976 timing idealTree:node_modules/@urql/core Completed in 5ms
1977 timing idealTree:node_modules/@graphql-typed-document-node/core Completed in 0ms
1978 timing idealTree:node_modules/@urql/exchange-retry Completed in 0ms
1979 timing idealTree:node_modules/@xmldom/xmldom Completed in 0ms
1980 silly placeDep ROOT mime-types@2.1.35 OK for: accepts@1.3.8 want: ~2.1.34
1981 silly fetch manifest mime-db@1.52.0
1982 silly placeDep ROOT negotiator@0.6.3 OK for: accepts@1.3.8 want: 0.6.3
1983 http fetch GET 200 https://registry.npmjs.org/mime-db 290ms (cache miss)
1984 timing idealTree:node_modules/accepts Completed in 293ms
1985 timing idealTree:node_modules/arg Completed in 0ms
1986 timing idealTree:node_modules/base64-js Completed in 0ms
1987 timing idealTree:node_modules/better-opn Completed in 0ms
1988 silly placeDep ROOT stream-buffers@2.2.0 OK for: bplist-creator@0.0.7 want: ~2.2.0
1989 timing idealTree:node_modules/bplist-creator Completed in 1ms
1990 silly placeDep ROOT big-integer@1.6.52 OK for: bplist-parser@0.3.2 want: 1.6.x
1991 timing idealTree:node_modules/bplist-parser Completed in 2ms
1992 timing idealTree:node_modules/big-integer Completed in 0ms
1993 silly placeDep ROOT @npmcli/fs@3.1.1 OK for: cacache@18.0.4 want: ^3.1.0
1994 silly placeDep ROOT fs-minipass@3.0.3 OK for: cacache@18.0.4 want: ^3.0.0
1995 silly placeDep node_modules/cacache glob@10.5.0 OK for: cacache@18.0.4 want: ^10.2.2
1996 silly fetch manifest minipass@^7.1.2
1997 silly fetch manifest jackspeak@^3.1.2
1998 silly fetch manifest minimatch@^9.0.4
1999 silly fetch manifest path-scurry@^1.11.1
2000 silly fetch manifest foreground-child@^3.1.0
2001 silly fetch manifest package-json-from-dist@^1.0.0
2002 silly placeDep node_modules/cacache lru-cache@10.4.3 OK for: cacache@18.0.4 want: ^10.0.1
2003 silly placeDep ROOT minipass@7.1.2 OK for: cacache@18.0.4 want: ^7.0.3
2004 silly placeDep ROOT minipass-collect@2.0.1 OK for: cacache@18.0.4 want: ^2.0.1
2005 silly placeDep ROOT minipass-flush@1.0.5 OK for: cacache@18.0.4 want: ^1.0.5
2006 silly fetch manifest minipass@^3.0.0
2007 silly placeDep ROOT minipass-pipeline@1.2.4 OK for: cacache@18.0.4 want: ^1.2.4
2008 silly placeDep ROOT p-map@4.0.0 OK for: cacache@18.0.4 want: ^4.0.0
2009 silly fetch manifest aggregate-error@^3.0.0
2010 silly placeDep ROOT ssri@10.0.6 OK for: cacache@18.0.4 want: ^10.0.0
2011 silly placeDep ROOT unique-filename@3.0.0 OK for: cacache@18.0.4 want: ^3.0.0
2012 silly fetch manifest unique-slug@^4.0.0
2013 http fetch GET 200 https://registry.npmjs.org/unique-slug 268ms (cache miss)
2014 http fetch GET 200 https://registry.npmjs.org/package-json-from-dist 291ms (cache miss)
2015 http fetch GET 200 https://registry.npmjs.org/aggregate-error 298ms (cache miss)
2016 http fetch GET 200 https://registry.npmjs.org/jackspeak 311ms (cache miss)
2017 http fetch GET 200 https://registry.npmjs.org/path-scurry 311ms (cache miss)
2018 http fetch GET 200 https://registry.npmjs.org/foreground-child 313ms (cache miss)
2019 timing idealTree:node_modules/cacache Completed in 323ms
2020 timing idealTree:node_modules/@npmcli/fs Completed in 0ms
2021 timing idealTree:node_modules/chrome-launcher Completed in 0ms
2022 timing idealTree:node_modules/ci-info Completed in 0ms
2023 timing idealTree:node_modules/component-type Completed in 0ms
2024 silly placeDep node_modules/connect debug@2.6.9 OK for: connect@3.7.0 want: 2.6.9
2025 silly placeDep ROOT finalhandler@1.1.2 OK for: connect@3.7.0 want: 1.1.2
2026 silly fetch manifest unpipe@~1.0.0
2027 silly fetch manifest statuses@~1.5.0
2028 silly fetch manifest on-finished@~2.3.0
2029 silly placeDep ROOT parseurl@1.3.3 OK for: connect@3.7.0 want: ~1.3.3
2030 silly placeDep ROOT utils-merge@1.0.1 OK for: connect@3.7.0 want: 1.0.1
2031 http fetch GET 200 https://registry.npmjs.org/unpipe 276ms (cache miss)
2032 timing idealTree:node_modules/connect Completed in 280ms
2033 timing idealTree:node_modules/dotenv Completed in 0ms
2034 timing idealTree:node_modules/dotenv-expand Completed in 0ms
2035 timing idealTree:node_modules/env-editor Completed in 0ms
2036 timing idealTree:node_modules/exec-async Completed in 0ms
2037 silly placeDep ROOT expo-constants@16.0.2 OK for: expo-asset@10.0.10 want: ~16.0.0
2038 silly placeDep ROOT md5-file@3.2.3 OK for: expo-asset@10.0.10 want: ^3.2.3
2039 silly fetch manifest buffer-alloc@^1.1.0
2040 http fetch GET 200 https://registry.npmjs.org/buffer-alloc 272ms (cache miss)
2041 timing idealTree:node_modules/expo-asset Completed in 284ms
2042 timing idealTree:node_modules/expo-constants Completed in 0ms
2043 timing idealTree:node_modules/expo-file-system Completed in 0ms
2044 silly placeDep ROOT fontfaceobserver@2.3.0 OK for: expo-font@12.0.10 want: ^2.1.0
2045 timing idealTree:node_modules/expo-font Completed in 2ms
2046 silly placeDep ROOT expo-image-loader@4.7.0 OK for: expo-image-picker@15.1.0 want: ~4.7.0
2047 timing idealTree:node_modules/expo-image-picker Completed in 7ms
2048 timing idealTree:node_modules/expo-image-loader Completed in 0ms
2049 timing idealTree:node_modules/expo-keep-awake Completed in 0ms
2050 silly placeDep ROOT commander@7.2.0 OK for: expo-modules-autolinking@1.11.3 want: ^7.2.0
2051 silly placeDep node_modules/expo-modules-autolinking fs-extra@9.1.0 OK for: expo-modules-autolinking@1.11.3 want: ^9.1.0
2052 timing idealTree:node_modules/expo-modules-autolinking Completed in 4ms
2053 timing idealTree:node_modules/commander Completed in 0ms
2054 timing idealTree:node_modules/expo-modules-core Completed in 0ms
2055 timing idealTree:node_modules/expo-status-bar Completed in 0ms
2056 timing idealTree:node_modules/fast-deep-equal Completed in 0ms
2057 silly placeDep node_modules/fast-glob glob-parent@5.1.2 OK for: fast-glob@3.3.3 want: ^5.1.2
2058 silly placeDep ROOT merge2@1.4.1 OK for: fast-glob@3.3.3 want: ^1.3.0
2059 silly placeDep ROOT micromatch@4.0.8 OK for: fast-glob@3.3.3 want: ^4.0.8
2060 silly fetch manifest braces@^3.0.3
2061 silly fetch manifest picomatch@^2.3.1
2062 http fetch GET 200 https://registry.npmjs.org/braces 269ms (cache miss)
2063 timing idealTree:node_modules/fast-glob Completed in 278ms
2064 timing idealTree:node_modules/fast-json-stable-stringify Completed in 0ms
2065 silly placeDep ROOT reusify@1.1.0 OK for: fastq@1.20.1 want: ^1.0.4
2066 timing idealTree:node_modules/fastq Completed in 1ms
2067 silly placeDep ROOT fbjs@3.0.5 OK for: fbemitter@3.0.0 want: ^3.0.0
2068 silly fetch manifest cross-fetch@^3.1.5
2069 silly fetch manifest fbjs-css-vars@^1.0.0
2070 silly fetch manifest object-assign@^4.1.0
2071 silly fetch manifest promise@^7.1.1
2072 silly fetch manifest setimmediate@^1.0.5
2073 silly fetch manifest ua-parser-js@^1.0.35
2074 http fetch GET 200 https://registry.npmjs.org/fbjs-css-vars 254ms (cache miss)
2075 http fetch GET 200 https://registry.npmjs.org/setimmediate 286ms (cache miss)
2076 http fetch GET 200 https://registry.npmjs.org/cross-fetch 318ms (cache miss)
2077 http fetch GET 200 https://registry.npmjs.org/object-assign 740ms (cache miss)
2078 http fetch GET 200 https://registry.npmjs.org/ua-parser-js 883ms (cache miss)
2079 timing idealTree:node_modules/fbemitter Completed in 890ms
2080 silly placeDep ROOT cross-fetch@3.2.0 OK for: fbjs@3.0.5 want: ^3.1.5
2081 silly placeDep ROOT fbjs-css-vars@1.0.2 OK for: fbjs@3.0.5 want: ^1.0.0
2082 silly placeDep ROOT loose-envify@1.4.0 OK for: fbjs@3.0.5 want: ^1.0.0
2083 silly placeDep ROOT object-assign@4.1.1 OK for: fbjs@3.0.5 want: ^4.1.0
2084 silly placeDep ROOT promise@7.3.1 OK for: fbjs@3.0.5 want: ^7.1.1
2085 silly fetch manifest asap@~2.0.3
2086 silly placeDep ROOT setimmediate@1.0.5 OK for: fbjs@3.0.5 want: ^1.0.5
2087 silly placeDep ROOT ua-parser-js@1.0.41 OK for: fbjs@3.0.5 want: ^1.0.35
2088 http fetch GET 200 https://registry.npmjs.org/asap 273ms (cache miss)
2089 timing idealTree:node_modules/fbjs Completed in 295ms
2090 timing idealTree:node_modules/cross-fetch Completed in 0ms
2091 timing idealTree:node_modules/fbjs-css-vars Completed in 0ms
2092 timing idealTree:node_modules/fetch-retry Completed in 0ms
2093 silly placeDep ROOT flat-cache@3.2.0 OK for: file-entry-cache@6.0.1 want: ^3.0.4
2094 silly fetch manifest keyv@^4.5.3
2095 silly fetch manifest flatted@^3.2.9
2096 http fetch GET 200 https://registry.npmjs.org/keyv 268ms (cache miss)
2097 http fetch GET 200 https://registry.npmjs.org/flatted 698ms (cache miss)
2098 timing idealTree:node_modules/file-entry-cache Completed in 703ms
2099 silly placeDep node_modules/finalhandler debug@2.6.9 OK for: finalhandler@1.1.2 want: 2.6.9
2100 silly placeDep ROOT encodeurl@1.0.2 OK for: finalhandler@1.1.2 want: ~1.0.2
2101 silly placeDep ROOT escape-html@1.0.3 OK for: finalhandler@1.1.2 want: ~1.0.3
2102 silly placeDep ROOT on-finished@2.3.0 OK for: finalhandler@1.1.2 want: ~2.3.0
2103 silly fetch manifest ee-first@1.1.1
2104 silly placeDep ROOT statuses@1.5.0 OK for: finalhandler@1.1.2 want: ~1.5.0
2105 silly placeDep ROOT unpipe@1.0.0 OK for: finalhandler@1.1.2 want: ~1.0.0
2106 http fetch GET 200 https://registry.npmjs.org/ee-first 281ms (cache miss)
2107 timing idealTree:node_modules/finalhandler Completed in 288ms
2108 timing idealTree:node_modules/encodeurl Completed in 0ms
2109 timing idealTree:node_modules/escape-html Completed in 0ms
2110 silly placeDep ROOT locate-path@6.0.0 OK for: find-up@5.0.0 want: ^6.0.0
2111 silly fetch manifest p-locate@^5.0.0
2112 silly placeDep ROOT path-exists@4.0.0 OK for: find-up@5.0.0 want: ^4.0.0
2113 http fetch GET 200 https://registry.npmjs.org/p-locate 444ms (cache miss)
2114 timing idealTree:node_modules/find-up Completed in 447ms
2115 timing idealTree:node_modules/find-yarn-workspace-root Completed in 0ms
2116 silly placeDep ROOT flatted@3.3.3 OK for: flat-cache@3.2.0 want: ^3.2.9
2117 silly placeDep ROOT keyv@4.5.4 OK for: flat-cache@3.2.0 want: ^4.5.3
2118 silly fetch manifest json-buffer@3.0.1
2119 http fetch GET 200 https://registry.npmjs.org/json-buffer 268ms (cache miss)
2120 timing idealTree:node_modules/flat-cache Completed in 271ms
2121 timing idealTree:node_modules/flatted Completed in 0ms
2122 timing idealTree:node_modules/flow-parser Completed in 0ms
2123 timing idealTree:node_modules/fontfaceobserver Completed in 0ms
2124 silly placeDep ROOT asynckit@0.4.0 OK for: form-data@3.0.4 want: ^0.4.0
2125 silly placeDep ROOT combined-stream@1.0.8 OK for: form-data@3.0.4 want: ^1.0.8
2126 silly fetch manifest delayed-stream@~1.0.0
2127 silly placeDep ROOT es-set-tostringtag@2.1.0 OK for: form-data@3.0.4 want: ^2.1.0
2128 silly fetch manifest es-errors@^1.3.0
2129 silly fetch manifest get-intrinsic@^1.2.6
2130 silly fetch manifest has-tostringtag@^1.0.2
2131 silly placeDep ROOT hasown@2.0.2 OK for: form-data@3.0.4 want: ^2.0.2
2132 silly fetch manifest function-bind@^1.1.2
2133 http fetch GET 200 https://registry.npmjs.org/delayed-stream 298ms (cache miss)
2134 http fetch GET 200 https://registry.npmjs.org/has-tostringtag 327ms (cache miss)
2135 http fetch GET 200 https://registry.npmjs.org/function-bind 326ms (cache miss)
2136 http fetch GET 200 https://registry.npmjs.org/get-intrinsic 332ms (cache miss)
2137 http fetch GET 200 https://registry.npmjs.org/es-errors 739ms (cache miss)
2138 timing idealTree:node_modules/form-data Completed in 750ms
2139 timing idealTree:node_modules/asynckit Completed in 0ms
2140 silly placeDep ROOT delayed-stream@1.0.0 OK for: combined-stream@1.0.8 want: ~1.0.0
2141 timing idealTree:node_modules/combined-stream Completed in 1ms
2142 timing idealTree:node_modules/delayed-stream Completed in 0ms
2143 silly placeDep ROOT es-errors@1.3.0 OK for: es-set-tostringtag@2.1.0 want: ^1.3.0
2144 silly placeDep ROOT get-intrinsic@1.3.0 OK for: es-set-tostringtag@2.1.0 want: ^1.2.6
2145 silly fetch manifest gopd@^1.2.0
2146 silly fetch manifest get-proto@^1.0.1
2147 silly fetch manifest has-symbols@^1.1.0
2148 silly fetch manifest es-object-atoms@^1.1.1
2149 silly fetch manifest math-intrinsics@^1.1.0
2150 silly fetch manifest es-define-property@^1.0.1
2151 silly fetch manifest call-bind-apply-helpers@^1.0.2
2152 silly placeDep ROOT has-tostringtag@1.0.2 OK for: es-set-tostringtag@2.1.0 want: ^1.0.2
2153 silly fetch manifest has-symbols@^1.0.3
2154 http fetch GET 200 https://registry.npmjs.org/math-intrinsics 279ms (cache miss)
2155 http fetch GET 200 https://registry.npmjs.org/get-proto 282ms (cache miss)
2156 http fetch GET 200 https://registry.npmjs.org/es-object-atoms 289ms (cache miss)
2157 http fetch GET 200 https://registry.npmjs.org/has-symbols 291ms (cache miss)
2158 http fetch GET 200 https://registry.npmjs.org/es-define-property 290ms (cache miss)
2159 http fetch GET 200 https://registry.npmjs.org/has-symbols 291ms (cache miss)
2160 http fetch GET 200 https://registry.npmjs.org/gopd 695ms (cache miss)
2161 http fetch GET 200 https://registry.npmjs.org/call-bind-apply-helpers 740ms (cache miss)
2162 timing idealTree:node_modules/es-set-tostringtag Completed in 747ms
2163 timing idealTree:node_modules/es-errors Completed in 0ms
2164 timing idealTree:node_modules/freeport-async Completed in 0ms
2165 silly placeDep ROOT graceful-fs@4.2.11 OK for: fs-extra@8.1.0 want: ^4.2.0
2166 silly placeDep ROOT jsonfile@4.0.0 OK for: fs-extra@8.1.0 want: ^4.0.0
2167 silly placeDep ROOT universalify@0.1.2 OK for: fs-extra@8.1.0 want: ^0.1.0
2168 timing idealTree:node_modules/fs-extra Completed in 6ms
2169 timing idealTree:node_modules/fs-minipass Completed in 0ms
2170 timing idealTree:node_modules/gensync Completed in 0ms
2171 silly placeDep ROOT call-bind-apply-helpers@1.0.2 OK for: get-intrinsic@1.3.0 want: ^1.0.2
2172 silly placeDep ROOT es-define-property@1.0.1 OK for: get-intrinsic@1.3.0 want: ^1.0.1
2173 silly placeDep ROOT es-object-atoms@1.1.1 OK for: get-intrinsic@1.3.0 want: ^1.1.1
2174 silly placeDep ROOT function-bind@1.1.2 OK for: get-intrinsic@1.3.0 want: ^1.1.2
2175 silly placeDep ROOT get-proto@1.0.1 OK for: get-intrinsic@1.3.0 want: ^1.0.1
2176 silly fetch manifest dunder-proto@^1.0.1
2177 silly placeDep ROOT gopd@1.2.0 OK for: get-intrinsic@1.3.0 want: ^1.2.0
2178 silly placeDep ROOT has-symbols@1.1.0 OK for: get-intrinsic@1.3.0 want: ^1.1.0
2179 silly placeDep ROOT math-intrinsics@1.1.0 OK for: get-intrinsic@1.3.0 want: ^1.1.0
2180 http fetch GET 200 https://registry.npmjs.org/dunder-proto 392ms (cache miss)
2181 timing idealTree:node_modules/get-intrinsic Completed in 399ms
2182 timing idealTree:node_modules/call-bind-apply-helpers Completed in 0ms
2183 timing idealTree:node_modules/es-define-property Completed in 0ms
2184 timing idealTree:node_modules/es-object-atoms Completed in 0ms
2185 timing idealTree:node_modules/function-bind Completed in 0ms
2186 silly placeDep ROOT dunder-proto@1.0.1 OK for: get-proto@1.0.1 want: ^1.0.1
2187 timing idealTree:node_modules/get-proto Completed in 1ms
2188 timing idealTree:node_modules/dunder-proto Completed in 0ms
2189 timing idealTree:node_modules/getenv Completed in 0ms
2190 silly placeDep ROOT fs.realpath@1.0.0 OK for: glob@7.2.3 want: ^1.0.0
2191 silly placeDep ROOT inflight@1.0.6 OK for: glob@7.2.3 want: ^1.0.4
2192 silly fetch manifest wrappy@1
2193 silly placeDep ROOT inherits@2.0.4 OK for: glob@7.2.3 want: 2
2194 silly placeDep node_modules/glob minimatch@3.1.2 OK for: glob@7.2.3 want: ^3.1.1
2195 silly placeDep ROOT once@1.4.0 OK for: glob@7.2.3 want: ^1.3.0
2196 silly placeDep ROOT path-is-absolute@1.0.1 OK for: glob@7.2.3 want: ^1.0.0
2197 http fetch GET 200 https://registry.npmjs.org/wrappy 568ms (cache miss)
2198 timing idealTree:node_modules/glob Completed in 573ms
2199 timing idealTree:node_modules/fs.realpath Completed in 0ms
2200 timing idealTree:node_modules/glob-parent Completed in 0ms
2201 silly placeDep ROOT type-fest@0.20.2 OK for: globals@13.24.0 want: ^0.20.2
2202 timing idealTree:node_modules/globals Completed in 2ms
2203 silly placeDep ROOT array-union@2.1.0 OK for: globby@11.1.0 want: ^2.1.0
2204 silly placeDep ROOT dir-glob@3.0.1 OK for: globby@11.1.0 want: ^3.0.1
2205 silly fetch manifest path-type@^4.0.0
2206 http fetch GET 200 https://registry.npmjs.org/path-type 906ms (cache miss)
2207 timing idealTree:node_modules/globby Completed in 910ms
2208 timing idealTree:node_modules/array-union Completed in 0ms
2209 silly placeDep ROOT path-type@4.0.0 OK for: dir-glob@3.0.1 want: ^4.0.0
2210 timing idealTree:node_modules/dir-glob Completed in 1ms
2211 timing idealTree:node_modules/gopd Completed in 0ms
2212 timing idealTree:node_modules/graceful-fs Completed in 0ms
2213 timing idealTree:node_modules/graphemer Completed in 0ms
2214 timing idealTree:node_modules/graphql Completed in 0ms
2215 silly placeDep ROOT tslib@2.8.1 OK for: graphql-tag@2.12.6 want: ^2.1.0
2216 timing idealTree:node_modules/graphql-tag Completed in 1ms
2217 timing idealTree:node_modules/has-symbols Completed in 0ms
2218 timing idealTree:node_modules/has-tostringtag Completed in 0ms
2219 timing idealTree:node_modules/hasown Completed in 0ms
2220 silly placeDep ROOT agent-base@6.0.2 OK for: https-proxy-agent@5.0.1 want: 6
2221 timing idealTree:node_modules/https-proxy-agent Completed in 1ms
2222 timing idealTree:node_modules/agent-base Completed in 0ms
2223 timing idealTree:node_modules/ignore Completed in 0ms
2224 silly placeDep ROOT parent-module@1.0.1 OK for: import-fresh@3.3.1 want: ^1.0.0
2225 silly fetch manifest callsites@^3.0.0
2226 silly placeDep node_modules/import-fresh resolve-from@4.0.0 OK for: import-fresh@3.3.1 want: ^4.0.0
2227 http fetch GET 200 https://registry.npmjs.org/callsites 386ms (cache miss)
2228 timing idealTree:node_modules/import-fresh Completed in 389ms
2229 timing idealTree:node_modules/imurmurhash Completed in 0ms
2230 silly placeDep ROOT wrappy@1.0.2 OK for: inflight@1.0.6 want: 1
2231 timing idealTree:node_modules/inflight Completed in 1ms
2232 timing idealTree:node_modules/inherits Completed in 0ms
2233 silly placeDep ROOT default-gateway@4.2.0 OK for: internal-ip@4.3.0 want: ^4.2.0
2234 silly fetch manifest execa@^1.0.0
2235 silly fetch manifest ip-regex@^2.1.0
2236 silly placeDep ROOT ipaddr.js@1.9.1 OK for: internal-ip@4.3.0 want: ^1.9.0
2237 http fetch GET 200 https://registry.npmjs.org/execa 325ms (cache miss)
2238 http fetch GET 200 https://registry.npmjs.org/ip-regex 914ms (cache miss)
2239 timing idealTree:node_modules/internal-ip Completed in 917ms
2240 silly placeDep ROOT execa@1.0.0 OK for: default-gateway@4.2.0 want: ^1.0.0
2241 silly fetch manifest is-stream@^1.1.0
2242 silly fetch manifest p-finally@^1.0.0
2243 silly fetch manifest strip-eof@^1.0.0
2244 silly fetch manifest get-stream@^4.0.0
2245 silly fetch manifest cross-spawn@^6.0.0
2246 silly fetch manifest signal-exit@^3.0.0
2247 silly fetch manifest npm-run-path@^2.0.0
2248 silly placeDep ROOT ip-regex@2.1.0 OK for: default-gateway@4.2.0 want: ^2.1.0
2249 http fetch GET 200 https://registry.npmjs.org/p-finally 299ms (cache miss)
2250 http fetch GET 200 https://registry.npmjs.org/get-stream 318ms (cache miss)
2251 http fetch GET 200 https://registry.npmjs.org/strip-eof 801ms (cache miss)
2252 http fetch GET 200 https://registry.npmjs.org/npm-run-path 855ms (cache miss)
2253 timing idealTree:node_modules/default-gateway Completed in 861ms
2254 silly placeDep node_modules/execa cross-spawn@6.0.6 OK for: execa@1.0.0 want: ^6.0.0
2255 silly fetch manifest nice-try@^1.0.4
2256 silly fetch manifest path-key@^2.0.1
2257 silly fetch manifest semver@^5.5.0
2258 silly fetch manifest shebang-command@^1.2.0
2259 silly fetch manifest which@^1.2.9
2260 silly placeDep ROOT get-stream@4.1.0 OK for: execa@1.0.0 want: ^4.0.0
2261 silly fetch manifest pump@^3.0.0
2262 silly placeDep ROOT is-stream@1.1.0 OK for: execa@1.0.0 want: ^1.1.0
2263 silly placeDep ROOT npm-run-path@2.0.2 OK for: execa@1.0.0 want: ^2.0.0
2264 silly fetch manifest path-key@^2.0.0
2265 silly placeDep ROOT p-finally@1.0.0 OK for: execa@1.0.0 want: ^1.0.0
2266 silly placeDep ROOT signal-exit@3.0.7 OK for: execa@1.0.0 want: ^3.0.0
2267 silly placeDep ROOT strip-eof@1.0.0 OK for: execa@1.0.0 want: ^1.0.0
2268 http fetch GET 200 https://registry.npmjs.org/pump 304ms (cache miss)
2269 http fetch GET 200 https://registry.npmjs.org/nice-try 314ms (cache miss)
2270 timing idealTree:node_modules/execa Completed in 318ms
2271 silly placeDep ROOT pump@3.0.3 OK for: get-stream@4.1.0 want: ^3.0.0
2272 silly fetch manifest end-of-stream@^1.1.0
2273 http fetch GET 200 https://registry.npmjs.org/end-of-stream 787ms (cache miss)
2274 timing idealTree:node_modules/get-stream Completed in 790ms
2275 timing idealTree:node_modules/invariant Completed in 0ms
2276 timing idealTree:node_modules/ip-regex Completed in 0ms
2277 timing idealTree:node_modules/ipaddr.js Completed in 0ms
2278 timing idealTree:node_modules/is-docker Completed in 0ms
2279 silly placeDep ROOT is-extglob@2.1.1 OK for: is-glob@4.0.3 want: ^2.1.1
2280 timing idealTree:node_modules/is-glob Completed in 2ms
2281 timing idealTree:node_modules/is-extglob Completed in 0ms
2282 timing idealTree:node_modules/is-path-inside Completed in 0ms
2283 timing idealTree:node_modules/is-stream Completed in 0ms
2284 timing idealTree:node_modules/is-wsl Completed in 0ms
2285 timing idealTree:node_modules/jimp-compact Completed in 0ms
2286 timing idealTree:node_modules/join-component Completed in 0ms
2287 timing idealTree:node_modules/js-tokens Completed in 0ms
2288 silly placeDep ROOT argparse@2.0.1 OK for: js-yaml@4.1.1 want: ^2.0.1
2289 timing idealTree:node_modules/js-yaml Completed in 2ms
2290 timing idealTree:node_modules/argparse Completed in 0ms
2291 timing idealTree:node_modules/jsc-safe-url Completed in 0ms
2292 silly fetch manifest @babel/core@^7.13.16
2293 silly placeDep ROOT @babel/preset-flow@7.27.1 OK for: jscodeshift@0.14.0 want: ^7.13.13
2294 silly placeDep ROOT @babel/preset-typescript@7.28.5 OK for: jscodeshift@0.14.0 want: ^7.13.0
2295 silly placeDep ROOT @babel/register@7.28.6 OK for: jscodeshift@0.14.0 want: ^7.13.16
2296 silly fetch manifest clone-deep@^4.0.1
2297 silly fetch manifest find-cache-dir@^2.0.0
2298 silly fetch manifest make-dir@^2.1.0
2299 silly fetch manifest pirates@^4.0.6
2300 silly placeDep ROOT babel-core@7.0.0-bridge.0 OK for: jscodeshift@0.14.0 want: ^7.0.0-bridge.0
2301 silly placeDep ROOT neo-async@2.6.2 OK for: jscodeshift@0.14.0 want: ^2.5.0
2302 silly placeDep ROOT node-dir@0.1.17 OK for: jscodeshift@0.14.0 want: ^0.1.17
2303 silly fetch manifest minimatch@^3.0.2
2304 silly placeDep ROOT recast@0.21.5 OK for: jscodeshift@0.14.0 want: ^0.21.0
2305 silly fetch manifest esprima@~4.0.0
2306 silly fetch manifest ast-types@0.15.2
2307 silly fetch manifest source-map@~0.6.1
2308 silly placeDep ROOT temp@0.8.4 OK for: jscodeshift@0.14.0 want: ^0.8.4
2309 silly fetch manifest rimraf@~2.6.2
2310 http fetch GET 200 https://registry.npmjs.org/find-cache-dir 284ms (cache miss)
2311 http fetch GET 200 https://registry.npmjs.org/clone-deep 367ms (cache miss)
2312 http fetch GET 200 https://registry.npmjs.org/ast-types 702ms (cache miss)
2313 http fetch GET 200 https://registry.npmjs.org/make-dir 713ms (cache miss)
2314 timing idealTree:node_modules/jscodeshift Completed in 759ms
2315 timing idealTree:node_modules/@babel/preset-flow Completed in 0ms
2316 timing idealTree:node_modules/@babel/preset-typescript Completed in 0ms
2317 silly placeDep ROOT clone-deep@4.0.1 OK for: @babel/register@7.28.6 want: ^4.0.1
2318 silly fetch manifest is-plain-object@^2.0.4
2319 silly fetch manifest kind-of@^6.0.2
2320 silly fetch manifest shallow-clone@^3.0.0
2321 silly placeDep ROOT find-cache-dir@2.1.0 OK for: @babel/register@7.28.6 want: ^2.0.0
2322 silly fetch manifest pkg-dir@^3.0.0
2323 silly fetch manifest make-dir@^2.0.0
2324 silly fetch manifest commondir@^1.0.1
2325 silly placeDep ROOT make-dir@2.1.0 OK for: @babel/register@7.28.6 want: ^2.1.0
2326 silly fetch manifest pify@^4.0.1
2327 silly placeDep ROOT pirates@4.0.7 OK for: @babel/register@7.28.6 want: ^4.0.6
2328 http fetch GET 200 https://registry.npmjs.org/commondir 280ms (cache miss)
2329 http fetch GET 200 https://registry.npmjs.org/shallow-clone 288ms (cache miss)
2330 http fetch GET 200 https://registry.npmjs.org/kind-of 321ms (cache miss)
2331 http fetch GET 200 https://registry.npmjs.org/is-plain-object 342ms (cache miss)
2332 http fetch GET 200 https://registry.npmjs.org/pkg-dir 719ms (cache miss)
2333 http fetch GET 200 https://registry.npmjs.org/pify 745ms (cache miss)
2334 timing idealTree:node_modules/@babel/register Completed in 755ms
2335 timing idealTree:node_modules/babel-core Completed in 0ms
2336 silly placeDep ROOT is-plain-object@2.0.4 OK for: clone-deep@4.0.1 want: ^2.0.4
2337 silly fetch manifest isobject@^3.0.1
2338 silly placeDep ROOT kind-of@6.0.3 OK for: clone-deep@4.0.1 want: ^6.0.2
2339 silly placeDep ROOT shallow-clone@3.0.1 OK for: clone-deep@4.0.1 want: ^3.0.0
2340 http fetch GET 200 https://registry.npmjs.org/isobject 733ms (cache miss)
2341 timing idealTree:node_modules/clone-deep Completed in 736ms
2342 silly placeDep ROOT commondir@1.0.1 OK for: find-cache-dir@2.1.0 want: ^1.0.1
2343 silly placeDep ROOT pkg-dir@3.0.0 OK for: find-cache-dir@2.1.0 want: ^3.0.0
2344 silly fetch manifest find-up@^3.0.0
2345 timing idealTree:node_modules/find-cache-dir Completed in 4ms
2346 timing idealTree:node_modules/commondir Completed in 0ms
2347 silly placeDep ROOT isobject@3.0.1 OK for: is-plain-object@2.0.4 want: ^3.0.1
2348 timing idealTree:node_modules/is-plain-object Completed in 5ms
2349 timing idealTree:node_modules/isobject Completed in 0ms
2350 timing idealTree:node_modules/jsesc Completed in 0ms
2351 silly placeDep ROOT clone@2.1.2 OK for: json-schema-deref-sync@0.13.0 want: ^2.1.2
2352 silly placeDep ROOT dag-map@1.0.2 OK for: json-schema-deref-sync@0.13.0 want: ~1.0.0
2353 silly placeDep ROOT is-valid-path@0.1.1 OK for: json-schema-deref-sync@0.13.0 want: ^0.1.1
2354 silly fetch manifest is-invalid-path@^0.1.0
2355 silly placeDep ROOT lodash@4.17.21 OK for: json-schema-deref-sync@0.13.0 want: ^4.17.13
2356 silly placeDep node_modules/json-schema-deref-sync md5@2.2.1 OK for: json-schema-deref-sync@0.13.0 want: ~2.2.0
2357 silly fetch manifest crypt@~0.0.1
2358 silly fetch manifest charenc@~0.0.1
2359 silly fetch manifest is-buffer@~1.1.1
2360 silly placeDep ROOT memory-cache@0.2.0 OK for: json-schema-deref-sync@0.13.0 want: ~0.2.0
2361 silly placeDep ROOT traverse@0.6.11 OK for: json-schema-deref-sync@0.13.0 want: ~0.6.6
2362 silly fetch manifest typedarray.prototype.slice@^1.0.5
2363 silly fetch manifest which-typed-array@^1.1.18
2364 silly placeDep ROOT valid-url@1.0.9 OK for: json-schema-deref-sync@0.13.0 want: ~1.0.9
2365 http fetch GET 200 https://registry.npmjs.org/is-invalid-path 307ms (cache miss)
2366 http fetch GET 200 https://registry.npmjs.org/typedarray.prototype.slice 301ms (cache miss)
2367 http fetch GET 200 https://registry.npmjs.org/which-typed-array 302ms (cache miss)
2368 timing idealTree:node_modules/json-schema-deref-sync Completed in 321ms
2369 timing idealTree:node_modules/clone Completed in 0ms
2370 timing idealTree:node_modules/dag-map Completed in 0ms
2371 silly placeDep ROOT is-invalid-path@0.1.0 OK for: is-valid-path@0.1.1 want: ^0.1.0
2372 silly fetch manifest is-glob@^2.0.0
2373 timing idealTree:node_modules/is-valid-path Completed in 2ms
2374 silly placeDep node_modules/is-invalid-path is-glob@2.0.1 OK for: is-invalid-path@0.1.0 want: ^2.0.0
2375 silly fetch manifest is-extglob@^1.0.0
2376 timing idealTree:node_modules/is-invalid-path Completed in 6ms
2377 timing idealTree:node_modules/json-schema-traverse Completed in 0ms
2378 timing idealTree:node_modules/json-stable-stringify-without-jsonify Completed in 0ms
2379 timing idealTree:node_modules/json5 Completed in 0ms
2380 timing idealTree:node_modules/jsonfile Completed in 0ms
2381 silly placeDep ROOT json-buffer@3.0.1 OK for: keyv@4.5.4 want: 3.0.1
2382 timing idealTree:node_modules/keyv Completed in 2ms
2383 timing idealTree:node_modules/json-buffer Completed in 0ms
2384 timing idealTree:node_modules/kind-of Completed in 0ms
2385 silly placeDep ROOT prelude-ls@1.2.1 OK for: levn@0.4.1 want: ^1.2.1
2386 silly placeDep ROOT type-check@0.4.0 OK for: levn@0.4.1 want: ~0.4.0
2387 timing idealTree:node_modules/levn Completed in 4ms
2388 silly placeDep node_modules/lighthouse-logger debug@2.6.9 OK for: lighthouse-logger@1.4.2 want: ^2.6.9
2389 silly placeDep ROOT marky@1.3.0 OK for: lighthouse-logger@1.4.2 want: ^1.2.2
2390 timing idealTree:node_modules/lighthouse-logger Completed in 8ms
2391 silly placeDep ROOT detect-libc@1.0.3 OK for: lightningcss@1.19.0 want: ^1.0.3
2392 silly placeDep ROOT lightningcss-darwin-arm64@1.19.0 OK for: lightningcss@1.19.0 want: 1.19.0
2393 silly placeDep ROOT lightningcss-darwin-x64@1.19.0 OK for: lightningcss@1.19.0 want: 1.19.0
2394 silly placeDep ROOT lightningcss-linux-arm-gnueabihf@1.19.0 OK for: lightningcss@1.19.0 want: 1.19.0
2395 silly placeDep ROOT lightningcss-linux-arm64-gnu@1.19.0 OK for: lightningcss@1.19.0 want: 1.19.0
2396 silly placeDep ROOT lightningcss-linux-arm64-musl@1.19.0 OK for: lightningcss@1.19.0 want: 1.19.0
2397 silly placeDep ROOT lightningcss-linux-x64-gnu@1.19.0 OK for: lightningcss@1.19.0 want: 1.19.0
2398 silly placeDep ROOT lightningcss-linux-x64-musl@1.19.0 OK for: lightningcss@1.19.0 want: 1.19.0
2399 silly placeDep ROOT lightningcss-win32-x64-msvc@1.19.0 OK for: lightningcss@1.19.0 want: 1.19.0
2400 timing idealTree:node_modules/lightningcss Completed in 25ms
2401 timing idealTree:node_modules/detect-libc Completed in 0ms
2402 timing idealTree:node_modules/lightningcss-darwin-arm64 Completed in 0ms
2403 timing idealTree:node_modules/lightningcss-darwin-x64 Completed in 0ms
2404 timing idealTree:node_modules/lightningcss-linux-arm-gnueabihf Completed in 0ms
2405 timing idealTree:node_modules/lightningcss-linux-arm64-gnu Completed in 0ms
2406 timing idealTree:node_modules/lightningcss-linux-arm64-musl Completed in 0ms
2407 timing idealTree:node_modules/lightningcss-linux-x64-gnu Completed in 0ms
2408 timing idealTree:node_modules/lightningcss-linux-x64-musl Completed in 0ms
2409 timing idealTree:node_modules/lightningcss-win32-x64-msvc Completed in 0ms
2410 silly placeDep ROOT p-locate@5.0.0 OK for: locate-path@6.0.0 want: ^5.0.0
2411 silly fetch manifest p-limit@^3.0.2
2412 http fetch GET 200 https://registry.npmjs.org/p-limit 329ms (cache miss)
2413 timing idealTree:node_modules/locate-path Completed in 333ms
2414 timing idealTree:node_modules/lodash Completed in 0ms
2415 timing idealTree:node_modules/lodash.debounce Completed in 0ms
2416 timing idealTree:node_modules/lodash.merge Completed in 0ms
2417 timing idealTree:node_modules/loose-envify Completed in 0ms
2418 silly placeDep ROOT yallist@3.1.1 OK for: lru-cache@5.1.1 want: ^3.0.2
2419 timing idealTree:node_modules/lru-cache Completed in 3ms
2420 silly placeDep ROOT pify@4.0.1 OK for: make-dir@2.1.0 want: ^4.0.1
2421 silly placeDep node_modules/make-dir semver@5.7.2 OK for: make-dir@2.1.0 want: ^5.6.0
2422 timing idealTree:node_modules/make-dir Completed in 6ms
2423 timing idealTree:node_modules/marky Completed in 0ms
2424 timing idealTree:node_modules/math-intrinsics Completed in 0ms
2425 silly placeDep ROOT charenc@0.0.2 OK for: md5@2.3.0 want: 0.0.2
2426 silly placeDep ROOT crypt@0.0.2 OK for: md5@2.3.0 want: 0.0.2
2427 silly placeDep ROOT is-buffer@1.1.6 OK for: md5@2.3.0 want: ~1.1.6
2428 timing idealTree:node_modules/md5 Completed in 4ms
2429 timing idealTree:node_modules/charenc Completed in 0ms
2430 timing idealTree:node_modules/crypt Completed in 0ms
2431 timing idealTree:node_modules/is-buffer Completed in 0ms
2432 silly placeDep ROOT buffer-alloc@1.2.0 OK for: md5-file@3.2.3 want: ^1.1.0
2433 silly fetch manifest buffer-alloc-unsafe@^1.1.0
2434 silly fetch manifest buffer-fill@^1.0.0
2435 http fetch GET 200 https://registry.npmjs.org/buffer-alloc-unsafe 316ms (cache miss)
2436 http fetch GET 200 https://registry.npmjs.org/buffer-fill 818ms (cache miss)
2437 timing idealTree:node_modules/md5-file Completed in 823ms
2438 silly placeDep ROOT buffer-alloc-unsafe@1.1.0 OK for: buffer-alloc@1.2.0 want: ^1.1.0
2439 silly placeDep ROOT buffer-fill@1.0.0 OK for: buffer-alloc@1.2.0 want: ^1.0.0
2440 timing idealTree:node_modules/buffer-alloc Completed in 8ms
2441 timing idealTree:node_modules/buffer-alloc-unsafe Completed in 0ms
2442 timing idealTree:node_modules/buffer-fill Completed in 0ms
2443 timing idealTree:node_modules/md5hex Completed in 0ms
2444 timing idealTree:node_modules/memory-cache Completed in 0ms
2445 timing idealTree:node_modules/merge2 Completed in 0ms
2446 silly placeDep ROOT braces@3.0.3 OK for: micromatch@4.0.8 want: ^3.0.3
2447 silly fetch manifest fill-range@^7.1.1
2448 silly placeDep node_modules/micromatch picomatch@2.3.1 OK for: micromatch@4.0.8 want: ^2.3.1
2449 http fetch GET 200 https://registry.npmjs.org/fill-range 887ms (cache miss)
2450 timing idealTree:node_modules/micromatch Completed in 894ms
2451 silly placeDep ROOT fill-range@7.1.1 OK for: braces@3.0.3 want: ^7.1.1
2452 silly fetch manifest to-regex-range@^5.0.1
2453 http fetch GET 200 https://registry.npmjs.org/to-regex-range 324ms (cache miss)
2454 timing idealTree:node_modules/braces Completed in 327ms
2455 silly placeDep ROOT to-regex-range@5.0.1 OK for: fill-range@7.1.1 want: ^5.0.1
2456 silly fetch manifest is-number@^7.0.0
2457 http fetch GET 200 https://registry.npmjs.org/is-number 747ms (cache miss)
2458 timing idealTree:node_modules/fill-range Completed in 750ms
2459 silly placeDep ROOT mime-db@1.52.0 OK for: mime-types@2.1.35 want: 1.52.0
2460 timing idealTree:node_modules/mime-types Completed in 2ms
2461 timing idealTree:node_modules/mime-db Completed in 0ms
2462 silly placeDep ROOT brace-expansion@2.0.2 OK for: minimatch@9.0.3 want: ^2.0.1
2463 silly fetch manifest balanced-match@^1.0.0
2464 http fetch GET 200 https://registry.npmjs.org/balanced-match 286ms (cache miss)
2465 timing idealTree:node_modules/minimatch Completed in 290ms
2466 silly placeDep ROOT balanced-match@1.0.2 OK for: brace-expansion@2.0.2 want: ^1.0.0
2467 timing idealTree:node_modules/brace-expansion Completed in 1ms
2468 timing idealTree:node_modules/balanced-match Completed in 0ms
2469 timing idealTree:node_modules/minipass Completed in 0ms
2470 timing idealTree:node_modules/minipass-collect Completed in 0ms
2471 silly placeDep node_modules/minipass-flush minipass@3.3.6 OK for: minipass-flush@1.0.5 want: ^3.0.0
2472 timing idealTree:node_modules/minipass-flush Completed in 1ms
2473 silly placeDep node_modules/minipass-pipeline minipass@3.3.6 OK for: minipass-pipeline@1.2.4 want: ^3.0.0
2474 timing idealTree:node_modules/minipass-pipeline Completed in 2ms
2475 silly placeDep ROOT minimist@1.2.8 OK for: mkdirp@0.5.6 want: ^1.2.6
2476 timing idealTree:node_modules/mkdirp Completed in 1ms
2477 timing idealTree:node_modules/minimist Completed in 0ms
2478 timing idealTree:node_modules/ms Completed in 0ms
2479 timing idealTree:node_modules/nanoid Completed in 0ms
2480 timing idealTree:node_modules/natural-compare Completed in 0ms
2481 timing idealTree:node_modules/negotiator Completed in 0ms
2482 timing idealTree:node_modules/neo-async Completed in 0ms
2483 silly placeDep node_modules/node-dir minimatch@3.1.2 OK for: node-dir@0.1.17 want: ^3.0.2
2484 timing idealTree:node_modules/node-dir Completed in 2ms
2485 silly placeDep ROOT whatwg-url@5.0.0 OK for: node-fetch@2.7.0 want: ^5.0.0
2486 silly fetch manifest tr46@~0.0.3
2487 silly fetch manifest webidl-conversions@^3.0.0
2488 http fetch GET 200 https://registry.npmjs.org/tr46 701ms (cache miss)
2489 timing idealTree:node_modules/node-fetch Completed in 704ms
2490 timing idealTree:node_modules/node-forge Completed in 0ms
2491 timing idealTree:node_modules/node-releases Completed in 0ms
2492 silly placeDep ROOT hosted-git-info@3.0.8 OK for: npm-package-arg@7.0.0 want: ^3.0.2
2493 silly fetch manifest lru-cache@^6.0.0
2494 silly placeDep ROOT osenv@0.1.5 OK for: npm-package-arg@7.0.0 want: ^0.1.5
2495 silly fetch manifest os-tmpdir@^1.0.0
2496 silly fetch manifest os-homedir@^1.0.0
2497 silly placeDep node_modules/npm-package-arg semver@5.7.2 OK for: npm-package-arg@7.0.0 want: ^5.6.0
2498 silly placeDep ROOT validate-npm-package-name@3.0.0 OK for: npm-package-arg@7.0.0 want: ^3.0.0
2499 silly fetch manifest builtins@^1.0.3
2500 http fetch GET 200 https://registry.npmjs.org/os-homedir 256ms (cache miss)
2501 http fetch GET 200 https://registry.npmjs.org/os-tmpdir 257ms (cache miss)
2502 http fetch GET 200 https://registry.npmjs.org/builtins 274ms (cache miss)
2503 timing idealTree:node_modules/npm-package-arg Completed in 283ms
2504 silly placeDep node_modules/hosted-git-info lru-cache@6.0.0 OK for: hosted-git-info@3.0.8 want: ^6.0.0
2505 timing idealTree:node_modules/hosted-git-info Completed in 2ms
2506 silly placeDep node_modules/npm-run-path path-key@2.0.1 OK for: npm-run-path@2.0.2 want: ^2.0.0
2507 timing idealTree:node_modules/npm-run-path Completed in 1ms
2508 timing idealTree:node_modules/nullthrows Completed in 0ms
2509 timing idealTree:node_modules/object-assign Completed in 0ms
2510 silly placeDep ROOT ee-first@1.1.1 OK for: on-finished@2.3.0 want: 1.1.1
2511 timing idealTree:node_modules/on-finished Completed in 2ms
2512 timing idealTree:node_modules/ee-first Completed in 0ms
2513 timing idealTree:node_modules/once Completed in 0ms
2514 silly placeDep ROOT define-lazy-prop@2.0.0 OK for: open@8.4.2 want: ^2.0.0
2515 timing idealTree:node_modules/open Completed in 4ms
2516 timing idealTree:node_modules/define-lazy-prop Completed in 0ms
2517 silly placeDep ROOT deep-is@0.1.4 OK for: optionator@0.9.4 want: ^0.1.3
2518 silly placeDep ROOT fast-levenshtein@2.0.6 OK for: optionator@0.9.4 want: ^2.0.6
2519 silly placeDep ROOT word-wrap@1.2.5 OK for: optionator@0.9.4 want: ^1.2.5
2520 timing idealTree:node_modules/optionator Completed in 6ms
2521 timing idealTree:node_modules/deep-is Completed in 0ms
2522 timing idealTree:node_modules/fast-levenshtein Completed in 0ms
2523 silly placeDep node_modules/ora chalk@2.4.2 OK for: ora@3.4.0 want: ^2.4.2
2524 silly fetch manifest ansi-styles@^3.2.1
2525 silly fetch manifest supports-color@^5.3.0
2526 silly fetch manifest escape-string-regexp@^1.0.5
2527 silly placeDep ROOT cli-cursor@2.1.0 OK for: ora@3.4.0 want: ^2.1.0
2528 silly fetch manifest restore-cursor@^2.0.0
2529 silly placeDep ROOT cli-spinners@2.9.2 OK for: ora@3.4.0 want: ^2.0.0
2530 silly placeDep ROOT log-symbols@2.2.0 OK for: ora@3.4.0 want: ^2.2.0
2531 silly fetch manifest chalk@^2.0.1
2532 silly placeDep node_modules/ora strip-ansi@5.2.0 OK for: ora@3.4.0 want: ^5.2.0
2533 silly fetch manifest ansi-regex@^4.1.0
2534 silly placeDep ROOT wcwidth@1.0.1 OK for: ora@3.4.0 want: ^1.0.1
2535 silly fetch manifest defaults@^1.0.3
2536 http fetch GET 200 https://registry.npmjs.org/defaults 264ms (cache miss)
2537 http fetch GET 200 https://registry.npmjs.org/restore-cursor 746ms (cache miss)
2538 timing idealTree:node_modules/ora Completed in 752ms
2539 silly placeDep ROOT restore-cursor@2.0.0 OK for: cli-cursor@2.1.0 want: ^2.0.0
2540 silly fetch manifest onetime@^2.0.0
2541 http fetch GET 200 https://registry.npmjs.org/onetime 270ms (cache miss)
2542 timing idealTree:node_modules/cli-cursor Completed in 273ms
2543 timing idealTree:node_modules/cli-spinners Completed in 0ms
2544 silly placeDep node_modules/log-symbols chalk@2.4.2 OK for: log-symbols@2.2.0 want: ^2.0.1
2545 timing idealTree:node_modules/log-symbols Completed in 2ms
2546 silly placeDep ROOT os-homedir@1.0.2 OK for: osenv@0.1.5 want: ^1.0.0
2547 silly placeDep ROOT os-tmpdir@1.0.2 OK for: osenv@0.1.5 want: ^1.0.0
2548 timing idealTree:node_modules/osenv Completed in 3ms
2549 timing idealTree:node_modules/os-homedir Completed in 0ms
2550 timing idealTree:node_modules/os-tmpdir Completed in 0ms
2551 timing idealTree:node_modules/p-finally Completed in 0ms
2552 silly placeDep ROOT p-limit@3.1.0 OK for: p-locate@5.0.0 want: ^3.0.2
2553 silly fetch manifest yocto-queue@^0.1.0
2554 http fetch GET 200 https://registry.npmjs.org/yocto-queue 292ms (cache miss)
2555 timing idealTree:node_modules/p-locate Completed in 295ms
2556 silly placeDep ROOT yocto-queue@0.1.0 OK for: p-limit@3.1.0 want: ^0.1.0
2557 timing idealTree:node_modules/p-limit Completed in 1ms
2558 silly placeDep ROOT aggregate-error@3.1.0 OK for: p-map@4.0.0 want: ^3.0.0
2559 silly fetch manifest clean-stack@^2.0.0
2560 silly fetch manifest indent-string@^4.0.0
2561 http fetch GET 200 https://registry.npmjs.org/indent-string 385ms (cache miss)
2562 http fetch GET 200 https://registry.npmjs.org/clean-stack 388ms (cache miss)
2563 timing idealTree:node_modules/p-map Completed in 390ms
2564 silly placeDep ROOT clean-stack@2.2.0 OK for: aggregate-error@3.1.0 want: ^2.0.0
2565 silly placeDep ROOT indent-string@4.0.0 OK for: aggregate-error@3.1.0 want: ^4.0.0
2566 timing idealTree:node_modules/aggregate-error Completed in 3ms
2567 timing idealTree:node_modules/clean-stack Completed in 0ms
2568 timing idealTree:node_modules/indent-string Completed in 0ms
2569 silly placeDep ROOT callsites@3.1.0 OK for: parent-module@1.0.1 want: ^3.0.0
2570 timing idealTree:node_modules/parent-module Completed in 1ms
2571 timing idealTree:node_modules/callsites Completed in 0ms
2572 silly placeDep ROOT pngjs@3.4.0 OK for: parse-png@2.1.0 want: ^3.3.0
2573 timing idealTree:node_modules/parse-png Completed in 2ms
2574 timing idealTree:node_modules/parseurl Completed in 0ms
2575 timing idealTree:node_modules/path-exists Completed in 0ms
2576 timing idealTree:node_modules/path-is-absolute Completed in 0ms
2577 timing idealTree:node_modules/path-key Completed in 0ms
2578 timing idealTree:node_modules/path-type Completed in 0ms
2579 timing idealTree:node_modules/picocolors Completed in 0ms
2580 timing idealTree:node_modules/picomatch Completed in 0ms
2581 timing idealTree:node_modules/pify Completed in 0ms
2582 timing idealTree:node_modules/pirates Completed in 0ms
2583 silly placeDep node_modules/pkg-dir find-up@3.0.0 OK for: pkg-dir@3.0.0 want: ^3.0.0
2584 silly fetch manifest locate-path@^3.0.0
2585 timing idealTree:node_modules/pkg-dir Completed in 2ms
2586 timing idealTree:node_modules/pngjs Completed in 0ms
2587 silly placeDep ROOT source-map-js@1.2.1 OK for: postcss@8.4.49 want: ^1.2.1
2588 timing idealTree:node_modules/postcss Completed in 1ms
2589 timing idealTree:node_modules/prelude-ls Completed in 0ms
2590 timing idealTree:node_modules/pretty-bytes Completed in 0ms
2591 timing idealTree:node_modules/progress Completed in 0ms
2592 silly placeDep ROOT asap@2.0.6 OK for: promise@7.3.1 want: ~2.0.3
2593 timing idealTree:node_modules/promise Completed in 2ms
2594 timing idealTree:node_modules/asap Completed in 0ms
2595 silly placeDep ROOT kleur@3.0.3 OK for: prompts@2.4.2 want: ^3.0.3
2596 silly placeDep ROOT sisteransi@1.0.5 OK for: prompts@2.4.2 want: ^1.0.5
2597 timing idealTree:node_modules/prompts Completed in 2ms
2598 timing idealTree:node_modules/kleur Completed in 0ms
2599 silly placeDep ROOT end-of-stream@1.4.5 OK for: pump@3.0.3 want: ^1.1.0
2600 timing idealTree:node_modules/pump Completed in 1ms
2601 timing idealTree:node_modules/end-of-stream Completed in 0ms
2602 timing idealTree:node_modules/qrcode-terminal Completed in 0ms
2603 silly placeDep ROOT decode-uri-component@0.2.2 OK for: query-string@7.1.3 want: ^0.2.2
2604 silly placeDep ROOT filter-obj@1.1.0 OK for: query-string@7.1.3 want: ^1.1.0
2605 silly placeDep ROOT split-on-first@1.1.0 OK for: query-string@7.1.3 want: ^1.0.0
2606 silly placeDep ROOT strict-uri-encode@2.0.0 OK for: query-string@7.1.3 want: ^2.0.0
2607 timing idealTree:node_modules/query-string Completed in 5ms
2608 timing idealTree:node_modules/decode-uri-component Completed in 0ms
2609 timing idealTree:node_modules/filter-obj Completed in 0ms
2610 timing idealTree:node_modules/react Completed in 0ms
2611 timing idealTree:node_modules/react-is Completed in 0ms
2612 silly fetch manifest @types/react@^18.2.6
2613 silly fetch manifest react@^19.2.0
2614 silly placeDep ROOT @jest/create-cache-key-function@29.7.0 OK for: react-native@0.74.1 want: ^29.6.3
2615 silly fetch manifest @jest/types@^29.6.3
2616 silly placeDep ROOT @react-native-community/cli@13.6.6 OK for: react-native@0.74.1 want: 13.6.6
2617 silly fetch manifest execa@^5.0.0
2618 silly fetch manifest find-up@^4.1.0
2619 silly fetch manifest commander@^9.4.1
2620 silly fetch manifest deepmerge@^4.3.0
2621 silly fetch manifest @react-native-community/cli-clean@13.6.6
2622 silly fetch manifest @react-native-community/cli-tools@13.6.6
2623 silly fetch manifest @react-native-community/cli-types@13.6.6
2624 silly fetch manifest @react-native-community/cli-config@13.6.6
2625 silly fetch manifest @react-native-community/cli-doctor@13.6.6
2626 silly fetch manifest @react-native-community/cli-hermes@13.6.6
2627 silly fetch manifest @react-native-community/cli-server-api@13.6.6
2628 silly fetch manifest @react-native-community/cli-debugger-ui@13.6.6
2629 silly placeDep ROOT @react-native-community/cli-platform-android@13.6.6 OK for: react-native@0.74.1 want: 13.6.6
2630 silly fetch manifest logkitty@^0.7.1
2631 silly fetch manifest fast-xml-parser@^4.2.4
2632 silly placeDep ROOT @react-native-community/cli-platform-ios@13.6.6 OK for: react-native@0.74.1 want: 13.6.6
2633 silly fetch manifest @react-native-community/cli-platform-apple@13.6.6
2634 silly placeDep ROOT @react-native/assets-registry@0.74.83 OK for: react-native@0.74.1 want: 0.74.83
2635 silly placeDep node_modules/react-native @react-native/codegen@0.74.83 OK for: react-native@0.74.1 want: 0.74.83
2636 silly fetch manifest hermes-parser@0.19.1
2637 silly placeDep ROOT @react-native/community-cli-plugin@0.74.83 OK for: react-native@0.74.1 want: 0.74.83
2638 silly fetch manifest execa@^5.1.1
2639 silly fetch manifest metro@^0.80.3
2640 silly fetch manifest readline@^1.3.0
2641 silly fetch manifest metro-core@^0.80.3
2642 silly fetch manifest querystring@^0.2.1
2643 silly fetch manifest metro-config@^0.80.3
2644 silly fetch manifest @react-native/dev-middleware@0.74.83
2645 silly fetch manifest @react-native/metro-babel-transformer@0.74.83
2646 silly placeDep ROOT @react-native/gradle-plugin@0.74.83 OK for: react-native@0.74.1 want: 0.74.83
2647 silly placeDep ROOT @react-native/js-polyfills@0.74.83 OK for: react-native@0.74.1 want: 0.74.83
2648 silly placeDep node_modules/react-native @react-native/normalize-colors@0.74.83 OK for: react-native@0.74.1 want: 0.74.83
2649 silly placeDep ROOT @react-native/virtualized-lists@0.74.83 OK for: react-native@0.74.1 want: 0.74.83
2650 silly placeDep ROOT abort-controller@3.0.0 OK for: react-native@0.74.1 want: ^3.0.0
2651 silly fetch manifest event-target-shim@^5.0.0
2652 silly placeDep ROOT anser@1.4.10 OK for: react-native@0.74.1 want: ^1.4.9
2653 silly placeDep ROOT ansi-regex@5.0.1 OK for: react-native@0.74.1 want: ^5.0.0
2654 silly placeDep ROOT event-target-shim@5.0.1 OK for: react-native@0.74.1 want: ^5.0.1
2655 silly placeDep ROOT flow-enums-runtime@0.0.6 OK for: react-native@0.74.1 want: ^0.0.6
2656 silly placeDep ROOT jest-environment-node@29.7.0 OK for: react-native@0.74.1 want: ^29.6.3
2657 silly fetch manifest jest-mock@^29.7.0
2658 silly fetch manifest jest-util@^29.7.0
2659 silly fetch manifest @jest/environment@^29.7.0
2660 silly fetch manifest @jest/fake-timers@^29.7.0
2661 silly placeDep ROOT jsc-android@250231.0.0 OK for: react-native@0.74.1 want: ^250231.0.0
2662 silly placeDep ROOT memoize-one@5.2.1 OK for: react-native@0.74.1 want: ^5.0.0
2663 silly placeDep ROOT metro-runtime@0.80.12 OK for: react-native@0.74.1 want: ^0.80.3
2664 silly placeDep ROOT metro-source-map@0.80.12 OK for: react-native@0.74.1 want: ^0.80.3
2665 silly fetch manifest ob1@0.80.12
2666 silly fetch manifest vlq@^1.0.0
2667 silly fetch manifest source-map@^0.5.6
2668 silly fetch manifest metro-symbolicate@0.80.12
2669 silly placeDep ROOT pretty-format@26.6.2 OK for: react-native@0.74.1 want: ^26.5.2
2670 silly fetch manifest react-is@^17.0.1
2671 silly fetch manifest @jest/types@^26.6.2
2672 silly placeDep node_modules/react-native promise@8.3.0 OK for: react-native@0.74.1 want: ^8.3.0
2673 silly placeDep ROOT react-devtools-core@5.3.2 OK for: react-native@0.74.1 want: ^5.0.0
2674 silly fetch manifest ws@^7
2675 silly fetch manifest shell-quote@^1.6.1
2676 silly placeDep ROOT react-shallow-renderer@16.15.0 OK for: react-native@0.74.1 want: ^16.15.0
2677 silly placeDep ROOT regenerator-runtime@0.13.11 OK for: react-native@0.74.1 want: ^0.13.2
2678 silly placeDep ROOT scheduler@0.24.0-canary-efb381bbf-20230505 OK for: react-native@0.74.1 want: 0.24.0-canary-efb381bbf-20230505
2679 silly placeDep ROOT whatwg-fetch@3.6.20 OK for: react-native@0.74.1 want: ^3.0.0
2680 silly placeDep node_modules/react-native ws@6.2.3 OK for: react-native@0.74.1 want: ^6.2.2
2681 silly placeDep ROOT yargs@17.7.2 OK for: react-native@0.74.1 want: ^17.6.2
2682 silly fetch manifest y18n@^5.0.5
2683 silly fetch manifest cliui@^8.0.1
2684 silly fetch manifest escalade@^3.1.1
2685 silly fetch manifest string-width@^4.2.3
2686 silly fetch manifest yargs-parser@^21.1.1
2687 silly fetch manifest get-caller-file@^2.0.5
2688 silly fetch manifest require-directory@^2.1.1
2689 http fetch GET 200 https://registry.npmjs.org/hermes-parser 385ms (cache miss)
2690 http fetch GET 200 https://registry.npmjs.org/logkitty 396ms (cache miss)
2691 http fetch GET 200 https://registry.npmjs.org/fast-xml-parser 490ms (cache miss)
2692 http fetch GET 200 https://registry.npmjs.org/deepmerge 503ms (cache miss)
2693 http fetch GET 200 https://registry.npmjs.org/@jest%2ftypes 683ms (cache miss)
2694 http fetch GET 200 https://registry.npmjs.org/@react-native-community%2fcli-config 679ms (cache miss)
2695 http fetch GET 200 https://registry.npmjs.org/@react-native-community%2fcli-tools 727ms (cache miss)
2696 http fetch GET 200 https://registry.npmjs.org/@react-native-community%2fcli-server-api 756ms (cache miss)
2697 http fetch GET 200 https://registry.npmjs.org/@react-native-community%2fcli-hermes 777ms (cache miss)
2698 http fetch GET 200 https://registry.npmjs.org/@react-native-community%2fcli-clean 791ms (cache miss)
2699 http fetch GET 200 https://registry.npmjs.org/querystring 784ms (cache miss)
2700 http fetch GET 200 https://registry.npmjs.org/@react-native-community%2fcli-types 865ms (cache miss)
2701 http fetch GET 200 https://registry.npmjs.org/metro 888ms (cache miss)
2702 http fetch GET 200 https://registry.npmjs.org/metro-config 918ms (cache miss)
2703 http fetch GET 200 https://registry.npmjs.org/jest-mock 905ms (cache miss)
2704 http fetch GET 200 https://registry.npmjs.org/@jest%2ftypes 975ms (cache miss)
2705 http fetch GET 200 https://registry.npmjs.org/jest-util 1044ms (cache miss)
2706 http fetch GET 200 https://registry.npmjs.org/readline 1083ms (cache miss)
2707 http fetch GET 200 https://registry.npmjs.org/metro-symbolicate 1051ms (cache miss)
2708 http fetch GET 200 https://registry.npmjs.org/vlq 1149ms (cache miss)
2709 http fetch GET 200 https://registry.npmjs.org/metro-core 1178ms (cache miss)
2710 http fetch GET 200 https://registry.npmjs.org/shell-quote 1142ms (cache miss)
2711 http fetch GET 200 https://registry.npmjs.org/@react-native-community%2fcli-debugger-ui 1280ms (cache miss)
2712 http fetch GET 200 https://registry.npmjs.org/y18n 1236ms (cache miss)
2713 http fetch GET 200 https://registry.npmjs.org/@react-native%2fmetro-babel-transformer 1282ms (cache miss)
2714 http fetch GET 200 https://registry.npmjs.org/cliui 1249ms (cache miss)
2715 http fetch GET 200 https://registry.npmjs.org/yargs-parser 1368ms (cache miss)
2716 http fetch GET 200 https://registry.npmjs.org/get-caller-file 1369ms (cache miss)
2717 http fetch GET 200 https://registry.npmjs.org/require-directory 1369ms (cache miss)
2718 http fetch GET 200 https://registry.npmjs.org/@jest%2ffake-timers 1450ms (cache miss)
2719 http fetch GET 200 https://registry.npmjs.org/ob1 1461ms (cache miss)
2720 http fetch GET 200 https://registry.npmjs.org/@react-native-community%2fcli-platform-apple 1551ms (cache miss)
2721 http fetch GET 200 https://registry.npmjs.org/@react-native-community%2fcli-doctor 1608ms (cache miss)
2722 http fetch GET 200 https://registry.npmjs.org/@jest%2fenvironment 2215ms (cache miss)
2723 timing idealTree:node_modules/react-native Completed in 2277ms
2724 silly placeDep ROOT @jest/types@29.6.3 OK for: @jest/create-cache-key-function@29.7.0 want: ^29.6.3
2725 silly fetch manifest @types/yargs@^17.0.8
2726 silly fetch manifest @jest/schemas@^29.6.3
2727 silly fetch manifest @types/istanbul-reports@^3.0.0
2728 silly fetch manifest @types/istanbul-lib-coverage@^2.0.0
2729 http fetch GET 200 https://registry.npmjs.org/@types%2fyargs 552ms (cache miss)
2730 http fetch GET 200 https://registry.npmjs.org/@types%2fistanbul-lib-coverage 551ms (cache miss)
2731 http fetch GET 200 https://registry.npmjs.org/@types%2fistanbul-reports 569ms (cache miss)
2732 http fetch GET 200 https://registry.npmjs.org/@jest%2fschemas 608ms (cache miss)
2733 timing idealTree:node_modules/@jest/create-cache-key-function Completed in 613ms
2734 silly placeDep ROOT @jest/schemas@29.6.3 OK for: @jest/types@29.6.3 want: ^29.6.3
2735 silly fetch manifest @sinclair/typebox@^0.27.8
2736 silly placeDep ROOT @types/istanbul-lib-coverage@2.0.6 OK for: @jest/types@29.6.3 want: ^2.0.0
2737 silly placeDep ROOT @types/istanbul-reports@3.0.4 OK for: @jest/types@29.6.3 want: ^3.0.0
2738 silly fetch manifest @types/istanbul-lib-report@*
2739 silly placeDep ROOT @types/yargs@17.0.35 OK for: @jest/types@29.6.3 want: ^17.0.8
2740 silly fetch manifest @types/yargs-parser@*
2741 http fetch GET 200 https://registry.npmjs.org/@types%2fyargs-parser 515ms (cache miss)
2742 http fetch GET 200 https://registry.npmjs.org/@types%2fistanbul-lib-report 518ms (cache miss)
2743 http fetch GET 200 https://registry.npmjs.org/@sinclair%2ftypebox 633ms (cache miss)
2744 timing idealTree:node_modules/@jest/types Completed in 639ms
2745 silly placeDep ROOT @sinclair/typebox@0.27.8 OK for: @jest/schemas@29.6.3 want: ^0.27.8
2746 timing idealTree:node_modules/@jest/schemas Completed in 1ms
2747 silly placeDep ROOT @react-native-community/cli-clean@13.6.6 OK for: @react-native-community/cli@13.6.6 want: 13.6.6
2748 silly placeDep ROOT @react-native-community/cli-config@13.6.6 OK for: @react-native-community/cli@13.6.6 want: 13.6.6
2749 silly fetch manifest joi@^17.2.1
2750 silly fetch manifest cosmiconfig@^5.1.0
2751 silly placeDep ROOT @react-native-community/cli-debugger-ui@13.6.6 OK for: @react-native-community/cli@13.6.6 want: 13.6.6
2752 silly placeDep ROOT @react-native-community/cli-doctor@13.6.6 OK for: @react-native-community/cli@13.6.6 want: 13.6.6
2753 silly fetch manifest ora@^5.4.1
2754 silly fetch manifest yaml@^2.2.1
2755 silly fetch manifest envinfo@^7.10.0
2756 silly fetch manifest command-exists@^1.2.8
2757 silly fetch manifest node-stream-zip@^1.9.1
2758 silly fetch manifest hermes-profile-transformer@^0.0.6
2759 silly placeDep ROOT @react-native-community/cli-hermes@13.6.6 OK for: @react-native-community/cli@13.6.6 want: 13.6.6
2760 silly placeDep ROOT @react-native-community/cli-server-api@13.6.6 OK for: @react-native-community/cli@13.6.6 want: 13.6.6
2761 silly fetch manifest nocache@^3.0.1
2762 silly fetch manifest compression@^1.7.1
2763 silly fetch manifest errorhandler@^1.5.1
2764 silly placeDep ROOT @react-native-community/cli-tools@13.6.6 OK for: @react-native-community/cli@13.6.6 want: 13.6.6
2765 silly fetch manifest mime@^2.4.1
2766 silly fetch manifest open@^6.2.0
2767 silly fetch manifest appdirsjs@^1.2.4
2768 silly fetch manifest shell-quote@^1.7.3
2769 silly fetch manifest sudo-prompt@^9.0.0
2770 silly placeDep ROOT @react-native-community/cli-types@13.6.6 OK for: @react-native-community/cli@13.6.6 want: 13.6.6
2771 silly placeDep node_modules/@react-native-community/cli commander@9.5.0 OK for: @react-native-community/cli@13.6.6 want: ^9.4.1
2772 silly placeDep ROOT deepmerge@4.3.1 OK for: @react-native-community/cli@13.6.6 want: ^4.3.0
2773 silly placeDep node_modules/@react-native-community/cli execa@5.1.1 OK for: @react-native-community/cli@13.6.6 want: ^5.0.0
2774 silly fetch manifest onetime@^5.1.2
2775 silly fetch manifest get-stream@^6.0.0
2776 silly fetch manifest merge-stream@^2.0.0
2777 silly fetch manifest npm-run-path@^4.0.1
2778 silly fetch manifest human-signals@^2.1.0
2779 silly fetch manifest strip-final-newline@^2.0.0
2780 silly placeDep node_modules/@react-native-community/cli find-up@4.1.0 OK for: @react-native-community/cli@13.6.6 want: ^4.1.0
2781 silly fetch manifest locate-path@^5.0.0
2782 http fetch GET 200 https://registry.npmjs.org/strip-final-newline 278ms (cache miss)
2783 http fetch GET 200 https://registry.npmjs.org/errorhandler 297ms (cache miss)
2784 http fetch GET 200 https://registry.npmjs.org/joi 335ms (cache miss)
2785 http fetch GET 200 https://registry.npmjs.org/human-signals 381ms (cache miss)
2786 http fetch GET 200 https://registry.npmjs.org/envinfo 413ms (cache miss)
2787 http fetch GET 200 https://registry.npmjs.org/nocache 419ms (cache miss)
2788 http fetch GET 200 https://registry.npmjs.org/command-exists 430ms (cache miss)
2789 http fetch GET 200 https://registry.npmjs.org/appdirsjs 415ms (cache miss)
2790 http fetch GET 200 https://registry.npmjs.org/sudo-prompt 416ms (cache miss)
2791 http fetch GET 200 https://registry.npmjs.org/compression 431ms (cache miss)
2792 http fetch GET 200 https://registry.npmjs.org/hermes-profile-transformer 440ms (cache miss)
2793 http fetch GET 200 https://registry.npmjs.org/node-stream-zip 444ms (cache miss)
2794 http fetch GET 200 https://registry.npmjs.org/yaml 447ms (cache miss)
2795 http fetch GET 200 https://registry.npmjs.org/merge-stream 712ms (cache miss)
2796 http fetch GET 200 https://registry.npmjs.org/cosmiconfig 778ms (cache miss)
2797 timing idealTree:node_modules/@react-native-community/cli Completed in 789ms
2798 silly placeDep node_modules/@react-native-community/cli-clean execa@5.1.1 OK for: @react-native-community/cli-clean@13.6.6 want: ^5.0.0
2799 timing idealTree:node_modules/@react-native-community/cli-clean Completed in 3ms
2800 silly placeDep ROOT cosmiconfig@5.2.1 OK for: @react-native-community/cli-config@13.6.6 want: ^5.1.0
2801 silly fetch manifest import-fresh@^2.0.0
2802 silly fetch manifest is-directory@^0.3.1
2803 silly fetch manifest parse-json@^4.0.0
2804 silly placeDep ROOT joi@17.13.3 OK for: @react-native-community/cli-config@13.6.6 want: ^17.2.1
2805 silly fetch manifest @hapi/hoek@^9.3.0
2806 silly fetch manifest @hapi/topo@^5.1.0
2807 silly fetch manifest @sideway/address@^4.1.5
2808 silly fetch manifest @sideway/formula@^3.0.1
2809 silly fetch manifest @sideway/pinpoint@^2.0.0
2810 http fetch GET 200 https://registry.npmjs.org/is-directory 320ms (cache miss)
2811 http fetch GET 200 https://registry.npmjs.org/parse-json 383ms (cache miss)
2812 http fetch GET 200 https://registry.npmjs.org/@sideway%2faddress 656ms (cache miss)
2813 http fetch GET 200 https://registry.npmjs.org/@hapi%2fhoek 661ms (cache miss)
2814 http fetch GET 200 https://registry.npmjs.org/@sideway%2fformula 661ms (cache miss)
2815 http fetch GET 200 https://registry.npmjs.org/@sideway%2fpinpoint 1061ms (cache miss)
2816 http fetch GET 200 https://registry.npmjs.org/@hapi%2ftopo 1088ms (cache miss)
2817 timing idealTree:node_modules/@react-native-community/cli-config Completed in 1095ms
2818 timing idealTree:node_modules/@react-native-community/cli-debugger-ui Completed in 0ms
2819 silly placeDep ROOT @react-native-community/cli-platform-apple@13.6.6 OK for: @react-native-community/cli-doctor@13.6.6 want: 13.6.6
2820 silly fetch manifest fast-xml-parser@^4.0.12
2821 silly placeDep ROOT command-exists@1.2.9 OK for: @react-native-community/cli-doctor@13.6.6 want: ^1.2.8
2822 silly placeDep ROOT envinfo@7.21.0 OK for: @react-native-community/cli-doctor@13.6.6 want: ^7.10.0
2823 silly placeDep node_modules/@react-native-community/cli-doctor execa@5.1.1 OK for: @react-native-community/cli-doctor@13.6.6 want: ^5.0.0
2824 silly placeDep ROOT hermes-profile-transformer@0.0.6 OK for: @react-native-community/cli-doctor@13.6.6 want: ^0.0.6
2825 silly fetch manifest source-map@^0.7.3
2826 silly placeDep ROOT node-stream-zip@1.15.0 OK for: @react-native-community/cli-doctor@13.6.6 want: ^1.9.1
2827 silly placeDep node_modules/@react-native-community/cli-doctor ora@5.4.1 OK for: @react-native-community/cli-doctor@13.6.6 want: ^5.4.1
2828 silly fetch manifest bl@^4.1.0
2829 silly fetch manifest cli-cursor@^3.1.0
2830 silly fetch manifest log-symbols@^4.1.0
2831 silly fetch manifest is-interactive@^1.0.0
2832 silly fetch manifest is-unicode-supported@^0.1.0
2833 silly placeDep node_modules/@react-native-community/cli-doctor strip-ansi@5.2.0 OK for: @react-native-community/cli-doctor@13.6.6 want: ^5.2.0
2834 silly placeDep ROOT yaml@2.8.2 OK for: @react-native-community/cli-doctor@13.6.6 want: ^2.2.1
2835 http fetch GET 200 https://registry.npmjs.org/is-unicode-supported 369ms (cache miss)
2836 http fetch GET 200 https://registry.npmjs.org/is-interactive 376ms (cache miss)
2837 http fetch GET 200 https://registry.npmjs.org/bl 378ms (cache miss)
2838 timing idealTree:node_modules/@react-native-community/cli-doctor Completed in 400ms
2839 timing idealTree:node_modules/@react-native-community/cli-hermes Completed in 0ms
2840 silly placeDep node_modules/@react-native-community/cli-platform-android execa@5.1.1 OK for: @react-native-community/cli-platform-android@13.6.6 want: ^5.0.0
2841 silly placeDep ROOT fast-xml-parser@4.5.3 OK for: @react-native-community/cli-platform-android@13.6.6 want: ^4.2.4
2842 silly fetch manifest strnum@^1.1.1
2843 silly placeDep ROOT logkitty@0.7.1 OK for: @react-native-community/cli-platform-android@13.6.6 want: ^0.7.1
2844 silly fetch manifest ansi-fragments@^0.2.1
2845 silly fetch manifest dayjs@^1.8.15
2846 silly fetch manifest yargs@^15.1.0
2847 http fetch GET 200 https://registry.npmjs.org/dayjs 254ms (cache miss)
2848 http fetch GET 200 https://registry.npmjs.org/strnum 305ms (cache miss)
2849 http fetch GET 200 https://registry.npmjs.org/ansi-fragments 386ms (cache miss)
2850 timing idealTree:node_modules/@react-native-community/cli-platform-android Completed in 396ms
2851 silly placeDep node_modules/@react-native-community/cli-platform-apple execa@5.1.1 OK for: @react-native-community/cli-platform-apple@13.6.6 want: ^5.0.0
2852 silly placeDep node_modules/@react-native-community/cli-platform-apple ora@5.4.1 OK for: @react-native-community/cli-platform-apple@13.6.6 want: ^5.4.1
2853 timing idealTree:node_modules/@react-native-community/cli-platform-apple Completed in 6ms
2854 timing idealTree:node_modules/@react-native-community/cli-platform-ios Completed in 0ms
2855 silly placeDep ROOT compression@1.8.1 OK for: @react-native-community/cli-server-api@13.6.6 want: ^1.7.1
2856 silly fetch manifest bytes@3.1.2
2857 silly fetch manifest compressible@~2.0.18
2858 silly fetch manifest negotiator@~0.6.4
2859 silly fetch manifest on-headers@~1.1.0
2860 silly fetch manifest safe-buffer@5.2.1
2861 silly fetch manifest vary@~1.1.2
2862 silly placeDep ROOT errorhandler@1.5.2 OK for: @react-native-community/cli-server-api@13.6.6 want: ^1.5.1
2863 silly placeDep ROOT nocache@3.0.4 OK for: @react-native-community/cli-server-api@13.6.6 want: ^3.0.1
2864 silly placeDep node_modules/@react-native-community/cli-server-api ws@6.2.3 OK for: @react-native-community/cli-server-api@13.6.6 want: ^6.2.2
2865 http fetch GET 200 https://registry.npmjs.org/vary 297ms (cache miss)
2866 http fetch GET 200 https://registry.npmjs.org/compressible 301ms (cache miss)
2867 http fetch GET 200 https://registry.npmjs.org/on-headers 311ms (cache miss)
2868 http fetch GET 200 https://registry.npmjs.org/bytes 780ms (cache miss)
2869 http fetch GET 200 https://registry.npmjs.org/safe-buffer 778ms (cache miss)
2870 timing idealTree:node_modules/@react-native-community/cli-server-api Completed in 785ms
2871 silly placeDep ROOT appdirsjs@1.2.7 OK for: @react-native-community/cli-tools@13.6.6 want: ^1.2.4
2872 silly placeDep node_modules/@react-native-community/cli-tools execa@5.1.1 OK for: @react-native-community/cli-tools@13.6.6 want: ^5.0.0
2873 silly placeDep ROOT mime@2.6.0 OK for: @react-native-community/cli-tools@13.6.6 want: ^2.4.1
2874 silly placeDep node_modules/@react-native-community/cli-tools open@6.4.0 OK for: @react-native-community/cli-tools@13.6.6 want: ^6.2.0
2875 silly fetch manifest is-wsl@^1.1.0
2876 silly placeDep node_modules/@react-native-community/cli-tools ora@5.4.1 OK for: @react-native-community/cli-tools@13.6.6 want: ^5.4.1
2877 silly placeDep ROOT shell-quote@1.8.3 OK for: @react-native-community/cli-tools@13.6.6 want: ^1.7.3
2878 silly placeDep ROOT sudo-prompt@9.2.1 OK for: @react-native-community/cli-tools@13.6.6 want: ^9.0.0
2879 timing idealTree:node_modules/@react-native-community/cli-tools Completed in 13ms
2880 timing idealTree:node_modules/@react-native-community/cli-types Completed in 0ms
2881 timing idealTree:node_modules/@react-native/assets-registry Completed in 0ms
2882 silly placeDep node_modules/@react-native/community-cli-plugin @react-native/dev-middleware@0.74.83 OK for: @react-native/community-cli-plugin@0.74.83 want: 0.74.83
2883 silly fetch manifest @react-native/debugger-frontend@0.74.83
2884 silly placeDep ROOT @react-native/metro-babel-transformer@0.74.83 OK for: @react-native/community-cli-plugin@0.74.83 want: 0.74.83
2885 silly fetch manifest @react-native/babel-preset@0.74.83
2886 silly placeDep node_modules/@react-native/community-cli-plugin execa@5.1.1 OK for: @react-native/community-cli-plugin@0.74.83 want: ^5.1.1
2887 silly placeDep ROOT metro@0.80.12 OK for: @react-native/community-cli-plugin@0.74.83 want: ^0.80.3
2888 silly fetch manifest ws@^7.5.10
2889 silly fetch manifest throat@^5.0.0
2890 silly fetch manifest ci-info@^2.0.0
2891 silly fetch manifest denodeify@^1.2.1
2892 silly fetch manifest image-size@^1.0.2
2893 silly fetch manifest metro-core@0.80.12
2894 silly fetch manifest jest-worker@^29.6.3
2895 silly fetch manifest metro-cache@0.80.12
2896 silly fetch manifest metro-config@0.80.12
2897 silly fetch manifest hermes-parser@0.23.1
2898 silly fetch manifest metro-file-map@0.80.12
2899 silly fetch manifest metro-resolver@0.80.12
2900 silly fetch manifest lodash.throttle@^4.1.1
2901 silly fetch manifest metro-cache-key@0.80.12
2902 silly fetch manifest serialize-error@^2.1.0
2903 silly fetch manifest error-stack-parser@^2.0.6
2904 silly fetch manifest metro-transform-worker@0.80.12
2905 silly fetch manifest metro-babel-transformer@0.80.12
2906 silly fetch manifest metro-transform-plugins@0.80.12
2907 silly placeDep ROOT metro-config@0.80.12 OK for: @react-native/community-cli-plugin@0.74.83 want: ^0.80.3
2908 silly fetch manifest jest-validate@^29.6.3
2909 silly placeDep ROOT metro-core@0.80.12 OK for: @react-native/community-cli-plugin@0.74.83 want: ^0.80.3
2910 silly placeDep ROOT querystring@0.2.1 OK for: @react-native/community-cli-plugin@0.74.83 want: ^0.2.1
2911 silly placeDep ROOT readline@1.3.0 OK for: @react-native/community-cli-plugin@0.74.83 want: ^1.3.0
2912 http fetch GET 200 https://registry.npmjs.org/serialize-error 322ms (cache miss)
2913 http fetch GET 200 https://registry.npmjs.org/lodash.throttle 350ms (cache miss)
2914 http fetch GET 200 https://registry.npmjs.org/jest-validate 369ms (cache miss)
2915 http fetch GET 200 https://registry.npmjs.org/throat 387ms (cache miss)
2916 http fetch GET 200 https://registry.npmjs.org/jest-worker 448ms (cache miss)
2917 http fetch GET 200 https://registry.npmjs.org/metro-file-map 457ms (cache miss)
2918 http fetch GET 200 https://registry.npmjs.org/metro-transform-worker 468ms (cache miss)
2919 http fetch GET 200 https://registry.npmjs.org/error-stack-parser 507ms (cache miss)
2920 http fetch GET 200 https://registry.npmjs.org/metro-cache-key 515ms (cache miss)
2921 http fetch GET 200 https://registry.npmjs.org/metro-cache 753ms (cache miss)
2922 http fetch GET 200 https://registry.npmjs.org/metro-transform-plugins 926ms (cache miss)
2923 http fetch GET 200 https://registry.npmjs.org/image-size 980ms (cache miss)
2924 http fetch GET 200 https://registry.npmjs.org/denodeify 983ms (cache miss)
2925 http fetch GET 200 https://registry.npmjs.org/metro-babel-transformer 1063ms (cache miss)
2926 http fetch GET 200 https://registry.npmjs.org/metro-resolver 1444ms (cache miss)
2927 timing idealTree:node_modules/@react-native/community-cli-plugin Completed in 1468ms
2928 timing idealTree:node_modules/@react-native/gradle-plugin Completed in 0ms
2929 timing idealTree:node_modules/@react-native/js-polyfills Completed in 0ms
2930 silly placeDep node_modules/@react-native/metro-babel-transformer @react-native/babel-preset@0.74.83 OK for: @react-native/metro-babel-transformer@0.74.83 want: 0.74.83
2931 silly fetch manifest @react-native/babel-plugin-codegen@0.74.83
2932 silly fetch manifest @babel/plugin-proposal-logical-assignment-operators@^7.18.0
2933 silly placeDep ROOT hermes-parser@0.19.1 OK for: @react-native/metro-babel-transformer@0.74.83 want: 0.19.1
2934 silly fetch manifest hermes-estree@0.19.1
2935 http fetch GET 200 https://registry.npmjs.org/hermes-estree 285ms (cache miss)
2936 http fetch GET 200 https://registry.npmjs.org/@babel%2fplugin-proposal-logical-assignment-operators 959ms (cache miss)
2937 timing idealTree:node_modules/@react-native/metro-babel-transformer Completed in 975ms
2938 timing idealTree:node_modules/@react-native/virtualized-lists Completed in 0ms
2939 timing idealTree:node_modules/@sinclair/typebox Completed in 0ms
2940 timing idealTree:node_modules/@types/istanbul-lib-coverage Completed in 0ms
2941 silly placeDep ROOT @types/istanbul-lib-report@3.0.3 OK for: @types/istanbul-reports@3.0.4 want: *
2942 timing idealTree:node_modules/@types/istanbul-reports Completed in 2ms
2943 timing idealTree:node_modules/@types/istanbul-lib-report Completed in 0ms
2944 silly placeDep ROOT @types/yargs-parser@21.0.3 OK for: @types/yargs@17.0.35 want: *
2945 timing idealTree:node_modules/@types/yargs Completed in 2ms
2946 timing idealTree:node_modules/@types/yargs-parser Completed in 0ms
2947 timing idealTree:node_modules/abort-controller Completed in 0ms
2948 timing idealTree:node_modules/anser Completed in 0ms
2949 timing idealTree:node_modules/ansi-regex Completed in 0ms
2950 timing idealTree:node_modules/appdirsjs Completed in 0ms
2951 timing idealTree:node_modules/command-exists Completed in 0ms
2952 silly placeDep ROOT bytes@3.1.2 OK for: compression@1.8.1 want: 3.1.2
2953 silly placeDep ROOT compressible@2.0.18 OK for: compression@1.8.1 want: ~2.0.18
2954 silly placeDep node_modules/compression debug@2.6.9 OK for: compression@1.8.1 want: 2.6.9
2955 silly placeDep node_modules/compression negotiator@0.6.4 OK for: compression@1.8.1 want: ~0.6.4
2956 silly placeDep ROOT on-headers@1.1.0 OK for: compression@1.8.1 want: ~1.1.0
2957 silly placeDep ROOT safe-buffer@5.2.1 OK for: compression@1.8.1 want: 5.2.1
2958 silly placeDep ROOT vary@1.1.2 OK for: compression@1.8.1 want: ~1.1.2
2959 timing idealTree:node_modules/compression Completed in 10ms
2960 timing idealTree:node_modules/bytes Completed in 0ms
2961 timing idealTree:node_modules/compressible Completed in 0ms
2962 silly placeDep node_modules/cosmiconfig import-fresh@2.0.0 OK for: cosmiconfig@5.2.1 want: ^2.0.0
2963 silly fetch manifest caller-path@^2.0.0
2964 silly fetch manifest resolve-from@^3.0.0
2965 silly placeDep ROOT is-directory@0.3.1 OK for: cosmiconfig@5.2.1 want: ^0.3.1
2966 silly placeDep node_modules/cosmiconfig js-yaml@3.14.2 OK for: cosmiconfig@5.2.1 want: ^3.13.1
2967 silly placeDep ROOT parse-json@4.0.0 OK for: cosmiconfig@5.2.1 want: ^4.0.0
2968 silly fetch manifest error-ex@^1.3.1
2969 silly fetch manifest json-parse-better-errors@^1.0.1
2970 http fetch GET 200 https://registry.npmjs.org/json-parse-better-errors 272ms (cache miss)
2971 http fetch GET 200 https://registry.npmjs.org/error-ex 717ms (cache miss)
2972 http fetch GET 200 https://registry.npmjs.org/caller-path 743ms (cache miss)
2973 timing idealTree:node_modules/cosmiconfig Completed in 746ms
2974 timing idealTree:node_modules/deepmerge Completed in 0ms
2975 timing idealTree:node_modules/envinfo Completed in 0ms
2976 timing idealTree:node_modules/errorhandler Completed in 0ms
2977 timing idealTree:node_modules/event-target-shim Completed in 0ms
2978 silly placeDep ROOT strnum@1.1.2 OK for: fast-xml-parser@4.5.3 want: ^1.1.1
2979 timing idealTree:node_modules/fast-xml-parser Completed in 1ms
2980 timing idealTree:node_modules/flow-enums-runtime Completed in 0ms
2981 silly placeDep ROOT hermes-estree@0.19.1 OK for: hermes-parser@0.19.1 want: 0.19.1
2982 timing idealTree:node_modules/hermes-parser Completed in 2ms
2983 timing idealTree:node_modules/hermes-estree Completed in 0ms
2984 silly placeDep ROOT source-map@0.7.6 OK for: hermes-profile-transformer@0.0.6 want: ^0.7.3
2985 timing idealTree:node_modules/hermes-profile-transformer Completed in 2ms
2986 timing idealTree:node_modules/is-directory Completed in 0ms
2987 silly placeDep ROOT @jest/environment@29.7.0 OK for: jest-environment-node@29.7.0 want: ^29.7.0
2988 silly placeDep ROOT @jest/fake-timers@29.7.0 OK for: jest-environment-node@29.7.0 want: ^29.7.0
2989 silly fetch manifest jest-message-util@^29.7.0
2990 silly fetch manifest @sinonjs/fake-timers@^10.0.2
2991 silly placeDep ROOT jest-mock@29.7.0 OK for: jest-environment-node@29.7.0 want: ^29.7.0
2992 silly placeDep ROOT jest-util@29.7.0 OK for: jest-environment-node@29.7.0 want: ^29.7.0
2993 silly fetch manifest picomatch@^2.2.3
2994 http fetch GET 200 https://registry.npmjs.org/jest-message-util 309ms (cache miss)
2995 http fetch GET 200 https://registry.npmjs.org/@sinonjs%2ffake-timers 596ms (cache miss)
2996 timing idealTree:node_modules/jest-environment-node Completed in 602ms
2997 timing idealTree:node_modules/@jest/environment Completed in 1ms
2998 silly placeDep ROOT @sinonjs/fake-timers@10.3.0 OK for: @jest/fake-timers@29.7.0 want: ^10.0.2
2999 silly fetch manifest @sinonjs/commons@^3.0.0
3000 silly placeDep ROOT jest-message-util@29.7.0 OK for: @jest/fake-timers@29.7.0 want: ^29.7.0
3001 silly fetch manifest stack-utils@^2.0.3
3002 silly fetch manifest pretty-format@^29.7.0
3003 silly fetch manifest @types/stack-utils@^2.0.0
3004 http fetch GET 200 https://registry.npmjs.org/stack-utils 290ms (cache miss)
3005 http fetch GET 200 https://registry.npmjs.org/@sinonjs%2fcommons 638ms (cache miss)
3006 http fetch GET 200 https://registry.npmjs.org/@types%2fstack-utils 1400ms (cache miss)
3007 timing idealTree:node_modules/@jest/fake-timers Completed in 1408ms
3008 silly placeDep ROOT @sinonjs/commons@3.0.1 OK for: @sinonjs/fake-timers@10.3.0 want: ^3.0.0
3009 silly fetch manifest type-detect@4.0.8
3010 http fetch GET 200 https://registry.npmjs.org/type-detect 318ms (cache miss)
3011 timing idealTree:node_modules/@sinonjs/fake-timers Completed in 327ms
3012 silly placeDep ROOT type-detect@4.0.8 OK for: @sinonjs/commons@3.0.1 want: 4.0.8
3013 timing idealTree:node_modules/@sinonjs/commons Completed in 2ms
3014 silly placeDep ROOT @types/stack-utils@2.0.3 OK for: jest-message-util@29.7.0 want: ^2.0.0
3015 silly placeDep node_modules/jest-message-util pretty-format@29.7.0 OK for: jest-message-util@29.7.0 want: ^29.7.0
3016 silly fetch manifest react-is@^18.0.0
3017 silly fetch manifest ansi-styles@^5.0.0
3018 silly placeDep ROOT stack-utils@2.0.6 OK for: jest-message-util@29.7.0 want: ^2.0.3
3019 silly fetch manifest escape-string-regexp@^2.0.0
3020 timing idealTree:node_modules/jest-message-util Completed in 43ms
3021 timing idealTree:node_modules/@types/stack-utils Completed in 0ms
3022 timing idealTree:node_modules/jest-mock Completed in 0ms
3023 silly placeDep node_modules/jest-util picomatch@2.3.1 OK for: jest-util@29.7.0 want: ^2.2.3
3024 timing idealTree:node_modules/jest-util Completed in 2ms
3025 silly placeDep ROOT @hapi/hoek@9.3.0 OK for: joi@17.13.3 want: ^9.3.0
3026 silly placeDep ROOT @hapi/topo@5.1.0 OK for: joi@17.13.3 want: ^5.1.0
3027 silly placeDep ROOT @sideway/address@4.1.5 OK for: joi@17.13.3 want: ^4.1.5
3028 silly placeDep ROOT @sideway/formula@3.0.1 OK for: joi@17.13.3 want: ^3.0.1
3029 silly placeDep ROOT @sideway/pinpoint@2.0.0 OK for: joi@17.13.3 want: ^2.0.0
3030 timing idealTree:node_modules/joi Completed in 9ms
3031 timing idealTree:node_modules/@hapi/hoek Completed in 0ms
3032 timing idealTree:node_modules/@hapi/topo Completed in 0ms
3033 timing idealTree:node_modules/@sideway/address Completed in 0ms
3034 timing idealTree:node_modules/@sideway/formula Completed in 0ms
3035 timing idealTree:node_modules/@sideway/pinpoint Completed in 0ms
3036 timing idealTree:node_modules/jsc-android Completed in 0ms
3037 silly placeDep ROOT ansi-fragments@0.2.1 OK for: logkitty@0.7.1 want: ^0.2.1
3038 silly fetch manifest colorette@^1.0.7
3039 silly fetch manifest slice-ansi@^2.0.0
3040 silly fetch manifest strip-ansi@^5.0.0
3041 silly placeDep ROOT dayjs@1.11.19 OK for: logkitty@0.7.1 want: ^1.8.15
3042 silly placeDep node_modules/logkitty yargs@15.4.1 OK for: logkitty@0.7.1 want: ^15.1.0
3043 silly fetch manifest y18n@^4.0.0
3044 silly fetch manifest cliui@^6.0.0
3045 silly fetch manifest decamelize@^1.2.0
3046 silly fetch manifest set-blocking@^2.0.0
3047 silly fetch manifest string-width@^4.2.0
3048 silly fetch manifest which-module@^2.0.0
3049 silly fetch manifest yargs-parser@^18.1.2
3050 silly fetch manifest get-caller-file@^2.0.1
3051 silly fetch manifest require-main-filename@^2.0.0
3052 http fetch GET 200 https://registry.npmjs.org/colorette 286ms (cache miss)
3053 http fetch GET 200 https://registry.npmjs.org/slice-ansi 290ms (cache miss)
3054 http fetch GET 200 https://registry.npmjs.org/decamelize 319ms (cache miss)
3055 http fetch GET 200 https://registry.npmjs.org/set-blocking 347ms (cache miss)
3056 http fetch GET 200 https://registry.npmjs.org/require-main-filename 352ms (cache miss)
3057 http fetch GET 200 https://registry.npmjs.org/which-module 356ms (cache miss)
3058 timing idealTree:node_modules/logkitty Completed in 372ms
3059 silly placeDep ROOT colorette@1.4.0 OK for: ansi-fragments@0.2.1 want: ^1.0.7
3060 silly placeDep ROOT slice-ansi@2.1.0 OK for: ansi-fragments@0.2.1 want: ^2.0.0
3061 silly fetch manifest ansi-styles@^3.2.0
3062 silly fetch manifest astral-regex@^1.0.0
3063 silly fetch manifest is-fullwidth-code-point@^2.0.0
3064 silly placeDep node_modules/ansi-fragments strip-ansi@5.2.0 OK for: ansi-fragments@0.2.1 want: ^5.0.0
3065 http fetch GET 200 https://registry.npmjs.org/is-fullwidth-code-point 293ms (cache miss)
3066 http fetch GET 200 https://registry.npmjs.org/astral-regex 804ms (cache miss)
3067 timing idealTree:node_modules/ansi-fragments Completed in 816ms
3068 timing idealTree:node_modules/colorette Completed in 0ms
3069 timing idealTree:node_modules/dayjs Completed in 0ms
3070 timing idealTree:node_modules/memoize-one Completed in 0ms
3071 silly fetch manifest utf-8-validate@^5.0.2
3072 silly placeDep node_modules/metro ci-info@2.0.0 OK for: metro@0.80.12 want: ^2.0.0
3073 silly placeDep node_modules/metro debug@2.6.9 OK for: metro@0.80.12 want: ^2.2.0
3074 silly placeDep ROOT denodeify@1.2.1 OK for: metro@0.80.12 want: ^1.2.1
3075 silly placeDep ROOT error-stack-parser@2.1.4 OK for: metro@0.80.12 want: ^2.0.6
3076 silly fetch manifest stackframe@^1.3.4
3077 silly placeDep node_modules/metro hermes-parser@0.23.1 OK for: metro@0.80.12 want: 0.23.1
3078 silly fetch manifest hermes-estree@0.23.1
3079 silly placeDep ROOT image-size@1.2.1 OK for: metro@0.80.12 want: ^1.0.2
3080 silly fetch manifest queue@6.0.2
3081 silly placeDep ROOT jest-worker@29.7.0 OK for: metro@0.80.12 want: ^29.6.3
3082 silly fetch manifest supports-color@^8.0.0
3083 silly placeDep ROOT lodash.throttle@4.1.1 OK for: metro@0.80.12 want: ^4.1.1
3084 silly placeDep ROOT metro-babel-transformer@0.80.12 OK for: metro@0.80.12 want: 0.80.12
3085 silly placeDep ROOT metro-cache@0.80.12 OK for: metro@0.80.12 want: 0.80.12
3086 silly fetch manifest exponential-backoff@^3.1.1
3087 silly placeDep ROOT metro-cache-key@0.80.12 OK for: metro@0.80.12 want: 0.80.12
3088 silly placeDep ROOT metro-file-map@0.80.12 OK for: metro@0.80.12 want: 0.80.12
3089 silly fetch manifest walker@^1.0.7
3090 silly fetch manifest anymatch@^3.0.3
3091 silly fetch manifest fb-watchman@^2.0.0
3092 silly fetch manifest node-abort-controller@^3.1.1
3093 silly fetch manifest fsevents@^2.3.2
3094 silly placeDep ROOT metro-resolver@0.80.12 OK for: metro@0.80.12 want: 0.80.12
3095 silly placeDep ROOT metro-symbolicate@0.80.12 OK for: metro@0.80.12 want: 0.80.12
3096 silly fetch manifest through2@^2.0.1
3097 silly placeDep ROOT metro-transform-plugins@0.80.12 OK for: metro@0.80.12 want: 0.80.12
3098 silly placeDep ROOT metro-transform-worker@0.80.12 OK for: metro@0.80.12 want: 0.80.12
3099 silly fetch manifest metro-minify-terser@0.80.12
3100 silly placeDep ROOT serialize-error@2.1.0 OK for: metro@0.80.12 want: ^2.1.0
3101 silly placeDep node_modules/metro source-map@0.5.7 OK for: metro@0.80.12 want: ^0.5.6
3102 silly placeDep ROOT throat@5.0.0 OK for: metro@0.80.12 want: ^5.0.0
3103 silly placeDep node_modules/metro ws@7.5.10 OK for: metro@0.80.12 want: ^7.5.10
3104 http fetch GET 200 https://registry.npmjs.org/exponential-backoff 405ms (cache miss)
3105 http fetch GET 200 https://registry.npmjs.org/stackframe 426ms (cache miss)
3106 http fetch GET 200 https://registry.npmjs.org/walker 402ms (cache miss)
3107 http fetch GET 200 https://registry.npmjs.org/fb-watchman 400ms (cache miss)
3108 http fetch GET 200 https://registry.npmjs.org/fsevents 403ms (cache miss)
3109 http fetch GET 200 https://registry.npmjs.org/through2 397ms (cache miss)
3110 http fetch GET 200 https://registry.npmjs.org/queue 439ms (cache miss)
3111 http fetch GET 200 https://registry.npmjs.org/anymatch 418ms (cache miss)
3112 http fetch GET 200 https://registry.npmjs.org/metro-minify-terser 545ms (cache miss)
3113 http fetch GET 200 https://registry.npmjs.org/node-abort-controller 804ms (cache miss)
3114 timing idealTree:node_modules/metro Completed in 876ms
3115 timing idealTree:node_modules/denodeify Completed in 0ms
3116 silly placeDep ROOT stackframe@1.3.4 OK for: error-stack-parser@2.1.4 want: ^1.3.4
3117 timing idealTree:node_modules/error-stack-parser Completed in 2ms
3118 silly placeDep ROOT queue@6.0.2 OK for: image-size@1.2.1 want: 6.0.2
3119 timing idealTree:node_modules/image-size Completed in 2ms
3120 silly placeDep ROOT merge-stream@2.0.0 OK for: jest-worker@29.7.0 want: ^2.0.0
3121 silly placeDep node_modules/jest-worker supports-color@8.1.1 OK for: jest-worker@29.7.0 want: ^8.0.0
3122 timing idealTree:node_modules/jest-worker Completed in 3ms
3123 timing idealTree:node_modules/lodash.throttle Completed in 0ms
3124 timing idealTree:node_modules/merge-stream Completed in 0ms
3125 silly placeDep node_modules/metro-babel-transformer hermes-parser@0.23.1 OK for: metro-babel-transformer@0.80.12 want: 0.23.1
3126 timing idealTree:node_modules/metro-babel-transformer Completed in 1ms
3127 silly placeDep ROOT exponential-backoff@3.1.3 OK for: metro-cache@0.80.12 want: ^3.1.1
3128 timing idealTree:node_modules/metro-cache Completed in 2ms
3129 timing idealTree:node_modules/exponential-backoff Completed in 0ms
3130 timing idealTree:node_modules/metro-cache-key Completed in 0ms
3131 silly placeDep ROOT jest-validate@29.7.0 OK for: metro-config@0.80.12 want: ^29.6.3
3132 silly fetch manifest leven@^3.1.0
3133 silly fetch manifest camelcase@^6.2.0
3134 silly fetch manifest jest-get-type@^29.6.3
3135 http fetch GET 200 https://registry.npmjs.org/camelcase 298ms (cache miss)
3136 http fetch GET 200 https://registry.npmjs.org/leven 310ms (cache miss)
3137 http fetch GET 200 https://registry.npmjs.org/jest-get-type 738ms (cache miss)
3138 timing idealTree:node_modules/metro-config Completed in 745ms
3139 silly placeDep ROOT camelcase@6.3.0 OK for: jest-validate@29.7.0 want: ^6.2.0
3140 silly placeDep ROOT jest-get-type@29.6.3 OK for: jest-validate@29.7.0 want: ^29.6.3
3141 silly placeDep ROOT leven@3.1.0 OK for: jest-validate@29.7.0 want: ^3.1.0
3142 silly placeDep node_modules/jest-validate pretty-format@29.7.0 OK for: jest-validate@29.7.0 want: ^29.7.0
3143 timing idealTree:node_modules/jest-validate Completed in 7ms
3144 timing idealTree:node_modules/camelcase Completed in 0ms
3145 timing idealTree:node_modules/jest-get-type Completed in 0ms
3146 timing idealTree:node_modules/leven Completed in 0ms
3147 timing idealTree:node_modules/metro-core Completed in 0ms
3148 silly placeDep ROOT anymatch@3.1.3 OK for: metro-file-map@0.80.12 want: ^3.0.3
3149 silly fetch manifest picomatch@^2.0.4
3150 silly fetch manifest normalize-path@^3.0.0
3151 silly placeDep node_modules/metro-file-map debug@2.6.9 OK for: metro-file-map@0.80.12 want: ^2.2.0
3152 silly placeDep ROOT fb-watchman@2.0.2 OK for: metro-file-map@0.80.12 want: ^2.0.0
3153 silly fetch manifest bser@2.1.1
3154 silly placeDep ROOT fsevents@2.3.3 OK for: metro-file-map@0.80.12 want: ^2.3.2
3155 silly placeDep ROOT node-abort-controller@3.1.1 OK for: metro-file-map@0.80.12 want: ^3.1.1
3156 silly placeDep ROOT walker@1.0.8 OK for: metro-file-map@0.80.12 want: ^1.0.7
3157 silly fetch manifest makeerror@1.0.12
3158 http fetch GET 200 https://registry.npmjs.org/normalize-path 326ms (cache miss)
3159 http fetch GET 200 https://registry.npmjs.org/makeerror 316ms (cache miss)
3160 http fetch GET 200 https://registry.npmjs.org/bser 696ms (cache miss)
3161 timing idealTree:node_modules/metro-file-map Completed in 706ms
3162 silly placeDep ROOT normalize-path@3.0.0 OK for: anymatch@3.1.3 want: ^3.0.0
3163 silly placeDep node_modules/anymatch picomatch@2.3.1 OK for: anymatch@3.1.3 want: ^2.0.4
3164 timing idealTree:node_modules/anymatch Completed in 2ms
3165 silly placeDep ROOT bser@2.1.1 OK for: fb-watchman@2.0.2 want: 2.1.1
3166 silly fetch manifest node-int64@^0.4.0
3167 http fetch GET 200 https://registry.npmjs.org/node-int64 266ms (cache miss)
3168 timing idealTree:node_modules/fb-watchman Completed in 268ms
3169 silly placeDep ROOT node-int64@0.4.0 OK for: bser@2.1.1 want: ^0.4.0
3170 timing idealTree:node_modules/bser Completed in 3ms
3171 timing idealTree:node_modules/fsevents Completed in 0ms
3172 timing idealTree:node_modules/metro-resolver Completed in 0ms
3173 timing idealTree:node_modules/metro-runtime Completed in 0ms
3174 silly placeDep ROOT ob1@0.80.12 OK for: metro-source-map@0.80.12 want: 0.80.12
3175 silly placeDep node_modules/metro-source-map source-map@0.5.7 OK for: metro-source-map@0.80.12 want: ^0.5.6
3176 silly placeDep ROOT vlq@1.0.1 OK for: metro-source-map@0.80.12 want: ^1.0.0
3177 timing idealTree:node_modules/metro-source-map Completed in 5ms
3178 silly placeDep node_modules/metro-symbolicate source-map@0.5.7 OK for: metro-symbolicate@0.80.12 want: ^0.5.6
3179 silly placeDep ROOT through2@2.0.5 OK for: metro-symbolicate@0.80.12 want: ^2.0.1
3180 silly fetch manifest readable-stream@~2.3.6
3181 silly fetch manifest xtend@~4.0.1
3182 http fetch GET 200 https://registry.npmjs.org/xtend 316ms (cache miss)
3183 http fetch GET 200 https://registry.npmjs.org/readable-stream 729ms (cache miss)
3184 timing idealTree:node_modules/metro-symbolicate Completed in 735ms
3185 timing idealTree:node_modules/metro-transform-plugins Completed in 0ms
3186 silly placeDep ROOT metro-minify-terser@0.80.12 OK for: metro-transform-worker@0.80.12 want: 0.80.12
3187 silly fetch manifest terser@^5.15.0
3188 http fetch GET 200 https://registry.npmjs.org/terser 347ms (cache miss)
3189 timing idealTree:node_modules/metro-transform-worker Completed in 353ms
3190 silly placeDep ROOT terser@5.46.0 OK for: metro-minify-terser@0.80.12 want: ^5.15.0
3191 silly fetch manifest @jridgewell/source-map@^0.3.3
3192 silly fetch manifest commander@^2.20.0
3193 http fetch GET 200 https://registry.npmjs.org/@jridgewell%2fsource-map 638ms (cache miss)
3194 timing idealTree:node_modules/metro-minify-terser Completed in 642ms
3195 timing idealTree:node_modules/mime Completed in 0ms
3196 timing idealTree:node_modules/nocache Completed in 0ms
3197 timing idealTree:node_modules/node-abort-controller Completed in 0ms
3198 timing idealTree:node_modules/node-int64 Completed in 0ms
3199 timing idealTree:node_modules/node-stream-zip Completed in 0ms
3200 timing idealTree:node_modules/normalize-path Completed in 0ms
3201 timing idealTree:node_modules/ob1 Completed in 0ms
3202 timing idealTree:node_modules/on-headers Completed in 1ms
3203 silly placeDep ROOT error-ex@1.3.4 OK for: parse-json@4.0.0 want: ^1.3.1
3204 silly fetch manifest is-arrayish@^0.2.1
3205 silly placeDep ROOT json-parse-better-errors@1.0.2 OK for: parse-json@4.0.0 want: ^1.0.1
3206 http fetch GET 200 https://registry.npmjs.org/is-arrayish 689ms (cache miss)
3207 timing idealTree:node_modules/parse-json Completed in 692ms
3208 silly placeDep ROOT is-arrayish@0.2.1 OK for: error-ex@1.3.4 want: ^0.2.1
3209 timing idealTree:node_modules/error-ex Completed in 1ms
3210 timing idealTree:node_modules/is-arrayish Completed in 0ms
3211 timing idealTree:node_modules/json-parse-better-errors Completed in 0ms
3212 silly placeDep node_modules/pretty-format @jest/types@26.6.2 OK for: pretty-format@26.6.2 want: ^26.6.2
3213 silly fetch manifest @types/yargs@^15.0.0
3214 silly placeDep node_modules/pretty-format react-is@17.0.2 OK for: pretty-format@26.6.2 want: ^17.0.1
3215 timing idealTree:node_modules/pretty-format Completed in 4ms
3216 timing idealTree:node_modules/querystring Completed in 0ms
3217 timing idealTree:node_modules/queue Completed in 0ms
3218 silly placeDep node_modules/react-devtools-core ws@7.5.10 OK for: react-devtools-core@5.3.2 want: ^7
3219 timing idealTree:node_modules/react-devtools-core Completed in 3ms
3220 timing idealTree:node_modules/react-native-safe-area-context Completed in 0ms
3221 silly placeDep ROOT react-freeze@1.0.4 OK for: react-native-screens@3.37.0 want: ^1.0.0
3222 timing idealTree:node_modules/react-native-screens Completed in 4ms
3223 timing idealTree:node_modules/react-freeze Completed in 0ms
3224 timing idealTree:node_modules/react-refresh Completed in 0ms
3225 timing idealTree:node_modules/react-shallow-renderer Completed in 0ms
3226 timing idealTree:node_modules/readline Completed in 0ms
3227 silly placeDep ROOT ast-types@0.15.2 OK for: recast@0.21.5 want: 0.15.2
3228 silly placeDep ROOT esprima@4.0.1 OK for: recast@0.21.5 want: ~4.0.0
3229 silly placeDep node_modules/recast source-map@0.6.1 OK for: recast@0.21.5 want: ~0.6.1
3230 timing idealTree:node_modules/recast Completed in 5ms
3231 timing idealTree:node_modules/ast-types Completed in 0ms
3232 timing idealTree:node_modules/esprima Completed in 0ms
3233 timing idealTree:node_modules/regenerator-runtime Completed in 0ms
3234 silly placeDep ROOT regenerate@1.4.2 OK for: regexpu-core@6.4.0 want: ^1.4.2
3235 silly placeDep ROOT regenerate-unicode-properties@10.2.2 OK for: regexpu-core@6.4.0 want: ^10.2.2
3236 silly placeDep ROOT regjsgen@0.8.0 OK for: regexpu-core@6.4.0 want: ^0.8.0
3237 silly placeDep ROOT regjsparser@0.13.0 OK for: regexpu-core@6.4.0 want: ^0.13.0
3238 silly placeDep ROOT unicode-match-property-ecmascript@2.0.0 OK for: regexpu-core@6.4.0 want: ^2.0.0
3239 silly fetch manifest unicode-canonical-property-names-ecmascript@^2.0.0
3240 silly fetch manifest unicode-property-aliases-ecmascript@^2.0.0
3241 silly placeDep ROOT unicode-match-property-value-ecmascript@2.2.1 OK for: regexpu-core@6.4.0 want: ^2.2.1
3242 http fetch GET 200 https://registry.npmjs.org/unicode-property-aliases-ecmascript 320ms (cache miss)
3243 http fetch GET 200 https://registry.npmjs.org/unicode-canonical-property-names-ecmascript 321ms (cache miss)
3244 timing idealTree:node_modules/regexpu-core Completed in 330ms
3245 timing idealTree:node_modules/regenerate Completed in 0ms
3246 timing idealTree:node_modules/regenerate-unicode-properties Completed in 0ms
3247 timing idealTree:node_modules/regjsgen Completed in 0ms
3248 timing idealTree:node_modules/regjsparser Completed in 0ms
3249 timing idealTree:node_modules/remove-trailing-slash Completed in 0ms
3250 timing idealTree:node_modules/require-from-string Completed in 0ms
3251 silly placeDep ROOT nested-error-stacks@2.0.1 OK for: requireg@0.2.2 want: ~2.0.1
3252 silly placeDep ROOT rc@1.2.8 OK for: requireg@0.2.2 want: ~1.2.7
3253 silly fetch manifest ini@~1.3.0
3254 silly fetch manifest deep-extend@^0.6.0
3255 silly fetch manifest strip-json-comments@~2.0.1
3256 silly placeDep node_modules/requireg resolve@1.7.1 OK for: requireg@0.2.2 want: ~1.7.1
3257 silly fetch manifest path-parse@^1.0.5
3258 http fetch GET 200 https://registry.npmjs.org/ini 276ms (cache miss)
3259 http fetch GET 200 https://registry.npmjs.org/deep-extend 277ms (cache miss)
3260 timing idealTree:node_modules/requireg Completed in 283ms
3261 timing idealTree:node_modules/nested-error-stacks Completed in 0ms
3262 silly placeDep ROOT deep-extend@0.6.0 OK for: rc@1.2.8 want: ^0.6.0
3263 silly placeDep ROOT ini@1.3.8 OK for: rc@1.2.8 want: ~1.3.0
3264 silly placeDep node_modules/rc strip-json-comments@2.0.1 OK for: rc@1.2.8 want: ~2.0.1
3265 timing idealTree:node_modules/rc Completed in 4ms
3266 timing idealTree:node_modules/deep-extend Completed in 0ms
3267 timing idealTree:node_modules/ini Completed in 1ms
3268 silly placeDep ROOT is-core-module@2.16.1 OK for: resolve@1.22.11 want: ^2.16.1
3269 silly placeDep ROOT path-parse@1.0.7 OK for: resolve@1.22.11 want: ^1.0.7
3270 silly placeDep ROOT supports-preserve-symlinks-flag@1.0.0 OK for: resolve@1.22.11 want: ^1.0.0
3271 timing idealTree:node_modules/resolve Completed in 4ms
3272 timing idealTree:node_modules/is-core-module Completed in 0ms
3273 timing idealTree:node_modules/path-parse Completed in 0ms
3274 timing idealTree:node_modules/resolve-from Completed in 0ms
3275 timing idealTree:node_modules/resolve-workspace-root Completed in 0ms
3276 timing idealTree:node_modules/resolve.exports Completed in 0ms
3277 silly placeDep ROOT onetime@2.0.1 OK for: restore-cursor@2.0.0 want: ^2.0.0
3278 silly fetch manifest mimic-fn@^1.0.0
3279 http fetch GET 200 https://registry.npmjs.org/mimic-fn 267ms (cache miss)
3280 timing idealTree:node_modules/restore-cursor Completed in 272ms
3281 silly placeDep ROOT mimic-fn@1.2.0 OK for: onetime@2.0.1 want: ^1.0.0
3282 timing idealTree:node_modules/onetime Completed in 2ms
3283 timing idealTree:node_modules/mimic-fn Completed in 0ms
3284 timing idealTree:node_modules/reusify Completed in 0ms
3285 timing idealTree:node_modules/rimraf Completed in 0ms
3286 silly placeDep ROOT queue-microtask@1.2.3 OK for: run-parallel@1.2.0 want: ^1.2.2
3287 timing idealTree:node_modules/run-parallel Completed in 2ms
3288 timing idealTree:node_modules/queue-microtask Completed in 0ms
3289 timing idealTree:node_modules/safe-buffer Completed in 0ms
3290 timing idealTree:node_modules/scheduler Completed in 0ms
3291 silly placeDep ROOT @types/node-forge@1.3.14 OK for: selfsigned@2.4.1 want: ^1.3.0
3292 timing idealTree:node_modules/selfsigned Completed in 2ms
3293 timing idealTree:node_modules/@types/node-forge Completed in 0ms
3294 timing idealTree:node_modules/semver Completed in 0ms
3295 silly placeDep node_modules/send debug@2.6.9 OK for: send@0.18.0 want: 2.6.9
3296 silly placeDep ROOT depd@2.0.0 OK for: send@0.18.0 want: 2.0.0
3297 silly placeDep ROOT destroy@1.2.0 OK for: send@0.18.0 want: 1.2.0
3298 silly placeDep ROOT etag@1.8.1 OK for: send@0.18.0 want: ~1.8.1
3299 silly placeDep ROOT fresh@0.5.2 OK for: send@0.18.0 want: 0.5.2
3300 silly placeDep ROOT http-errors@2.0.0 OK for: send@0.18.0 want: 2.0.0
3301 silly fetch manifest toidentifier@1.0.1
3302 silly fetch manifest setprototypeof@1.2.0
3303 silly placeDep node_modules/send mime@1.6.0 OK for: send@0.18.0 want: 1.6.0
3304 silly placeDep node_modules/send on-finished@2.4.1 OK for: send@0.18.0 want: 2.4.1
3305 silly placeDep ROOT range-parser@1.2.1 OK for: send@0.18.0 want: ~1.2.1
3306 silly placeDep node_modules/send statuses@2.0.1 OK for: send@0.18.0 want: 2.0.1
3307 http fetch GET 200 https://registry.npmjs.org/toidentifier 261ms (cache miss)
3308 http fetch GET 200 https://registry.npmjs.org/setprototypeof 456ms (cache miss)
3309 timing idealTree:node_modules/send Completed in 469ms
3310 timing idealTree:node_modules/depd Completed in 0ms
3311 timing idealTree:node_modules/destroy Completed in 0ms
3312 timing idealTree:node_modules/etag Completed in 0ms
3313 timing idealTree:node_modules/fresh Completed in 0ms
3314 silly placeDep ROOT setprototypeof@1.2.0 OK for: http-errors@2.0.0 want: 1.2.0
3315 silly placeDep node_modules/http-errors statuses@2.0.1 OK for: http-errors@2.0.0 want: 2.0.1
3316 silly placeDep ROOT toidentifier@1.0.1 OK for: http-errors@2.0.0 want: 1.0.1
3317 timing idealTree:node_modules/http-errors Completed in 5ms
3318 timing idealTree:node_modules/range-parser Completed in 0ms
3319 timing idealTree:node_modules/serialize-error Completed in 0ms
3320 silly placeDep node_modules/serve-static encodeurl@2.0.0 OK for: serve-static@1.16.3 want: ~2.0.0
3321 silly placeDep node_modules/serve-static send@0.19.2 OK for: serve-static@1.16.3 want: ~0.19.1
3322 silly fetch manifest statuses@~2.0.2
3323 silly fetch manifest http-errors@~2.0.1
3324 silly fetch manifest on-finished@~2.4.1
3325 timing idealTree:node_modules/serve-static Completed in 9ms
3326 timing idealTree:node_modules/setimmediate Completed in 0ms
3327 timing idealTree:node_modules/setprototypeof Completed in 0ms
3328 timing idealTree:node_modules/shallow-clone Completed in 0ms
3329 silly placeDep ROOT shebang-regex@3.0.0 OK for: shebang-command@2.0.0 want: ^3.0.0
3330 timing idealTree:node_modules/shebang-command Completed in 2ms
3331 timing idealTree:node_modules/shebang-regex Completed in 0ms
3332 timing idealTree:node_modules/shell-quote Completed in 0ms
3333 timing idealTree:node_modules/signal-exit Completed in 0ms
3334 timing idealTree:node_modules/sisteransi Completed in 0ms
3335 timing idealTree:node_modules/slash Completed in 0ms
3336 silly placeDep node_modules/slice-ansi ansi-styles@3.2.1 OK for: slice-ansi@2.1.0 want: ^3.2.0
3337 silly fetch manifest color-convert@^1.9.0
3338 silly placeDep ROOT astral-regex@1.0.0 OK for: slice-ansi@2.1.0 want: ^1.0.0
3339 silly placeDep ROOT is-fullwidth-code-point@2.0.0 OK for: slice-ansi@2.1.0 want: ^2.0.0
3340 timing idealTree:node_modules/slice-ansi Completed in 6ms
3341 timing idealTree:node_modules/astral-regex Completed in 0ms
3342 timing idealTree:node_modules/is-fullwidth-code-point Completed in 0ms
3343 timing idealTree:node_modules/slugify Completed in 0ms
3344 timing idealTree:node_modules/source-map Completed in 0ms
3345 timing idealTree:node_modules/source-map-js Completed in 0ms
3346 silly placeDep ROOT buffer-from@1.1.2 OK for: source-map-support@0.5.21 want: ^1.0.0
3347 silly placeDep node_modules/source-map-support source-map@0.6.1 OK for: source-map-support@0.5.21 want: ^0.6.0
3348 timing idealTree:node_modules/source-map-support Completed in 4ms
3349 timing idealTree:node_modules/buffer-from Completed in 0ms
3350 timing idealTree:node_modules/split-on-first Completed in 0ms
3351 timing idealTree:node_modules/ssri Completed in 0ms
3352 silly placeDep node_modules/stack-utils escape-string-regexp@2.0.0 OK for: stack-utils@2.0.6 want: ^2.0.0
3353 timing idealTree:node_modules/stack-utils Completed in 80ms
3354 timing idealTree:node_modules/stackframe Completed in 0ms
3355 silly placeDep node_modules/stacktrace-parser type-fest@0.7.1 OK for: stacktrace-parser@0.1.11 want: ^0.7.1
3356 timing idealTree:node_modules/stacktrace-parser Completed in 1ms
3357 timing idealTree:node_modules/statuses Completed in 0ms
3358 timing idealTree:node_modules/stream-buffers Completed in 0ms
3359 timing idealTree:node_modules/strict-uri-encode Completed in 0ms
3360 timing idealTree:node_modules/strip-ansi Completed in 0ms
3361 timing idealTree:node_modules/strip-eof Completed in 0ms
3362 timing idealTree:node_modules/strip-json-comments Completed in 0ms
3363 timing idealTree:node_modules/strnum Completed in 0ms
3364 timing idealTree:node_modules/structured-headers Completed in 0ms
3365 silly placeDep node_modules/sucrase commander@4.1.1 OK for: sucrase@3.34.0 want: ^4.0.0
3366 silly placeDep node_modules/sucrase glob@7.1.6 OK for: sucrase@3.34.0 want: 7.1.6
3367 silly placeDep ROOT lines-and-columns@1.2.4 OK for: sucrase@3.34.0 want: ^1.1.6
3368 silly placeDep ROOT mz@2.7.0 OK for: sucrase@3.34.0 want: ^2.7.0
3369 silly fetch manifest any-promise@^1.0.0
3370 silly fetch manifest thenify-all@^1.0.0
3371 silly placeDep ROOT ts-interface-checker@0.1.13 OK for: sucrase@3.34.0 want: ^0.1.9
3372 http fetch GET 200 https://registry.npmjs.org/thenify-all 252ms (cache miss)
3373 http fetch GET 200 https://registry.npmjs.org/any-promise 265ms (cache miss)
3374 timing idealTree:node_modules/sucrase Completed in 297ms
3375 timing idealTree:node_modules/lines-and-columns Completed in 0ms
3376 silly placeDep ROOT any-promise@1.3.0 OK for: mz@2.7.0 want: ^1.0.0
3377 silly placeDep ROOT thenify-all@1.6.0 OK for: mz@2.7.0 want: ^1.0.0
3378 silly fetch manifest thenify@>= 3.1.0 < 4
3379 http fetch GET 200 https://registry.npmjs.org/thenify 259ms (cache miss)
3380 timing idealTree:node_modules/mz Completed in 264ms
3381 timing idealTree:node_modules/any-promise Completed in 0ms
3382 timing idealTree:node_modules/sudo-prompt Completed in 0ms
3383 silly placeDep ROOT has-flag@4.0.0 OK for: supports-color@7.2.0 want: ^4.0.0
3384 timing idealTree:node_modules/supports-color Completed in 2ms
3385 timing idealTree:node_modules/has-flag Completed in 0ms
3386 timing idealTree:node_modules/supports-preserve-symlinks-flag Completed in 0ms
3387 silly placeDep ROOT chownr@2.0.0 OK for: tar@6.2.1 want: ^2.0.0
3388 silly placeDep node_modules/tar fs-minipass@2.1.0 OK for: tar@6.2.1 want: ^2.0.0
3389 silly placeDep node_modules/tar minipass@5.0.0 OK for: tar@6.2.1 want: ^5.0.0
3390 silly placeDep ROOT minizlib@2.1.2 OK for: tar@6.2.1 want: ^2.1.1
3391 silly placeDep node_modules/tar mkdirp@1.0.4 OK for: tar@6.2.1 want: ^1.0.3
3392 silly placeDep node_modules/tar yallist@4.0.0 OK for: tar@6.2.1 want: ^4.0.0
3393 timing idealTree:node_modules/tar Completed in 9ms
3394 timing idealTree:node_modules/chownr Completed in 0ms
3395 silly placeDep node_modules/minizlib minipass@3.3.6 OK for: minizlib@2.1.2 want: ^3.0.0
3396 silly placeDep node_modules/minizlib yallist@4.0.0 OK for: minizlib@2.1.2 want: ^4.0.0
3397 timing idealTree:node_modules/minizlib Completed in 3ms
3398 silly placeDep node_modules/temp rimraf@2.6.3 OK for: temp@0.8.4 want: ~2.6.2
3399 timing idealTree:node_modules/temp Completed in 2ms
3400 timing idealTree:node_modules/temp-dir Completed in 0ms
3401 silly placeDep ROOT del@6.1.1 OK for: tempy@0.7.1 want: ^6.0.0
3402 silly fetch manifest is-path-cwd@^2.2.0
3403 silly placeDep node_modules/tempy is-stream@2.0.1 OK for: tempy@0.7.1 want: ^2.0.0
3404 silly placeDep node_modules/tempy type-fest@0.16.0 OK for: tempy@0.7.1 want: ^0.16.0
3405 silly placeDep ROOT unique-string@2.0.0 OK for: tempy@0.7.1 want: ^2.0.0
3406 silly fetch manifest crypto-random-string@^2.0.0
3407 http fetch GET 200 https://registry.npmjs.org/crypto-random-string 281ms (cache miss)
3408 http fetch GET 200 https://registry.npmjs.org/is-path-cwd 293ms (cache miss)
3409 timing idealTree:node_modules/tempy Completed in 297ms
3410 silly placeDep ROOT is-path-cwd@2.2.0 OK for: del@6.1.1 want: ^2.2.0
3411 timing idealTree:node_modules/del Completed in 2ms
3412 timing idealTree:node_modules/is-path-cwd Completed in 0ms
3413 silly placeDep ROOT ansi-escapes@4.3.2 OK for: terminal-link@2.1.1 want: ^4.2.1
3414 silly fetch manifest type-fest@^0.21.3
3415 silly placeDep ROOT supports-hyperlinks@2.3.0 OK for: terminal-link@2.1.1 want: ^2.0.0
3416 timing idealTree:node_modules/terminal-link Completed in 7ms
3417 silly placeDep node_modules/ansi-escapes type-fest@0.21.3 OK for: ansi-escapes@4.3.2 want: ^0.21.3
3418 timing idealTree:node_modules/ansi-escapes Completed in 2ms
3419 timing idealTree:node_modules/supports-hyperlinks Completed in 0ms
3420 silly placeDep ROOT @jridgewell/source-map@0.3.11 OK for: terser@5.46.0 want: ^0.3.3
3421 silly placeDep node_modules/terser commander@2.20.3 OK for: terser@5.46.0 want: ^2.20.0
3422 timing idealTree:node_modules/terser Completed in 5ms
3423 timing idealTree:node_modules/@jridgewell/source-map Completed in 0ms
3424 timing idealTree:node_modules/text-table Completed in 0ms
3425 silly placeDep ROOT thenify@3.3.1 OK for: thenify-all@1.6.0 want: >= 3.1.0 < 4
3426 timing idealTree:node_modules/thenify-all Completed in 2ms
3427 timing idealTree:node_modules/thenify Completed in 0ms
3428 timing idealTree:node_modules/throat Completed in 0ms
3429 silly placeDep ROOT readable-stream@2.3.8 OK for: through2@2.0.5 want: ~2.3.6
3430 silly fetch manifest isarray@~1.0.0
3431 silly fetch manifest safe-buffer@~5.1.1
3432 silly fetch manifest core-util-is@~1.0.0
3433 silly fetch manifest string_decoder@~1.1.1
3434 silly fetch manifest util-deprecate@~1.0.1
3435 silly fetch manifest process-nextick-args@~2.0.0
3436 silly placeDep ROOT xtend@4.0.2 OK for: through2@2.0.5 want: ~4.0.1
3437 http fetch GET 200 https://registry.npmjs.org/util-deprecate 265ms (cache miss)
3438 http fetch GET 200 https://registry.npmjs.org/core-util-is 270ms (cache miss)
3439 http fetch GET 200 https://registry.npmjs.org/isarray 275ms (cache miss)
3440 http fetch GET 200 https://registry.npmjs.org/process-nextick-args 274ms (cache miss)
3441 http fetch GET 200 https://registry.npmjs.org/string_decoder 723ms (cache miss)
3442 timing idealTree:node_modules/through2 Completed in 731ms
3443 silly placeDep ROOT core-util-is@1.0.3 OK for: readable-stream@2.3.8 want: ~1.0.0
3444 silly placeDep ROOT isarray@1.0.0 OK for: readable-stream@2.3.8 want: ~1.0.0
3445 silly placeDep ROOT process-nextick-args@2.0.1 OK for: readable-stream@2.3.8 want: ~2.0.0
3446 silly placeDep node_modules/readable-stream safe-buffer@5.1.2 OK for: readable-stream@2.3.8 want: ~5.1.1
3447 silly placeDep ROOT string_decoder@1.1.1 OK for: readable-stream@2.3.8 want: ~1.1.1
3448 silly fetch manifest safe-buffer@~5.1.0
3449 silly placeDep ROOT util-deprecate@1.0.2 OK for: readable-stream@2.3.8 want: ~1.0.1
3450 timing idealTree:node_modules/readable-stream Completed in 14ms
3451 timing idealTree:node_modules/core-util-is Completed in 0ms
3452 timing idealTree:node_modules/isarray Completed in 0ms
3453 timing idealTree:node_modules/process-nextick-args Completed in 0ms
3454 silly placeDep node_modules/string_decoder safe-buffer@5.1.2 OK for: string_decoder@1.1.1 want: ~5.1.0
3455 timing idealTree:node_modules/string_decoder Completed in 4ms
3456 silly placeDep ROOT is-number@7.0.0 OK for: to-regex-range@5.0.1 want: ^7.0.0
3457 timing idealTree:node_modules/to-regex-range Completed in 1ms
3458 timing idealTree:node_modules/is-number Completed in 0ms
3459 timing idealTree:node_modules/toidentifier Completed in 0ms
3460 silly placeDep ROOT typedarray.prototype.slice@1.0.5 OK for: traverse@0.6.11 want: ^1.0.5
3461 silly fetch manifest call-bind@^1.0.8
3462 silly fetch manifest es-abstract@^1.23.9
3463 silly fetch manifest define-properties@^1.2.1
3464 silly fetch manifest typed-array-buffer@^1.0.3
3465 silly fetch manifest typed-array-byte-offset@^1.0.4
3466 silly placeDep ROOT which-typed-array@1.1.20 OK for: traverse@0.6.11 want: ^1.1.18
3467 silly fetch manifest available-typed-arrays@^1.0.7
3468 silly fetch manifest call-bound@^1.0.4
3469 silly fetch manifest for-each@^0.3.5
3470 http fetch GET 200 https://registry.npmjs.org/typed-array-byte-offset 363ms (cache miss)
3471 http fetch GET 200 https://registry.npmjs.org/available-typed-arrays 365ms (cache miss)
3472 http fetch GET 200 https://registry.npmjs.org/call-bound 365ms (cache miss)
3473 http fetch GET 200 https://registry.npmjs.org/typed-array-buffer 370ms (cache miss)
3474 http fetch GET 200 https://registry.npmjs.org/define-properties 371ms (cache miss)
3475 http fetch GET 200 https://registry.npmjs.org/call-bind 377ms (cache miss)
3476 http fetch GET 200 https://registry.npmjs.org/es-abstract 397ms (cache miss)
3477 http fetch GET 200 https://registry.npmjs.org/for-each 765ms (cache miss)
3478 timing idealTree:node_modules/traverse Completed in 779ms
3479 timing idealTree:node_modules/ts-api-utils Completed in 0ms
3480 timing idealTree:node_modules/ts-interface-checker Completed in 0ms
3481 timing idealTree:node_modules/tslib Completed in 0ms
3482 timing idealTree:node_modules/type-check Completed in 0ms
3483 timing idealTree:node_modules/type-detect Completed in 0ms
3484 timing idealTree:node_modules/type-fest Completed in 0ms
3485 silly placeDep ROOT call-bind@1.0.8 OK for: typedarray.prototype.slice@1.0.5 want: ^1.0.8
3486 silly fetch manifest set-function-length@^1.2.2
3487 silly placeDep ROOT define-properties@1.2.1 OK for: typedarray.prototype.slice@1.0.5 want: ^1.2.1
3488 silly fetch manifest define-data-property@^1.0.1
3489 silly fetch manifest has-property-descriptors@^1.0.0
3490 silly fetch manifest object-keys@^1.1.1
3491 silly placeDep ROOT es-abstract@1.24.1 OK for: typedarray.prototype.slice@1.0.5 want: ^1.23.9
3492 silly fetch manifest array-buffer-byte-length@^1.0.2
3493 silly fetch manifest arraybuffer.prototype.slice@^1.0.4
3494 silly fetch manifest data-view-buffer@^1.0.2
3495 silly fetch manifest data-view-byte-length@^1.0.2
3496 silly fetch manifest data-view-byte-offset@^1.0.1
3497 silly fetch manifest es-to-primitive@^1.3.0
3498 silly fetch manifest function.prototype.name@^1.1.8
3499 silly fetch manifest get-symbol-description@^1.1.0
3500 silly fetch manifest globalthis@^1.0.4
3501 silly fetch manifest has-property-descriptors@^1.0.2
3502 silly fetch manifest has-proto@^1.2.0
3503 silly fetch manifest internal-slot@^1.1.0
3504 silly fetch manifest is-array-buffer@^3.0.5
3505 silly fetch manifest is-callable@^1.2.7
3506 silly fetch manifest is-data-view@^1.0.2
3507 silly fetch manifest is-negative-zero@^2.0.3
3508 silly fetch manifest is-regex@^1.2.1
3509 silly fetch manifest is-set@^2.0.3
3510 silly fetch manifest is-shared-array-buffer@^1.0.4
3511 silly fetch manifest is-string@^1.1.1
3512 silly fetch manifest is-typed-array@^1.1.15
3513 silly fetch manifest is-weakref@^1.1.1
3514 silly fetch manifest object-inspect@^1.13.4
3515 silly fetch manifest object.assign@^4.1.7
3516 silly fetch manifest own-keys@^1.0.1
3517 silly fetch manifest regexp.prototype.flags@^1.5.4
3518 silly fetch manifest safe-array-concat@^1.1.3
3519 silly fetch manifest safe-push-apply@^1.0.0
3520 silly fetch manifest safe-regex-test@^1.1.0
3521 silly fetch manifest set-proto@^1.0.0
3522 silly fetch manifest stop-iteration-iterator@^1.1.0
3523 silly fetch manifest string.prototype.trim@^1.2.10
3524 silly fetch manifest string.prototype.trimend@^1.0.9
3525 silly fetch manifest string.prototype.trimstart@^1.0.8
3526 silly fetch manifest typed-array-byte-length@^1.0.3
3527 silly fetch manifest typed-array-length@^1.0.7
3528 silly fetch manifest unbox-primitive@^1.1.0
3529 silly placeDep ROOT typed-array-buffer@1.0.3 OK for: typedarray.prototype.slice@1.0.5 want: ^1.0.3
3530 silly fetch manifest call-bound@^1.0.3
3531 silly fetch manifest is-typed-array@^1.1.14
3532 silly placeDep ROOT typed-array-byte-offset@1.0.4 OK for: typedarray.prototype.slice@1.0.5 want: ^1.0.4
3533 silly fetch manifest for-each@^0.3.3
3534 silly fetch manifest reflect.getprototypeof@^1.0.9
3535 http fetch GET 200 https://registry.npmjs.org/data-view-buffer 403ms (cache miss)
3536 http fetch GET 200 https://registry.npmjs.org/define-data-property 449ms (cache miss)
3537 http fetch GET 200 https://registry.npmjs.org/get-symbol-description 441ms (cache miss)
3538 http fetch GET 200 https://registry.npmjs.org/globalthis 441ms (cache miss)
3539 http fetch GET 200 https://registry.npmjs.org/internal-slot 439ms (cache miss)
3540 http fetch GET 200 https://registry.npmjs.org/arraybuffer.prototype.slice 447ms (cache miss)
3541 http fetch GET 200 https://registry.npmjs.org/is-array-buffer 441ms (cache miss)
3542 http fetch GET 200 https://registry.npmjs.org/has-property-descriptors 443ms (cache miss)
3543 http fetch GET 200 https://registry.npmjs.org/object-keys 453ms (cache miss)
3544 http fetch GET 200 https://registry.npmjs.org/has-proto 443ms (cache miss)
3545 http fetch GET 200 https://registry.npmjs.org/es-to-primitive 447ms (cache miss)
3546 http fetch GET 200 https://registry.npmjs.org/is-callable 442ms (cache miss)
3547 http fetch GET 200 https://registry.npmjs.org/function.prototype.name 448ms (cache miss)
3548 http fetch GET 200 https://registry.npmjs.org/data-view-byte-offset 884ms (cache miss)
3549 http fetch GET 200 https://registry.npmjs.org/has-property-descriptors 890ms (cache miss)
3550 http fetch GET 200 https://registry.npmjs.org/set-function-length 894ms (cache miss)
3551 http fetch GET 200 https://registry.npmjs.org/data-view-byte-length 889ms (cache miss)
3552 http fetch GET 200 https://registry.npmjs.org/is-set 877ms (cache miss)
3553 http fetch GET 200 https://registry.npmjs.org/is-data-view 880ms (cache miss)
3554 http fetch GET 200 https://registry.npmjs.org/array-buffer-byte-length 892ms (cache miss)
3555 http fetch GET 200 https://registry.npmjs.org/object.assign 878ms (cache miss)
3556 http fetch GET 200 https://registry.npmjs.org/is-negative-zero 884ms (cache miss)
3557 http fetch GET 200 https://registry.npmjs.org/is-regex 884ms (cache miss)
3558 http fetch GET 200 https://registry.npmjs.org/object-inspect 891ms (cache miss)
3559 http fetch GET 200 https://registry.npmjs.org/is-string 893ms (cache miss)
3560 http fetch GET 200 https://registry.npmjs.org/is-typed-array 894ms (cache miss)
3561 http fetch GET 200 https://registry.npmjs.org/is-typed-array 885ms (cache miss)
3562 http fetch GET 200 https://registry.npmjs.org/safe-array-concat 1053ms (cache miss)
3563 http fetch GET 200 https://registry.npmjs.org/safe-push-apply 1053ms (cache miss)
3564 http fetch GET 200 https://registry.npmjs.org/string.prototype.trim 1054ms (cache miss)
3565 http fetch GET 200 https://registry.npmjs.org/own-keys 1069ms (cache miss)
3566 http fetch GET 200 https://registry.npmjs.org/typed-array-byte-length 1063ms (cache miss)
3567 http fetch GET 200 https://registry.npmjs.org/is-weakref 1085ms (cache miss)
3568 http fetch GET 200 https://registry.npmjs.org/typed-array-length 1079ms (cache miss)
3569 http fetch GET 200 https://registry.npmjs.org/unbox-primitive 1087ms (cache miss)
3570 http fetch GET 200 https://registry.npmjs.org/string.prototype.trimend 1090ms (cache miss)
3571 http fetch GET 200 https://registry.npmjs.org/is-shared-array-buffer 1133ms (cache miss)
3572 http fetch GET 200 https://registry.npmjs.org/reflect.getprototypeof 1152ms (cache miss)
3573 http fetch GET 200 https://registry.npmjs.org/safe-regex-test 1308ms (cache miss)
3574 http fetch GET 200 https://registry.npmjs.org/regexp.prototype.flags 1489ms (cache miss)
3575 http fetch GET 200 https://registry.npmjs.org/stop-iteration-iterator 1488ms (cache miss)
3576 http fetch GET 200 https://registry.npmjs.org/set-proto 1528ms (cache miss)
3577 http fetch GET 200 https://registry.npmjs.org/string.prototype.trimstart 1528ms (cache miss)
3578 timing idealTree:node_modules/typedarray.prototype.slice Completed in 1562ms
3579 silly placeDep ROOT set-function-length@1.2.2 OK for: call-bind@1.0.8 want: ^1.2.2
3580 silly fetch manifest define-data-property@^1.1.4
3581 timing idealTree:node_modules/call-bind Completed in 3ms
3582 silly placeDep ROOT define-data-property@1.1.4 OK for: define-properties@1.2.1 want: ^1.0.1
3583 silly placeDep ROOT has-property-descriptors@1.0.2 OK for: define-properties@1.2.1 want: ^1.0.0
3584 silly placeDep ROOT object-keys@1.1.1 OK for: define-properties@1.2.1 want: ^1.1.1
3585 timing idealTree:node_modules/define-properties Completed in 4ms
3586 timing idealTree:node_modules/define-data-property Completed in 0ms
3587 silly placeDep ROOT array-buffer-byte-length@1.0.2 OK for: es-abstract@1.24.1 want: ^1.0.2
3588 silly placeDep ROOT arraybuffer.prototype.slice@1.0.4 OK for: es-abstract@1.24.1 want: ^1.0.4
3589 silly fetch manifest is-array-buffer@^3.0.4
3590 silly placeDep ROOT available-typed-arrays@1.0.7 OK for: es-abstract@1.24.1 want: ^1.0.7
3591 silly fetch manifest possible-typed-array-names@^1.0.0
3592 silly placeDep ROOT call-bound@1.0.4 OK for: es-abstract@1.24.1 want: ^1.0.4
3593 silly placeDep ROOT data-view-buffer@1.0.2 OK for: es-abstract@1.24.1 want: ^1.0.2
3594 silly placeDep ROOT data-view-byte-length@1.0.2 OK for: es-abstract@1.24.1 want: ^1.0.2
3595 silly placeDep ROOT data-view-byte-offset@1.0.1 OK for: es-abstract@1.24.1 want: ^1.0.1
3596 silly fetch manifest is-data-view@^1.0.1
3597 silly placeDep ROOT es-to-primitive@1.3.0 OK for: es-abstract@1.24.1 want: ^1.3.0
3598 silly fetch manifest is-date-object@^1.0.5
3599 silly fetch manifest is-symbol@^1.0.4
3600 silly placeDep ROOT function.prototype.name@1.1.8 OK for: es-abstract@1.24.1 want: ^1.1.8
3601 silly fetch manifest functions-have-names@^1.2.3
3602 silly placeDep ROOT get-symbol-description@1.1.0 OK for: es-abstract@1.24.1 want: ^1.1.0
3603 silly placeDep ROOT globalthis@1.0.4 OK for: es-abstract@1.24.1 want: ^1.0.4
3604 silly placeDep ROOT has-proto@1.2.0 OK for: es-abstract@1.24.1 want: ^1.2.0
3605 silly placeDep ROOT internal-slot@1.1.0 OK for: es-abstract@1.24.1 want: ^1.1.0
3606 silly fetch manifest side-channel@^1.1.0
3607 silly placeDep ROOT is-array-buffer@3.0.5 OK for: es-abstract@1.24.1 want: ^3.0.5
3608 silly placeDep ROOT is-callable@1.2.7 OK for: es-abstract@1.24.1 want: ^1.2.7
3609 silly placeDep ROOT is-data-view@1.0.2 OK for: es-abstract@1.24.1 want: ^1.0.2
3610 silly fetch manifest is-typed-array@^1.1.13
3611 silly placeDep ROOT is-negative-zero@2.0.3 OK for: es-abstract@1.24.1 want: ^2.0.3
3612 silly placeDep ROOT is-regex@1.2.1 OK for: es-abstract@1.24.1 want: ^1.2.1
3613 silly placeDep ROOT is-set@2.0.3 OK for: es-abstract@1.24.1 want: ^2.0.3
3614 silly placeDep ROOT is-shared-array-buffer@1.0.4 OK for: es-abstract@1.24.1 want: ^1.0.4
3615 silly placeDep ROOT is-string@1.1.1 OK for: es-abstract@1.24.1 want: ^1.1.1
3616 silly placeDep ROOT is-typed-array@1.1.15 OK for: es-abstract@1.24.1 want: ^1.1.15
3617 silly placeDep ROOT is-weakref@1.1.1 OK for: es-abstract@1.24.1 want: ^1.1.1
3618 silly placeDep ROOT object-inspect@1.13.4 OK for: es-abstract@1.24.1 want: ^1.13.4
3619 silly placeDep ROOT object.assign@4.1.7 OK for: es-abstract@1.24.1 want: ^4.1.7
3620 silly placeDep ROOT own-keys@1.0.1 OK for: es-abstract@1.24.1 want: ^1.0.1
3621 silly placeDep ROOT regexp.prototype.flags@1.5.4 OK for: es-abstract@1.24.1 want: ^1.5.4
3622 silly fetch manifest set-function-name@^2.0.2
3623 silly placeDep ROOT safe-array-concat@1.1.3 OK for: es-abstract@1.24.1 want: ^1.1.3
3624 silly fetch manifest isarray@^2.0.5
3625 silly placeDep ROOT safe-push-apply@1.0.0 OK for: es-abstract@1.24.1 want: ^1.0.0
3626 silly placeDep ROOT safe-regex-test@1.1.0 OK for: es-abstract@1.24.1 want: ^1.1.0
3627 silly placeDep ROOT set-proto@1.0.0 OK for: es-abstract@1.24.1 want: ^1.0.0
3628 silly placeDep ROOT stop-iteration-iterator@1.1.0 OK for: es-abstract@1.24.1 want: ^1.1.0
3629 silly placeDep ROOT string.prototype.trim@1.2.10 OK for: es-abstract@1.24.1 want: ^1.2.10
3630 silly placeDep ROOT string.prototype.trimend@1.0.9 OK for: es-abstract@1.24.1 want: ^1.0.9
3631 silly placeDep ROOT string.prototype.trimstart@1.0.8 OK for: es-abstract@1.24.1 want: ^1.0.8
3632 silly placeDep ROOT typed-array-byte-length@1.0.3 OK for: es-abstract@1.24.1 want: ^1.0.3
3633 silly placeDep ROOT typed-array-length@1.0.7 OK for: es-abstract@1.24.1 want: ^1.0.7
3634 silly fetch manifest reflect.getprototypeof@^1.0.6
3635 silly placeDep ROOT unbox-primitive@1.1.0 OK for: es-abstract@1.24.1 want: ^1.1.0
3636 silly fetch manifest has-bigints@^1.0.2
3637 silly fetch manifest which-boxed-primitive@^1.1.1
3638 http fetch GET 200 https://registry.npmjs.org/is-date-object 368ms (cache miss)
3639 http fetch GET 200 https://registry.npmjs.org/possible-typed-array-names 378ms (cache miss)
3640 http fetch GET 200 https://registry.npmjs.org/set-function-name 338ms (cache miss)
3641 http fetch GET 200 https://registry.npmjs.org/has-bigints 320ms (cache miss)
3642 http fetch GET 200 https://registry.npmjs.org/functions-have-names 739ms (cache miss)
3643 http fetch GET 200 https://registry.npmjs.org/side-channel 772ms (cache miss)
3644 http fetch GET 200 https://registry.npmjs.org/which-boxed-primitive 734ms (cache miss)
3645 http fetch GET 200 https://registry.npmjs.org/is-symbol 790ms (cache miss)
3646 timing idealTree:node_modules/es-abstract Completed in 823ms
3647 timing idealTree:node_modules/array-buffer-byte-length Completed in 0ms
3648 timing idealTree:node_modules/arraybuffer.prototype.slice Completed in 0ms
3649 silly placeDep ROOT possible-typed-array-names@1.1.0 OK for: available-typed-arrays@1.0.7 want: ^1.0.0
3650 timing idealTree:node_modules/available-typed-arrays Completed in 2ms
3651 timing idealTree:node_modules/call-bound Completed in 0ms
3652 timing idealTree:node_modules/data-view-buffer Completed in 0ms
3653 timing idealTree:node_modules/data-view-byte-length Completed in 0ms
3654 timing idealTree:node_modules/data-view-byte-offset Completed in 0ms
3655 silly placeDep ROOT is-date-object@1.1.0 OK for: es-to-primitive@1.3.0 want: ^1.0.5
3656 silly placeDep ROOT is-symbol@1.1.1 OK for: es-to-primitive@1.3.0 want: ^1.0.4
3657 timing idealTree:node_modules/es-to-primitive Completed in 4ms
3658 silly placeDep ROOT functions-have-names@1.2.3 OK for: function.prototype.name@1.1.8 want: ^1.2.3
3659 timing idealTree:node_modules/function.prototype.name Completed in 3ms
3660 timing idealTree:node_modules/functions-have-names Completed in 0ms
3661 timing idealTree:node_modules/get-symbol-description Completed in 0ms
3662 timing idealTree:node_modules/globalthis Completed in 0ms
3663 timing idealTree:node_modules/has-property-descriptors Completed in 0ms
3664 timing idealTree:node_modules/has-proto Completed in 0ms
3665 silly placeDep ROOT side-channel@1.1.0 OK for: internal-slot@1.1.0 want: ^1.1.0
3666 silly fetch manifest side-channel-list@^1.0.0
3667 silly fetch manifest side-channel-map@^1.0.1
3668 silly fetch manifest side-channel-weakmap@^1.0.2
3669 http fetch GET 200 https://registry.npmjs.org/side-channel-map 242ms (cache miss)
3670 http fetch GET 200 https://registry.npmjs.org/side-channel-list 677ms (cache miss)
3671 http fetch GET 200 https://registry.npmjs.org/side-channel-weakmap 725ms (cache miss)
3672 timing idealTree:node_modules/internal-slot Completed in 729ms
3673 timing idealTree:node_modules/is-array-buffer Completed in 0ms
3674 timing idealTree:node_modules/is-callable Completed in 0ms
3675 timing idealTree:node_modules/is-data-view Completed in 0ms
3676 timing idealTree:node_modules/is-date-object Completed in 0ms
3677 timing idealTree:node_modules/is-negative-zero Completed in 0ms
3678 timing idealTree:node_modules/is-regex Completed in 0ms
3679 timing idealTree:node_modules/is-set Completed in 0ms
3680 timing idealTree:node_modules/is-shared-array-buffer Completed in 0ms
3681 timing idealTree:node_modules/is-string Completed in 0ms
3682 timing idealTree:node_modules/is-symbol Completed in 0ms
3683 timing idealTree:node_modules/is-typed-array Completed in 0ms
3684 timing idealTree:node_modules/is-weakref Completed in 0ms
3685 timing idealTree:node_modules/object-inspect Completed in 0ms
3686 timing idealTree:node_modules/object-keys Completed in 0ms
3687 timing idealTree:node_modules/object.assign Completed in 0ms
3688 timing idealTree:node_modules/own-keys Completed in 0ms
3689 timing idealTree:node_modules/possible-typed-array-names Completed in 0ms
3690 silly placeDep ROOT set-function-name@2.0.2 OK for: regexp.prototype.flags@1.5.4 want: ^2.0.2
3691 timing idealTree:node_modules/regexp.prototype.flags Completed in 2ms
3692 silly placeDep node_modules/safe-array-concat isarray@2.0.5 OK for: safe-array-concat@1.1.3 want: ^2.0.5
3693 timing idealTree:node_modules/safe-array-concat Completed in 2ms
3694 silly placeDep node_modules/safe-push-apply isarray@2.0.5 OK for: safe-push-apply@1.0.0 want: ^2.0.5
3695 timing idealTree:node_modules/safe-push-apply Completed in 1ms
3696 timing idealTree:node_modules/safe-regex-test Completed in 0ms
3697 timing idealTree:node_modules/set-function-length Completed in 0ms
3698 timing idealTree:node_modules/set-function-name Completed in 0ms
3699 timing idealTree:node_modules/set-proto Completed in 0ms
3700 silly placeDep ROOT side-channel-list@1.0.0 OK for: side-channel@1.1.0 want: ^1.0.0
3701 silly placeDep ROOT side-channel-map@1.0.1 OK for: side-channel@1.1.0 want: ^1.0.1
3702 silly placeDep ROOT side-channel-weakmap@1.0.2 OK for: side-channel@1.1.0 want: ^1.0.2
3703 timing idealTree:node_modules/side-channel Completed in 6ms
3704 timing idealTree:node_modules/side-channel-list Completed in 0ms
3705 timing idealTree:node_modules/side-channel-map Completed in 0ms
3706 timing idealTree:node_modules/side-channel-weakmap Completed in 0ms
3707 timing idealTree:node_modules/stop-iteration-iterator Completed in 0ms
3708 timing idealTree:node_modules/string.prototype.trim Completed in 0ms
3709 timing idealTree:node_modules/string.prototype.trimend Completed in 0ms
3710 timing idealTree:node_modules/string.prototype.trimstart Completed in 0ms
3711 timing idealTree:node_modules/typed-array-buffer Completed in 0ms
3712 silly placeDep ROOT for-each@0.3.5 OK for: typed-array-byte-length@1.0.3 want: ^0.3.3
3713 timing idealTree:node_modules/typed-array-byte-length Completed in 2ms
3714 timing idealTree:node_modules/for-each Completed in 0ms
3715 silly placeDep ROOT reflect.getprototypeof@1.0.10 OK for: typed-array-byte-offset@1.0.4 want: ^1.0.9
3716 silly fetch manifest which-builtin-type@^1.2.1
3717 http fetch GET 200 https://registry.npmjs.org/which-builtin-type 786ms (cache miss)
3718 timing idealTree:node_modules/typed-array-byte-offset Completed in 790ms
3719 silly placeDep ROOT which-builtin-type@1.2.1 OK for: reflect.getprototypeof@1.0.10 want: ^1.2.1
3720 silly fetch manifest is-async-function@^2.0.0
3721 silly fetch manifest is-finalizationregistry@^1.1.0
3722 silly fetch manifest is-generator-function@^1.0.10
3723 silly fetch manifest which-boxed-primitive@^1.1.0
3724 silly fetch manifest which-collection@^1.0.2
3725 http fetch GET 200 https://registry.npmjs.org/which-collection 287ms (cache miss)
3726 http fetch GET 200 https://registry.npmjs.org/is-finalizationregistry 304ms (cache miss)
3727 http fetch GET 200 https://registry.npmjs.org/is-generator-function 305ms (cache miss)
3728 http fetch GET 200 https://registry.npmjs.org/is-async-function 308ms (cache miss)
3729 timing idealTree:node_modules/reflect.getprototypeof Completed in 311ms
3730 timing idealTree:node_modules/typed-array-length Completed in 1ms
3731 timing idealTree:node_modules/typescript Completed in 0ms
3732 timing idealTree:node_modules/ua-parser-js Completed in 0ms
3733 silly placeDep ROOT has-bigints@1.1.0 OK for: unbox-primitive@1.1.0 want: ^1.0.2
3734 silly placeDep ROOT which-boxed-primitive@1.1.1 OK for: unbox-primitive@1.1.0 want: ^1.1.1
3735 silly fetch manifest is-bigint@^1.1.0
3736 silly fetch manifest is-boolean-object@^1.2.1
3737 silly fetch manifest is-number-object@^1.1.1
3738 http fetch GET 200 https://registry.npmjs.org/is-bigint 301ms (cache miss)
3739 http fetch GET 200 https://registry.npmjs.org/is-boolean-object 791ms (cache miss)
3740 http fetch GET 200 https://registry.npmjs.org/is-number-object 828ms (cache miss)
3741 timing idealTree:node_modules/unbox-primitive Completed in 833ms
3742 timing idealTree:node_modules/has-bigints Completed in 1ms
3743 timing idealTree:node_modules/undici-types Completed in 0ms
3744 silly placeDep ROOT unicode-canonical-property-names-ecmascript@2.0.1 OK for: unicode-match-property-ecmascript@2.0.0 want: ^2.0.0
3745 silly placeDep ROOT unicode-property-aliases-ecmascript@2.2.0 OK for: unicode-match-property-ecmascript@2.0.0 want: ^2.0.0
3746 timing idealTree:node_modules/unicode-match-property-ecmascript Completed in 3ms
3747 timing idealTree:node_modules/unicode-canonical-property-names-ecmascript Completed in 0ms
3748 timing idealTree:node_modules/unicode-match-property-value-ecmascript Completed in 0ms
3749 timing idealTree:node_modules/unicode-property-aliases-ecmascript Completed in 0ms
3750 silly placeDep ROOT unique-slug@4.0.0 OK for: unique-filename@3.0.0 want: ^4.0.0
3751 timing idealTree:node_modules/unique-filename Completed in 2ms
3752 timing idealTree:node_modules/unique-slug Completed in 0ms
3753 silly placeDep ROOT crypto-random-string@2.0.0 OK for: unique-string@2.0.0 want: ^2.0.0
3754 timing idealTree:node_modules/unique-string Completed in 2ms
3755 timing idealTree:node_modules/crypto-random-string Completed in 0ms
3756 timing idealTree:node_modules/universalify Completed in 0ms
3757 timing idealTree:node_modules/unpipe Completed in 0ms
3758 silly placeDep ROOT escalade@3.2.0 OK for: update-browserslist-db@1.2.3 want: ^3.2.0
3759 timing idealTree:node_modules/update-browserslist-db Completed in 2ms
3760 timing idealTree:node_modules/escalade Completed in 0ms
3761 silly placeDep ROOT punycode@2.3.1 OK for: uri-js@4.4.1 want: ^2.1.0
3762 timing idealTree:node_modules/uri-js Completed in 2ms
3763 timing idealTree:node_modules/punycode Completed in 0ms
3764 timing idealTree:node_modules/url-join Completed in 0ms
3765 timing idealTree:node_modules/use-latest-callback Completed in 0ms
3766 timing idealTree:node_modules/util-deprecate Completed in 0ms
3767 timing idealTree:node_modules/utils-merge Completed in 0ms
3768 timing idealTree:node_modules/uuid Completed in 0ms
3769 timing idealTree:node_modules/valid-url Completed in 0ms
3770 silly placeDep ROOT builtins@1.0.3 OK for: validate-npm-package-name@3.0.0 want: ^1.0.3
3771 timing idealTree:node_modules/validate-npm-package-name Completed in 1ms
3772 timing idealTree:node_modules/builtins Completed in 0ms
3773 timing idealTree:node_modules/vary Completed in 0ms
3774 timing idealTree:node_modules/vlq Completed in 0ms
3775 silly placeDep ROOT makeerror@1.0.12 OK for: walker@1.0.8 want: 1.0.12
3776 silly fetch manifest tmpl@1.0.5
3777 http fetch GET 200 https://registry.npmjs.org/tmpl 290ms (cache miss)
3778 timing idealTree:node_modules/walker Completed in 292ms
3779 silly placeDep ROOT tmpl@1.0.5 OK for: makeerror@1.0.12 want: 1.0.5
3780 timing idealTree:node_modules/makeerror Completed in 1ms
3781 timing idealTree:node_modules/tmpl Completed in 0ms
3782 timing idealTree:node_modules/warn-once Completed in 0ms
3783 silly placeDep ROOT defaults@1.0.4 OK for: wcwidth@1.0.1 want: ^1.0.3
3784 silly fetch manifest clone@^1.0.2
3785 timing idealTree:node_modules/wcwidth Completed in 2ms
3786 silly placeDep node_modules/defaults clone@1.0.4 OK for: defaults@1.0.4 want: ^1.0.2
3787 timing idealTree:node_modules/defaults Completed in 3ms
3788 timing idealTree:node_modules/whatwg-fetch Completed in 0ms
3789 silly placeDep ROOT tr46@0.0.3 OK for: whatwg-url@5.0.0 want: ~0.0.3
3790 silly placeDep ROOT webidl-conversions@3.0.1 OK for: whatwg-url@5.0.0 want: ^3.0.0
3791 timing idealTree:node_modules/whatwg-url Completed in 3ms
3792 timing idealTree:node_modules/tr46 Completed in 0ms
3793 timing idealTree:node_modules/webidl-conversions Completed in 0ms
3794 silly placeDep ROOT buffer@5.7.1 OK for: whatwg-url-without-unicode@8.0.0-3 want: ^5.4.3
3795 silly fetch manifest ieee754@^1.1.13
3796 silly placeDep node_modules/whatwg-url-without-unicode webidl-conversions@5.0.0 OK for: whatwg-url-without-unicode@8.0.0-3 want: ^5.0.0
3797 http fetch GET 200 https://registry.npmjs.org/ieee754 277ms (cache miss)
3798 timing idealTree:node_modules/whatwg-url-without-unicode Completed in 280ms
3799 silly placeDep ROOT ieee754@1.2.1 OK for: buffer@5.7.1 want: ^1.1.13
3800 timing idealTree:node_modules/buffer Completed in 2ms
3801 timing idealTree:node_modules/ieee754 Completed in 0ms
3802 silly placeDep ROOT isexe@2.0.0 OK for: which@2.0.2 want: ^2.0.0
3803 timing idealTree:node_modules/which Completed in 1ms
3804 timing idealTree:node_modules/isexe Completed in 0ms
3805 silly placeDep ROOT is-bigint@1.1.0 OK for: which-boxed-primitive@1.1.1 want: ^1.1.0
3806 silly placeDep ROOT is-boolean-object@1.2.2 OK for: which-boxed-primitive@1.1.1 want: ^1.2.1
3807 silly placeDep ROOT is-number-object@1.1.1 OK for: which-boxed-primitive@1.1.1 want: ^1.1.1
3808 timing idealTree:node_modules/which-boxed-primitive Completed in 8ms
3809 timing idealTree:node_modules/is-bigint Completed in 0ms
3810 timing idealTree:node_modules/is-boolean-object Completed in 0ms
3811 timing idealTree:node_modules/is-number-object Completed in 0ms
3812 silly placeDep ROOT is-async-function@2.1.1 OK for: which-builtin-type@1.2.1 want: ^2.0.0
3813 silly fetch manifest async-function@^1.0.0
3814 silly placeDep ROOT is-finalizationregistry@1.1.1 OK for: which-builtin-type@1.2.1 want: ^1.1.0
3815 silly placeDep ROOT is-generator-function@1.1.2 OK for: which-builtin-type@1.2.1 want: ^1.0.10
3816 silly fetch manifest generator-function@^2.0.0
3817 silly placeDep node_modules/which-builtin-type isarray@2.0.5 OK for: which-builtin-type@1.2.1 want: ^2.0.5
3818 silly placeDep ROOT which-collection@1.0.2 OK for: which-builtin-type@1.2.1 want: ^1.0.2
3819 silly fetch manifest is-map@^2.0.3
3820 silly fetch manifest is-weakmap@^2.0.2
3821 silly fetch manifest is-weakset@^2.0.3
3822 http fetch GET 200 https://registry.npmjs.org/generator-function 279ms (cache miss)
3823 http fetch GET 200 https://registry.npmjs.org/is-map 287ms (cache miss)
3824 http fetch GET 200 https://registry.npmjs.org/async-function 297ms (cache miss)
3825 http fetch GET 200 https://registry.npmjs.org/is-weakmap 298ms (cache miss)
3826 http fetch GET 200 https://registry.npmjs.org/is-weakset 343ms (cache miss)
3827 timing idealTree:node_modules/which-builtin-type Completed in 358ms
3828 silly placeDep ROOT async-function@1.0.0 OK for: is-async-function@2.1.1 want: ^1.0.0
3829 timing idealTree:node_modules/is-async-function Completed in 2ms
3830 timing idealTree:node_modules/async-function Completed in 0ms
3831 timing idealTree:node_modules/is-finalizationregistry Completed in 0ms
3832 silly placeDep ROOT generator-function@2.0.1 OK for: is-generator-function@1.1.2 want: ^2.0.0
3833 timing idealTree:node_modules/is-generator-function Completed in 1ms
3834 timing idealTree:node_modules/generator-function Completed in 0ms
3835 silly placeDep ROOT is-map@2.0.3 OK for: which-collection@1.0.2 want: ^2.0.3
3836 silly placeDep ROOT is-weakmap@2.0.2 OK for: which-collection@1.0.2 want: ^2.0.2
3837 silly placeDep ROOT is-weakset@2.0.4 OK for: which-collection@1.0.2 want: ^2.0.3
3838 timing idealTree:node_modules/which-collection Completed in 6ms
3839 timing idealTree:node_modules/is-map Completed in 0ms
3840 timing idealTree:node_modules/is-weakmap Completed in 0ms
3841 timing idealTree:node_modules/is-weakset Completed in 0ms
3842 timing idealTree:node_modules/which-typed-array Completed in 0ms
3843 timing idealTree:node_modules/wonka Completed in 0ms
3844 timing idealTree:node_modules/word-wrap Completed in 0ms
3845 silly placeDep ROOT string-width@4.2.3 OK for: wrap-ansi@7.0.0 want: ^4.1.0
3846 silly fetch manifest emoji-regex@^8.0.0
3847 silly fetch manifest is-fullwidth-code-point@^3.0.0
3848 http fetch GET 200 https://registry.npmjs.org/emoji-regex 309ms (cache miss)
3849 timing idealTree:node_modules/wrap-ansi Completed in 312ms
3850 silly placeDep ROOT emoji-regex@8.0.0 OK for: string-width@4.2.3 want: ^8.0.0
3851 silly placeDep node_modules/string-width is-fullwidth-code-point@3.0.0 OK for: string-width@4.2.3 want: ^3.0.0
3852 timing idealTree:node_modules/string-width Completed in 4ms
3853 timing idealTree:node_modules/emoji-regex Completed in 0ms
3854 timing idealTree:node_modules/wrappy Completed in 0ms
3855 timing idealTree:node_modules/write-file-atomic Completed in 0ms
3856 timing idealTree:node_modules/ws Completed in 0ms
3857 silly placeDep ROOT simple-plist@1.3.1 OK for: xcode@3.0.1 want: ^1.1.0
3858 silly fetch manifest bplist-creator@0.1.0
3859 silly fetch manifest bplist-parser@0.3.1
3860 silly fetch manifest plist@^3.0.5
3861 silly placeDep node_modules/xcode uuid@7.0.3 OK for: xcode@3.0.1 want: ^7.0.3
3862 http fetch GET 200 https://registry.npmjs.org/plist 269ms (cache miss)
3863 timing idealTree:node_modules/xcode Completed in 273ms
3864 silly placeDep node_modules/simple-plist bplist-creator@0.1.0 OK for: simple-plist@1.3.1 want: 0.1.0
3865 silly placeDep node_modules/simple-plist bplist-parser@0.3.1 OK for: simple-plist@1.3.1 want: 0.3.1
3866 silly placeDep ROOT plist@3.1.0 OK for: simple-plist@1.3.1 want: ^3.0.5
3867 silly fetch manifest @xmldom/xmldom@^0.8.8
3868 silly fetch manifest xmlbuilder@^15.1.1
3869 timing idealTree:node_modules/simple-plist Completed in 6ms
3870 silly placeDep node_modules/plist @xmldom/xmldom@0.8.11 OK for: plist@3.1.0 want: ^0.8.8
3871 silly placeDep node_modules/plist xmlbuilder@15.1.1 OK for: plist@3.1.0 want: ^15.1.1
3872 timing idealTree:node_modules/plist Completed in 3ms
3873 silly placeDep ROOT sax@1.4.4 OK for: xml2js@0.6.0 want: >=0.6.0
3874 silly placeDep node_modules/xml2js xmlbuilder@11.0.1 OK for: xml2js@0.6.0 want: ~11.0.0
3875 timing idealTree:node_modules/xml2js Completed in 3ms
3876 timing idealTree:node_modules/sax Completed in 0ms
3877 timing idealTree:node_modules/xmlbuilder Completed in 0ms
3878 timing idealTree:node_modules/xtend Completed in 0ms
3879 timing idealTree:node_modules/yallist Completed in 0ms
3880 timing idealTree:node_modules/yaml Completed in 0ms
3881 silly placeDep ROOT cliui@8.0.1 OK for: yargs@17.7.2 want: ^8.0.1
3882 silly placeDep ROOT get-caller-file@2.0.5 OK for: yargs@17.7.2 want: ^2.0.5
3883 silly placeDep ROOT require-directory@2.1.1 OK for: yargs@17.7.2 want: ^2.1.1
3884 silly placeDep ROOT y18n@5.0.8 OK for: yargs@17.7.2 want: ^5.0.5
3885 silly placeDep ROOT yargs-parser@21.1.1 OK for: yargs@17.7.2 want: ^21.1.1
3886 timing idealTree:node_modules/yargs Completed in 8ms
3887 timing idealTree:node_modules/cliui Completed in 0ms
3888 timing idealTree:node_modules/get-caller-file Completed in 0ms
3889 timing idealTree:node_modules/require-directory Completed in 0ms
3890 timing idealTree:node_modules/y18n Completed in 0ms
3891 timing idealTree:node_modules/yargs-parser Completed in 0ms
3892 timing idealTree:node_modules/yocto-queue Completed in 0ms
3893 timing idealTree:node_modules/@babel/core/node_modules/semver Completed in 0ms
3894 timing idealTree:node_modules/@babel/helper-compilation-targets/node_modules/semver Completed in 0ms
3895 timing idealTree:node_modules/@babel/helper-create-class-features-plugin/node_modules/semver Completed in 0ms
3896 timing idealTree:node_modules/@babel/helper-create-regexp-features-plugin/node_modules/semver Completed in 0ms
3897 timing idealTree:node_modules/@babel/plugin-transform-runtime/node_modules/semver Completed in 0ms
3898 timing idealTree:node_modules/@babel/preset-env/node_modules/semver Completed in 0ms
3899 silly placeDep node_modules/@eslint/eslintrc brace-expansion@1.1.12 OK for: minimatch@3.1.2 want: ^1.1.7
3900 silly fetch manifest concat-map@0.0.1
3901 http fetch GET 200 https://registry.npmjs.org/concat-map 271ms (cache miss)
3902 timing idealTree:node_modules/@eslint/eslintrc/node_modules/minimatch Completed in 274ms
3903 silly placeDep ROOT concat-map@0.0.1 OK for: brace-expansion@1.1.12 want: 0.0.1
3904 timing idealTree:node_modules/@eslint/eslintrc/node_modules/brace-expansion Completed in 2ms
3905 timing idealTree:node_modules/concat-map Completed in 0ms
3906 silly placeDep node_modules/@expo/cli argparse@1.0.10 OK for: js-yaml@3.14.2 want: ^1.0.7
3907 silly fetch manifest sprintf-js@~1.0.2
3908 http fetch GET 200 https://registry.npmjs.org/sprintf-js 253ms (cache miss)
3909 timing idealTree:node_modules/@expo/cli/node_modules/js-yaml Completed in 256ms
3910 silly placeDep ROOT sprintf-js@1.0.3 OK for: argparse@1.0.10 want: ~1.0.2
3911 timing idealTree:node_modules/@expo/cli/node_modules/argparse Completed in 2ms
3912 timing idealTree:node_modules/sprintf-js Completed in 0ms
3913 silly placeDep node_modules/@expo/cli brace-expansion@1.1.12 OK for: minimatch@3.1.2 want: ^1.1.7
3914 timing idealTree:node_modules/@expo/cli/node_modules/minimatch Completed in 2ms
3915 timing idealTree:node_modules/@expo/cli/node_modules/brace-expansion Completed in 0ms
3916 silly placeDep node_modules/@expo/config-plugins minimatch@3.1.2 OK for: glob@7.1.6 want: ^3.0.4
3917 timing idealTree:node_modules/@expo/config-plugins/node_modules/glob Completed in 2ms
3918 silly placeDep node_modules/@expo/config-plugins brace-expansion@1.1.12 OK for: minimatch@3.1.2 want: ^1.1.7
3919 timing idealTree:node_modules/@expo/config-plugins/node_modules/minimatch Completed in 1ms
3920 timing idealTree:node_modules/@expo/config-plugins/node_modules/brace-expansion Completed in 0ms
3921 silly placeDep ROOT @babel/highlight@7.25.9 OK for: @babel/code-frame@7.10.4 want: ^7.10.4
3922 timing idealTree:node_modules/@expo/config/node_modules/@babel/code-frame Completed in 3ms
3923 silly placeDep node_modules/@babel/highlight chalk@2.4.2 OK for: @babel/highlight@7.25.9 want: ^2.4.2
3924 timing idealTree:node_modules/@babel/highlight Completed in 2ms
3925 silly placeDep node_modules/@babel/highlight ansi-styles@3.2.1 OK for: chalk@2.4.2 want: ^3.2.1
3926 silly placeDep node_modules/@babel/highlight escape-string-regexp@1.0.5 OK for: chalk@2.4.2 want: ^1.0.5
3927 silly placeDep node_modules/@babel/highlight supports-color@5.5.0 OK for: chalk@2.4.2 want: ^5.3.0
3928 silly fetch manifest has-flag@^3.0.0
3929 timing idealTree:node_modules/@babel/highlight/node_modules/chalk Completed in 4ms
3930 silly placeDep node_modules/@babel/highlight color-convert@1.9.3 OK for: ansi-styles@3.2.1 want: ^1.9.0
3931 silly fetch manifest color-name@1.1.3
3932 timing idealTree:node_modules/@babel/highlight/node_modules/ansi-styles Completed in 2ms
3933 silly placeDep node_modules/@babel/highlight color-name@1.1.3 OK for: color-convert@1.9.3 want: 1.1.3
3934 timing idealTree:node_modules/@babel/highlight/node_modules/color-convert Completed in 1ms
3935 timing idealTree:node_modules/@babel/highlight/node_modules/color-name Completed in 0ms
3936 timing idealTree:node_modules/@babel/highlight/node_modules/escape-string-regexp Completed in 0ms
3937 silly placeDep node_modules/@babel/highlight has-flag@3.0.0 OK for: supports-color@5.5.0 want: ^3.0.0
3938 timing idealTree:node_modules/@babel/highlight/node_modules/supports-color Completed in 1ms
3939 timing idealTree:node_modules/@babel/highlight/node_modules/has-flag Completed in 0ms
3940 silly placeDep node_modules/@expo/config minimatch@3.1.2 OK for: glob@7.1.6 want: ^3.0.4
3941 timing idealTree:node_modules/@expo/config/node_modules/glob Completed in 3ms
3942 silly placeDep node_modules/@expo/config brace-expansion@1.1.12 OK for: minimatch@3.1.2 want: ^1.1.7
3943 timing idealTree:node_modules/@expo/config/node_modules/minimatch Completed in 2ms
3944 timing idealTree:node_modules/@expo/config/node_modules/brace-expansion Completed in 0ms
3945 timing idealTree:node_modules/@expo/devcert/node_modules/debug Completed in 0ms
3946 silly placeDep ROOT at-least-node@1.0.0 OK for: fs-extra@9.0.0 want: ^1.0.0
3947 silly placeDep node_modules/@expo/image-utils jsonfile@6.2.0 OK for: fs-extra@9.0.0 want: ^6.0.1
3948 silly placeDep node_modules/@expo/image-utils universalify@1.0.0 OK for: fs-extra@9.0.0 want: ^1.0.0
3949 timing idealTree:node_modules/@expo/image-utils/node_modules/fs-extra Completed in 6ms
3950 timing idealTree:node_modules/at-least-node Completed in 0ms
3951 silly placeDep node_modules/@expo/image-utils/node_modules/jsonfile universalify@2.0.1 OK for: jsonfile@6.2.0 want: ^2.0.0
3952 timing idealTree:node_modules/@expo/image-utils/node_modules/jsonfile Completed in 2ms
3953 silly placeDep node_modules/@expo/image-utils temp-dir@1.0.0 OK for: tempy@0.3.0 want: ^1.0.0
3954 silly placeDep node_modules/@expo/image-utils type-fest@0.3.1 OK for: tempy@0.3.0 want: ^0.3.1
3955 silly placeDep node_modules/@expo/image-utils unique-string@1.0.0 OK for: tempy@0.3.0 want: ^1.0.0
3956 silly fetch manifest crypto-random-string@^1.0.0
3957 timing idealTree:node_modules/@expo/image-utils/node_modules/tempy Completed in 4ms
3958 timing idealTree:node_modules/@expo/image-utils/node_modules/temp-dir Completed in 0ms
3959 timing idealTree:node_modules/@expo/image-utils/node_modules/type-fest Completed in 0ms
3960 silly placeDep node_modules/@expo/image-utils crypto-random-string@1.0.0 OK for: unique-string@1.0.0 want: ^1.0.0
3961 timing idealTree:node_modules/@expo/image-utils/node_modules/unique-string Completed in 1ms
3962 timing idealTree:node_modules/@expo/image-utils/node_modules/crypto-random-string Completed in 0ms
3963 timing idealTree:node_modules/@expo/image-utils/node_modules/universalify Completed in 0ms
3964 timing idealTree:node_modules/@expo/json-file/node_modules/@babel/code-frame Completed in 0ms
3965 silly placeDep node_modules/@expo/metro-config jsonfile@6.2.0 OK for: fs-extra@9.1.0 want: ^6.0.1
3966 silly placeDep node_modules/@expo/metro-config universalify@2.0.1 OK for: fs-extra@9.1.0 want: ^2.0.0
3967 timing idealTree:node_modules/@expo/metro-config/node_modules/fs-extra Completed in 4ms
3968 timing idealTree:node_modules/@expo/metro-config/node_modules/jsonfile Completed in 0ms
3969 timing idealTree:node_modules/@expo/metro-config/node_modules/universalify Completed in 0ms
3970 silly placeDep node_modules/@expo/package-manager @babel/code-frame@7.10.4 OK for: @expo/json-file@10.0.8 want: ~7.10.4
3971 timing idealTree:node_modules/@expo/package-manager/node_modules/@expo/json-file Completed in 3ms
3972 timing idealTree:node_modules/@expo/package-manager/node_modules/@babel/code-frame Completed in 0ms
3973 silly placeDep node_modules/@expo/package-manager hosted-git-info@7.0.2 OK for: npm-package-arg@11.0.3 want: ^7.0.0
3974 silly placeDep ROOT proc-log@4.2.0 OK for: npm-package-arg@11.0.3 want: ^4.0.0
3975 silly placeDep node_modules/@expo/package-manager validate-npm-package-name@5.0.1 OK for: npm-package-arg@11.0.3 want: ^5.0.0
3976 timing idealTree:node_modules/@expo/package-manager/node_modules/npm-package-arg Completed in 6ms
3977 timing idealTree:node_modules/proc-log Completed in 0ms
3978 silly placeDep node_modules/@expo/package-manager lru-cache@10.4.3 OK for: hosted-git-info@7.0.2 want: ^10.0.1
3979 timing idealTree:node_modules/@expo/package-manager/node_modules/hosted-git-info Completed in 1ms
3980 timing idealTree:node_modules/@expo/package-manager/node_modules/lru-cache Completed in 0ms
3981 timing idealTree:node_modules/@expo/package-manager/node_modules/validate-npm-package-name Completed in 0ms
3982 silly placeDep node_modules/@expo/prebuild-config jsonfile@6.2.0 OK for: fs-extra@9.1.0 want: ^6.0.1
3983 silly placeDep node_modules/@expo/prebuild-config universalify@2.0.1 OK for: fs-extra@9.1.0 want: ^2.0.0
3984 timing idealTree:node_modules/@expo/prebuild-config/node_modules/fs-extra Completed in 4ms
3985 timing idealTree:node_modules/@expo/prebuild-config/node_modules/jsonfile Completed in 0ms
3986 timing idealTree:node_modules/@expo/prebuild-config/node_modules/universalify Completed in 0ms
3987 timing idealTree:node_modules/@expo/xcpretty/node_modules/@babel/code-frame Completed in 0ms
3988 silly placeDep node_modules/@humanwhocodes/config-array brace-expansion@1.1.12 OK for: minimatch@3.1.2 want: ^1.1.7
3989 timing idealTree:node_modules/@humanwhocodes/config-array/node_modules/minimatch Completed in 2ms
3990 timing idealTree:node_modules/@humanwhocodes/config-array/node_modules/brace-expansion Completed in 0ms
3991 silly placeDep node_modules/@react-native-community/cli-clean get-stream@6.0.1 OK for: execa@5.1.1 want: ^6.0.0
3992 silly placeDep ROOT human-signals@2.1.0 OK for: execa@5.1.1 want: ^2.1.0
3993 silly placeDep node_modules/@react-native-community/cli-clean is-stream@2.0.1 OK for: execa@5.1.1 want: ^2.0.0
3994 silly placeDep node_modules/@react-native-community/cli-clean npm-run-path@4.0.1 OK for: execa@5.1.1 want: ^4.0.1
3995 silly placeDep node_modules/@react-native-community/cli-clean onetime@5.1.2 OK for: execa@5.1.1 want: ^5.1.2
3996 silly fetch manifest mimic-fn@^2.1.0
3997 silly placeDep ROOT strip-final-newline@2.0.0 OK for: execa@5.1.1 want: ^2.0.0
3998 timing idealTree:node_modules/@react-native-community/cli-clean/node_modules/execa Completed in 15ms
3999 timing idealTree:node_modules/human-signals Completed in 0ms
4000 timing idealTree:node_modules/strip-final-newline Completed in 0ms
4001 timing idealTree:node_modules/@react-native-community/cli-clean/node_modules/get-stream Completed in 0ms
4002 timing idealTree:node_modules/@react-native-community/cli-clean/node_modules/is-stream Completed in 0ms
4003 timing idealTree:node_modules/@react-native-community/cli-clean/node_modules/npm-run-path Completed in 0ms
4004 silly placeDep node_modules/@react-native-community/cli-clean mimic-fn@2.1.0 OK for: onetime@5.1.2 want: ^2.1.0
4005 timing idealTree:node_modules/@react-native-community/cli-clean/node_modules/onetime Completed in 1ms
4006 timing idealTree:node_modules/@react-native-community/cli-clean/node_modules/mimic-fn Completed in 0ms
4007 silly placeDep node_modules/@react-native-community/cli-doctor get-stream@6.0.1 OK for: execa@5.1.1 want: ^6.0.0
4008 silly placeDep node_modules/@react-native-community/cli-doctor is-stream@2.0.1 OK for: execa@5.1.1 want: ^2.0.0
4009 silly placeDep node_modules/@react-native-community/cli-doctor npm-run-path@4.0.1 OK for: execa@5.1.1 want: ^4.0.1
4010 silly placeDep node_modules/@react-native-community/cli-doctor onetime@5.1.2 OK for: execa@5.1.1 want: ^5.1.2
4011 timing idealTree:node_modules/@react-native-community/cli-doctor/node_modules/execa Completed in 7ms
4012 timing idealTree:node_modules/@react-native-community/cli-doctor/node_modules/get-stream Completed in 0ms
4013 timing idealTree:node_modules/@react-native-community/cli-doctor/node_modules/is-stream Completed in 0ms
4014 timing idealTree:node_modules/@react-native-community/cli-doctor/node_modules/npm-run-path Completed in 0ms
4015 silly placeDep node_modules/@react-native-community/cli-doctor mimic-fn@2.1.0 OK for: onetime@5.1.2 want: ^2.1.0
4016 timing idealTree:node_modules/@react-native-community/cli-doctor/node_modules/onetime Completed in 2ms
4017 timing idealTree:node_modules/@react-native-community/cli-doctor/node_modules/mimic-fn Completed in 0ms
4018 silly fetch manifest strip-ansi@^6.0.0
4019 silly placeDep ROOT bl@4.1.0 OK for: ora@5.4.1 want: ^4.1.0
4020 silly fetch manifest readable-stream@^3.4.0
4021 silly placeDep node_modules/@react-native-community/cli-doctor cli-cursor@3.1.0 OK for: ora@5.4.1 want: ^3.1.0
4022 silly fetch manifest restore-cursor@^3.1.0
4023 silly placeDep ROOT is-interactive@1.0.0 OK for: ora@5.4.1 want: ^1.0.0
4024 silly placeDep ROOT is-unicode-supported@0.1.0 OK for: ora@5.4.1 want: ^0.1.0
4025 silly placeDep node_modules/@react-native-community/cli-doctor log-symbols@4.1.0 OK for: ora@5.4.1 want: ^4.1.0
4026 silly placeDep node_modules/@react-native-community/cli-doctor/node_modules/ora strip-ansi@6.0.1 OK for: ora@5.4.1 want: ^6.0.0
4027 timing idealTree:node_modules/@react-native-community/cli-doctor/node_modules/ora Completed in 15ms
4028 silly placeDep node_modules/bl readable-stream@3.6.2 OK for: bl@4.1.0 want: ^3.4.0
4029 timing idealTree:node_modules/bl Completed in 2ms
4030 timing idealTree:node_modules/is-interactive Completed in 0ms
4031 timing idealTree:node_modules/is-unicode-supported Completed in 0ms
4032 silly placeDep node_modules/@react-native-community/cli-doctor restore-cursor@3.1.0 OK for: cli-cursor@3.1.0 want: ^3.1.0
4033 timing idealTree:node_modules/@react-native-community/cli-doctor/node_modules/cli-cursor Completed in 1ms
4034 timing idealTree:node_modules/@react-native-community/cli-doctor/node_modules/log-symbols Completed in 0ms
4035 timing idealTree:node_modules/@react-native-community/cli-doctor/node_modules/restore-cursor Completed in 0ms
4036 silly placeDep node_modules/@react-native-community/cli-doctor/node_modules/strip-ansi ansi-regex@4.1.1 OK for: strip-ansi@5.2.0 want: ^4.1.0
4037 timing idealTree:node_modules/@react-native-community/cli-doctor/node_modules/strip-ansi Completed in 1ms
4038 silly placeDep node_modules/@react-native-community/cli-platform-android get-stream@6.0.1 OK for: execa@5.1.1 want: ^6.0.0
4039 silly placeDep node_modules/@react-native-community/cli-platform-android is-stream@2.0.1 OK for: execa@5.1.1 want: ^2.0.0
4040 silly placeDep node_modules/@react-native-community/cli-platform-android npm-run-path@4.0.1 OK for: execa@5.1.1 want: ^4.0.1
4041 silly placeDep node_modules/@react-native-community/cli-platform-android onetime@5.1.2 OK for: execa@5.1.1 want: ^5.1.2
4042 timing idealTree:node_modules/@react-native-community/cli-platform-android/node_modules/execa Completed in 6ms
4043 timing idealTree:node_modules/@react-native-community/cli-platform-android/node_modules/get-stream Completed in 0ms
4044 timing idealTree:node_modules/@react-native-community/cli-platform-android/node_modules/is-stream Completed in 0ms
4045 timing idealTree:node_modules/@react-native-community/cli-platform-android/node_modules/npm-run-path Completed in 0ms
4046 silly placeDep node_modules/@react-native-community/cli-platform-android mimic-fn@2.1.0 OK for: onetime@5.1.2 want: ^2.1.0
4047 timing idealTree:node_modules/@react-native-community/cli-platform-android/node_modules/onetime Completed in 2ms
4048 timing idealTree:node_modules/@react-native-community/cli-platform-android/node_modules/mimic-fn Completed in 0ms
4049 silly placeDep node_modules/@react-native-community/cli-platform-apple get-stream@6.0.1 OK for: execa@5.1.1 want: ^6.0.0
4050 silly placeDep node_modules/@react-native-community/cli-platform-apple is-stream@2.0.1 OK for: execa@5.1.1 want: ^2.0.0
4051 silly placeDep node_modules/@react-native-community/cli-platform-apple npm-run-path@4.0.1 OK for: execa@5.1.1 want: ^4.0.1
4052 silly placeDep node_modules/@react-native-community/cli-platform-apple onetime@5.1.2 OK for: execa@5.1.1 want: ^5.1.2
4053 timing idealTree:node_modules/@react-native-community/cli-platform-apple/node_modules/execa Completed in 6ms
4054 timing idealTree:node_modules/@react-native-community/cli-platform-apple/node_modules/get-stream Completed in 0ms
4055 timing idealTree:node_modules/@react-native-community/cli-platform-apple/node_modules/is-stream Completed in 0ms
4056 timing idealTree:node_modules/@react-native-community/cli-platform-apple/node_modules/npm-run-path Completed in 0ms
4057 silly placeDep node_modules/@react-native-community/cli-platform-apple mimic-fn@2.1.0 OK for: onetime@5.1.2 want: ^2.1.0
4058 timing idealTree:node_modules/@react-native-community/cli-platform-apple/node_modules/onetime Completed in 1ms
4059 timing idealTree:node_modules/@react-native-community/cli-platform-apple/node_modules/mimic-fn Completed in 0ms
4060 silly placeDep node_modules/@react-native-community/cli-platform-apple cli-cursor@3.1.0 OK for: ora@5.4.1 want: ^3.1.0
4061 silly placeDep node_modules/@react-native-community/cli-platform-apple log-symbols@4.1.0 OK for: ora@5.4.1 want: ^4.1.0
4062 timing idealTree:node_modules/@react-native-community/cli-platform-apple/node_modules/ora Completed in 3ms
4063 silly placeDep node_modules/@react-native-community/cli-platform-apple restore-cursor@3.1.0 OK for: cli-cursor@3.1.0 want: ^3.1.0
4064 timing idealTree:node_modules/@react-native-community/cli-platform-apple/node_modules/cli-cursor Completed in 1ms
4065 timing idealTree:node_modules/@react-native-community/cli-platform-apple/node_modules/log-symbols Completed in 0ms
4066 timing idealTree:node_modules/@react-native-community/cli-platform-apple/node_modules/restore-cursor Completed in 0ms
4067 silly placeDep ROOT async-limiter@1.0.1 OK for: ws@6.2.3 want: ~1.0.0
4068 timing idealTree:node_modules/@react-native-community/cli-server-api/node_modules/ws Completed in 1ms
4069 timing idealTree:node_modules/async-limiter Completed in 0ms
4070 silly placeDep node_modules/@react-native-community/cli-tools get-stream@6.0.1 OK for: execa@5.1.1 want: ^6.0.0
4071 silly placeDep node_modules/@react-native-community/cli-tools is-stream@2.0.1 OK for: execa@5.1.1 want: ^2.0.0
4072 silly placeDep node_modules/@react-native-community/cli-tools npm-run-path@4.0.1 OK for: execa@5.1.1 want: ^4.0.1
4073 silly placeDep node_modules/@react-native-community/cli-tools onetime@5.1.2 OK for: execa@5.1.1 want: ^5.1.2
4074 timing idealTree:node_modules/@react-native-community/cli-tools/node_modules/execa Completed in 5ms
4075 timing idealTree:node_modules/@react-native-community/cli-tools/node_modules/get-stream Completed in 0ms
4076 timing idealTree:node_modules/@react-native-community/cli-tools/node_modules/is-stream Completed in 0ms
4077 timing idealTree:node_modules/@react-native-community/cli-tools/node_modules/npm-run-path Completed in 0ms
4078 silly placeDep node_modules/@react-native-community/cli-tools mimic-fn@2.1.0 OK for: onetime@5.1.2 want: ^2.1.0
4079 timing idealTree:node_modules/@react-native-community/cli-tools/node_modules/onetime Completed in 1ms
4080 timing idealTree:node_modules/@react-native-community/cli-tools/node_modules/mimic-fn Completed in 0ms
4081 silly placeDep node_modules/@react-native-community/cli-tools is-wsl@1.1.0 OK for: open@6.4.0 want: ^1.1.0
4082 timing idealTree:node_modules/@react-native-community/cli-tools/node_modules/open Completed in 2ms
4083 timing idealTree:node_modules/@react-native-community/cli-tools/node_modules/is-wsl Completed in 0ms
4084 silly placeDep node_modules/@react-native-community/cli-tools cli-cursor@3.1.0 OK for: ora@5.4.1 want: ^3.1.0
4085 silly placeDep node_modules/@react-native-community/cli-tools log-symbols@4.1.0 OK for: ora@5.4.1 want: ^4.1.0
4086 timing idealTree:node_modules/@react-native-community/cli-tools/node_modules/ora Completed in 5ms
4087 silly placeDep node_modules/@react-native-community/cli-tools restore-cursor@3.1.0 OK for: cli-cursor@3.1.0 want: ^3.1.0
4088 timing idealTree:node_modules/@react-native-community/cli-tools/node_modules/cli-cursor Completed in 1ms
4089 timing idealTree:node_modules/@react-native-community/cli-tools/node_modules/log-symbols Completed in 0ms
4090 timing idealTree:node_modules/@react-native-community/cli-tools/node_modules/restore-cursor Completed in 0ms
4091 timing idealTree:node_modules/@react-native-community/cli/node_modules/commander Completed in 0ms
4092 silly placeDep node_modules/@react-native-community/cli get-stream@6.0.1 OK for: execa@5.1.1 want: ^6.0.0
4093 silly placeDep node_modules/@react-native-community/cli is-stream@2.0.1 OK for: execa@5.1.1 want: ^2.0.0
4094 silly placeDep node_modules/@react-native-community/cli npm-run-path@4.0.1 OK for: execa@5.1.1 want: ^4.0.1
4095 silly placeDep node_modules/@react-native-community/cli onetime@5.1.2 OK for: execa@5.1.1 want: ^5.1.2
4096 timing idealTree:node_modules/@react-native-community/cli/node_modules/execa Completed in 6ms
4097 silly placeDep node_modules/@react-native-community/cli locate-path@5.0.0 OK for: find-up@4.1.0 want: ^5.0.0
4098 silly fetch manifest p-locate@^4.1.0
4099 timing idealTree:node_modules/@react-native-community/cli/node_modules/find-up Completed in 2ms
4100 timing idealTree:node_modules/@react-native-community/cli/node_modules/get-stream Completed in 0ms
4101 timing idealTree:node_modules/@react-native-community/cli/node_modules/is-stream Completed in 0ms
4102 silly placeDep node_modules/@react-native-community/cli p-locate@4.1.0 OK for: locate-path@5.0.0 want: ^4.1.0
4103 silly fetch manifest p-limit@^2.2.0
4104 timing idealTree:node_modules/@react-native-community/cli/node_modules/locate-path Completed in 2ms
4105 timing idealTree:node_modules/@react-native-community/cli/node_modules/npm-run-path Completed in 0ms
4106 silly placeDep node_modules/@react-native-community/cli mimic-fn@2.1.0 OK for: onetime@5.1.2 want: ^2.1.0
4107 timing idealTree:node_modules/@react-native-community/cli/node_modules/onetime Completed in 2ms
4108 timing idealTree:node_modules/@react-native-community/cli/node_modules/mimic-fn Completed in 0ms
4109 silly placeDep node_modules/@react-native-community/cli p-limit@2.3.0 OK for: p-locate@4.1.0 want: ^2.2.0
4110 silly fetch manifest p-try@^2.0.0
4111 http fetch GET 200 https://registry.npmjs.org/p-try 280ms (cache miss)
4112 timing idealTree:node_modules/@react-native-community/cli/node_modules/p-locate Completed in 281ms
4113 silly placeDep ROOT p-try@2.2.0 OK for: p-limit@2.3.0 want: ^2.0.0
4114 timing idealTree:node_modules/@react-native-community/cli/node_modules/p-limit Completed in 1ms
4115 timing idealTree:node_modules/p-try Completed in 0ms
4116 silly placeDep node_modules/@react-native/community-cli-plugin @react-native/debugger-frontend@0.74.83 OK for: @react-native/dev-middleware@0.74.83 want: 0.74.83
4117 silly placeDep node_modules/@react-native/community-cli-plugin debug@2.6.9 OK for: @react-native/dev-middleware@0.74.83 want: ^2.2.0
4118 silly placeDep node_modules/@react-native/community-cli-plugin open@7.4.2 OK for: @react-native/dev-middleware@0.74.83 want: ^7.0.3
4119 silly placeDep node_modules/@react-native/community-cli-plugin ws@6.2.3 OK for: @react-native/dev-middleware@0.74.83 want: ^6.2.2
4120 timing idealTree:node_modules/@react-native/community-cli-plugin/node_modules/@react-native/dev-middleware Completed in 5ms
4121 timing idealTree:node_modules/@react-native/community-cli-plugin/node_modules/@react-native/debugger-frontend Completed in 0ms
4122 silly placeDep node_modules/@react-native/community-cli-plugin ms@2.0.0 OK for: debug@2.6.9 want: 2.0.0
4123 timing idealTree:node_modules/@react-native/community-cli-plugin/node_modules/debug Completed in 2ms
4124 silly placeDep node_modules/@react-native/community-cli-plugin get-stream@6.0.1 OK for: execa@5.1.1 want: ^6.0.0
4125 silly placeDep node_modules/@react-native/community-cli-plugin is-stream@2.0.1 OK for: execa@5.1.1 want: ^2.0.0
4126 silly placeDep node_modules/@react-native/community-cli-plugin npm-run-path@4.0.1 OK for: execa@5.1.1 want: ^4.0.1
4127 silly placeDep node_modules/@react-native/community-cli-plugin onetime@5.1.2 OK for: execa@5.1.1 want: ^5.1.2
4128 timing idealTree:node_modules/@react-native/community-cli-plugin/node_modules/execa Completed in 5ms
4129 timing idealTree:node_modules/@react-native/community-cli-plugin/node_modules/get-stream Completed in 0ms
4130 timing idealTree:node_modules/@react-native/community-cli-plugin/node_modules/is-stream Completed in 0ms
4131 timing idealTree:node_modules/@react-native/community-cli-plugin/node_modules/ms Completed in 0ms
4132 timing idealTree:node_modules/@react-native/community-cli-plugin/node_modules/npm-run-path Completed in 0ms
4133 silly placeDep node_modules/@react-native/community-cli-plugin mimic-fn@2.1.0 OK for: onetime@5.1.2 want: ^2.1.0
4134 timing idealTree:node_modules/@react-native/community-cli-plugin/node_modules/onetime Completed in 1ms
4135 timing idealTree:node_modules/@react-native/community-cli-plugin/node_modules/mimic-fn Completed in 0ms
4136 timing idealTree:node_modules/@react-native/community-cli-plugin/node_modules/open Completed in 0ms
4137 timing idealTree:node_modules/@react-native/community-cli-plugin/node_modules/ws Completed in 0ms
4138 silly placeDep node_modules/@react-native/dev-middleware ms@2.0.0 OK for: debug@2.6.9 want: 2.0.0
4139 timing idealTree:node_modules/@react-native/dev-middleware/node_modules/debug Completed in 1ms
4140 timing idealTree:node_modules/@react-native/dev-middleware/node_modules/ms Completed in 0ms
4141 timing idealTree:node_modules/@react-native/dev-middleware/node_modules/open Completed in 0ms
4142 timing idealTree:node_modules/@react-native/dev-middleware/node_modules/ws Completed in 0ms
4143 silly placeDep ROOT @babel/plugin-proposal-logical-assignment-operators@7.20.7 OK for: @react-native/babel-preset@0.74.83 want: ^7.18.0
4144 silly fetch manifest @babel/plugin-syntax-logical-assignment-operators@^7.10.4
4145 silly placeDep node_modules/@react-native/metro-babel-transformer @react-native/babel-plugin-codegen@0.74.83 OK for: @react-native/babel-preset@0.74.83 want: 0.74.83
4146 http fetch GET 200 https://registry.npmjs.org/@babel%2fplugin-syntax-logical-assignment-operators 498ms (cache miss)
4147 timing idealTree:node_modules/@react-native/metro-babel-transformer/node_modules/@react-native/babel-preset Completed in 505ms
4148 silly placeDep ROOT @babel/plugin-syntax-logical-assignment-operators@7.10.4 OK for: @babel/plugin-proposal-logical-assignment-operators@7.20.7 want: ^7.10.4
4149 timing idealTree:node_modules/@babel/plugin-proposal-logical-assignment-operators Completed in 3ms
4150 timing idealTree:node_modules/@babel/plugin-syntax-logical-assignment-operators Completed in 0ms
4151 silly placeDep node_modules/@react-native/metro-babel-transformer @react-native/codegen@0.74.83 OK for: @react-native/babel-plugin-codegen@0.74.83 want: 0.74.83
4152 timing idealTree:node_modules/@react-native/metro-babel-transformer/node_modules/@react-native/babel-plugin-codegen Completed in 5ms
4153 timing idealTree:node_modules/@react-native/metro-babel-transformer/node_modules/@react-native/codegen Completed in 0ms
4154 timing idealTree:node_modules/@rnx-kit/chromium-edge-launcher/node_modules/mkdirp Completed in 0ms
4155 timing idealTree:node_modules/ansi-escapes/node_modules/type-fest Completed in 0ms
4156 silly placeDep node_modules/ansi-fragments ansi-regex@4.1.1 OK for: strip-ansi@5.2.0 want: ^4.1.0
4157 timing idealTree:node_modules/ansi-fragments/node_modules/strip-ansi Completed in 1ms
4158 timing idealTree:node_modules/ansi-fragments/node_modules/ansi-regex Completed in 0ms
4159 timing idealTree:node_modules/anymatch/node_modules/picomatch Completed in 0ms
4160 timing idealTree:node_modules/babel-plugin-polyfill-corejs2/node_modules/semver Completed in 0ms
4161 timing idealTree:node_modules/bl/node_modules/readable-stream Completed in 0ms
4162 silly placeDep ROOT foreground-child@3.3.1 OK for: glob@10.5.0 want: ^3.1.0
4163 silly fetch manifest signal-exit@^4.0.1
4164 silly placeDep ROOT jackspeak@3.4.3 OK for: glob@10.5.0 want: ^3.1.2
4165 silly fetch manifest @isaacs/cliui@^8.0.2
4166 silly fetch manifest @pkgjs/parseargs@^0.11.0
4167 silly placeDep node_modules/cacache minimatch@9.0.5 OK for: glob@10.5.0 want: ^9.0.4
4168 silly placeDep ROOT package-json-from-dist@1.0.1 OK for: glob@10.5.0 want: ^1.0.0
4169 silly placeDep ROOT path-scurry@1.11.1 OK for: glob@10.5.0 want: ^1.11.1
4170 silly fetch manifest lru-cache@^10.2.0
4171 http fetch GET 200 https://registry.npmjs.org/@pkgjs%2fparseargs 1036ms (cache miss)
4172 http fetch GET 200 https://registry.npmjs.org/@isaacs%2fcliui 1056ms (cache miss)
4173 timing idealTree:node_modules/cacache/node_modules/glob Completed in 1061ms
4174 silly placeDep node_modules/foreground-child signal-exit@4.1.0 OK for: foreground-child@3.3.1 want: ^4.0.1
4175 timing idealTree:node_modules/foreground-child Completed in 2ms
4176 silly placeDep ROOT @isaacs/cliui@8.0.2 OK for: jackspeak@3.4.3 want: ^8.0.2
4177 silly fetch manifest string-width@^5.1.2
4178 silly fetch manifest string-width-cjs@npm:string-width@^4.2.0
4179 silly fetch manifest strip-ansi@^7.0.1
4180 silly fetch manifest strip-ansi-cjs@npm:strip-ansi@^6.0.1
4181 silly fetch manifest wrap-ansi@^8.1.0
4182 silly fetch manifest wrap-ansi-cjs@npm:wrap-ansi@^7.0.0
4183 silly placeDep ROOT @pkgjs/parseargs@0.11.0 OK for: jackspeak@3.4.3 want: ^0.11.0
4184 timing idealTree:node_modules/jackspeak Completed in 7ms
4185 silly placeDep node_modules/@isaacs/cliui string-width@5.1.2 OK for: @isaacs/cliui@8.0.2 want: ^5.1.2
4186 silly fetch manifest emoji-regex@^9.2.2
4187 silly fetch manifest eastasianwidth@^0.2.0
4188 silly placeDep ROOT string-width-cjs@4.2.3 OK for: @isaacs/cliui@8.0.2 want: npm:string-width@^4.2.0
4189 silly placeDep node_modules/@isaacs/cliui strip-ansi@7.1.2 OK for: @isaacs/cliui@8.0.2 want: ^7.0.1
4190 silly fetch manifest ansi-regex@^6.0.1
4191 silly placeDep ROOT strip-ansi-cjs@6.0.1 OK for: @isaacs/cliui@8.0.2 want: npm:strip-ansi@^6.0.1
4192 silly placeDep node_modules/@isaacs/cliui wrap-ansi@8.1.0 OK for: @isaacs/cliui@8.0.2 want: ^8.1.0
4193 silly fetch manifest ansi-styles@^6.1.0
4194 silly placeDep ROOT wrap-ansi-cjs@7.0.0 OK for: @isaacs/cliui@8.0.2 want: npm:wrap-ansi@^7.0.0
4195 http fetch GET 200 https://registry.npmjs.org/eastasianwidth 744ms (cache miss)
4196 timing idealTree:node_modules/@isaacs/cliui Completed in 749ms
4197 timing idealTree:node_modules/@pkgjs/parseargs Completed in 0ms
4198 timing idealTree:node_modules/package-json-from-dist Completed in 0ms
4199 silly placeDep node_modules/path-scurry lru-cache@10.4.3 OK for: path-scurry@1.11.1 want: ^10.2.0
4200 timing idealTree:node_modules/path-scurry Completed in 3ms
4201 silly placeDep node_modules/string-width-cjs is-fullwidth-code-point@3.0.0 OK for: string-width@4.2.3 want: ^3.0.0
4202 timing idealTree:node_modules/string-width-cjs Completed in 4ms
4203 timing idealTree:node_modules/strip-ansi-cjs Completed in 0ms
4204 timing idealTree:node_modules/wrap-ansi-cjs Completed in 0ms
4205 silly placeDep ROOT eastasianwidth@0.2.0 OK for: string-width@5.1.2 want: ^0.2.0
4206 silly placeDep node_modules/@isaacs/cliui emoji-regex@9.2.2 OK for: string-width@5.1.2 want: ^9.2.2
4207 timing idealTree:node_modules/@isaacs/cliui/node_modules/string-width Completed in 25ms
4208 timing idealTree:node_modules/eastasianwidth Completed in 0ms
4209 timing idealTree:node_modules/@isaacs/cliui/node_modules/emoji-regex Completed in 1ms
4210 silly placeDep node_modules/@isaacs/cliui ansi-regex@6.2.2 OK for: strip-ansi@7.1.2 want: ^6.0.1
4211 timing idealTree:node_modules/@isaacs/cliui/node_modules/strip-ansi Completed in 3ms
4212 timing idealTree:node_modules/@isaacs/cliui/node_modules/ansi-regex Completed in 0ms
4213 silly placeDep node_modules/@isaacs/cliui ansi-styles@6.2.3 OK for: wrap-ansi@8.1.0 want: ^6.1.0
4214 timing idealTree:node_modules/@isaacs/cliui/node_modules/wrap-ansi Completed in 7ms
4215 timing idealTree:node_modules/@isaacs/cliui/node_modules/ansi-styles Completed in 0ms
4216 timing idealTree:node_modules/cacache/node_modules/lru-cache Completed in 0ms
4217 timing idealTree:node_modules/cacache/node_modules/minimatch Completed in 0ms
4218 silly placeDep node_modules/compression ms@2.0.0 OK for: debug@2.6.9 want: 2.0.0
4219 timing idealTree:node_modules/compression/node_modules/debug Completed in 1ms
4220 timing idealTree:node_modules/compression/node_modules/ms Completed in 0ms
4221 timing idealTree:node_modules/compression/node_modules/negotiator Completed in 0ms
4222 silly placeDep node_modules/connect ms@2.0.0 OK for: debug@2.6.9 want: 2.0.0
4223 timing idealTree:node_modules/connect/node_modules/debug Completed in 4ms
4224 timing idealTree:node_modules/connect/node_modules/ms Completed in 0ms
4225 silly placeDep ROOT caller-path@2.0.0 OK for: import-fresh@2.0.0 want: ^2.0.0
4226 silly fetch manifest caller-callsite@^2.0.0
4227 silly placeDep node_modules/cosmiconfig resolve-from@3.0.0 OK for: import-fresh@2.0.0 want: ^3.0.0
4228 http fetch GET 200 https://registry.npmjs.org/caller-callsite 788ms (cache miss)
4229 timing idealTree:node_modules/cosmiconfig/node_modules/import-fresh Completed in 829ms
4230 silly placeDep ROOT caller-callsite@2.0.0 OK for: caller-path@2.0.0 want: ^2.0.0
4231 silly fetch manifest callsites@^2.0.0
4232 timing idealTree:node_modules/caller-path Completed in 17ms
4233 silly placeDep node_modules/caller-callsite callsites@2.0.0 OK for: caller-callsite@2.0.0 want: ^2.0.0
4234 timing idealTree:node_modules/caller-callsite Completed in 5ms
4235 timing idealTree:node_modules/caller-callsite/node_modules/callsites Completed in 0ms
4236 silly placeDep node_modules/cosmiconfig argparse@1.0.10 OK for: js-yaml@3.14.2 want: ^1.0.7
4237 timing idealTree:node_modules/cosmiconfig/node_modules/js-yaml Completed in 15ms
4238 timing idealTree:node_modules/cosmiconfig/node_modules/argparse Completed in 0ms
4239 timing idealTree:node_modules/cosmiconfig/node_modules/resolve-from Completed in 0ms
4240 timing idealTree:node_modules/defaults/node_modules/clone Completed in 0ms
4241 silly placeDep node_modules/eslint brace-expansion@1.1.12 OK for: minimatch@3.1.2 want: ^1.1.7
4242 timing idealTree:node_modules/eslint/node_modules/minimatch Completed in 96ms
4243 timing idealTree:node_modules/eslint/node_modules/brace-expansion Completed in 0ms
4244 silly placeDep ROOT nice-try@1.0.5 OK for: cross-spawn@6.0.6 want: ^1.0.4
4245 silly placeDep node_modules/execa path-key@2.0.1 OK for: cross-spawn@6.0.6 want: ^2.0.1
4246 silly placeDep node_modules/execa semver@5.7.2 OK for: cross-spawn@6.0.6 want: ^5.5.0
4247 silly placeDep node_modules/execa shebang-command@1.2.0 OK for: cross-spawn@6.0.6 want: ^1.2.0
4248 silly fetch manifest shebang-regex@^1.0.0
4249 silly placeDep node_modules/execa which@1.3.1 OK for: cross-spawn@6.0.6 want: ^1.2.9
4250 timing idealTree:node_modules/execa/node_modules/cross-spawn Completed in 26ms
4251 timing idealTree:node_modules/nice-try Completed in 0ms
4252 timing idealTree:node_modules/execa/node_modules/path-key Completed in 0ms
4253 timing idealTree:node_modules/execa/node_modules/semver Completed in 0ms
4254 silly placeDep node_modules/execa shebang-regex@1.0.0 OK for: shebang-command@1.2.0 want: ^1.0.0
4255 timing idealTree:node_modules/execa/node_modules/shebang-command Completed in 3ms
4256 timing idealTree:node_modules/execa/node_modules/shebang-regex Completed in 0ms
4257 timing idealTree:node_modules/execa/node_modules/which Completed in 0ms
4258 silly placeDep node_modules/expo-modules-autolinking jsonfile@6.2.0 OK for: fs-extra@9.1.0 want: ^6.0.1
4259 silly placeDep node_modules/expo-modules-autolinking universalify@2.0.1 OK for: fs-extra@9.1.0 want: ^2.0.0
4260 timing idealTree:node_modules/expo-modules-autolinking/node_modules/fs-extra Completed in 6ms
4261 timing idealTree:node_modules/expo-modules-autolinking/node_modules/jsonfile Completed in 0ms
4262 timing idealTree:node_modules/expo-modules-autolinking/node_modules/universalify Completed in 0ms
4263 silly placeDep node_modules/expo @react-native/babel-preset@0.74.87 OK for: babel-preset-expo@11.0.15 want: 0.74.87
4264 silly fetch manifest @react-native/babel-plugin-codegen@0.74.87
4265 silly placeDep ROOT babel-plugin-react-compiler@0.0.0-experimental-592953e-20240517 OK for: babel-preset-expo@11.0.15 want: 0.0.0-experimental-592953e-20240517
4266 silly fetch manifest zod@^3.22.4
4267 silly fetch manifest pretty-format@^24
4268 silly fetch manifest @babel/generator@7.2.0
4269 silly fetch manifest zod-validation-error@^2.1.0
4270 silly placeDep node_modules/expo babel-plugin-react-native-web@0.19.13 OK for: babel-preset-expo@11.0.15 want: ~0.19.10
4271 silly placeDep node_modules/expo react-refresh@0.14.2 OK for: babel-preset-expo@11.0.15 want: ^0.14.2
4272 http fetch GET 200 https://registry.npmjs.org/zod-validation-error 278ms (cache miss)
4273 http fetch GET 200 https://registry.npmjs.org/zod 384ms (cache miss)
4274 timing idealTree:node_modules/expo/node_modules/babel-preset-expo Completed in 421ms
4275 silly placeDep node_modules/babel-plugin-react-compiler @babel/generator@7.2.0 OK for: babel-plugin-react-compiler@0.0.0-experimental-592953e-20240517 want: 7.2.0
4276 silly fetch manifest jsesc@^2.5.1
4277 silly fetch manifest source-map@^0.5.0
4278 silly fetch manifest trim-right@^1.0.1
4279 silly placeDep node_modules/babel-plugin-react-compiler pretty-format@24.9.0 OK for: babel-plugin-react-compiler@0.0.0-experimental-592953e-20240517 want: ^24
4280 silly fetch manifest ansi-regex@^4.0.0
4281 silly fetch manifest @jest/types@^24.9.0
4282 silly placeDep ROOT zod@3.25.76 OK for: babel-plugin-react-compiler@0.0.0-experimental-592953e-20240517 want: ^3.22.4
4283 silly placeDep ROOT zod-validation-error@2.1.0 OK for: babel-plugin-react-compiler@0.0.0-experimental-592953e-20240517 want: ^2.1.0
4284 http fetch GET 200 https://registry.npmjs.org/trim-right 369ms (cache miss)
4285 timing idealTree:node_modules/babel-plugin-react-compiler Completed in 377ms
4286 timing idealTree:node_modules/zod Completed in 0ms
4287 timing idealTree:node_modules/zod-validation-error Completed in 0ms
4288 silly placeDep node_modules/babel-plugin-react-compiler jsesc@2.5.2 OK for: @babel/generator@7.2.0 want: ^2.5.1
4289 silly placeDep node_modules/babel-plugin-react-compiler source-map@0.5.7 OK for: @babel/generator@7.2.0 want: ^0.5.0
4290 silly placeDep ROOT trim-right@1.0.1 OK for: @babel/generator@7.2.0 want: ^1.0.1
4291 timing idealTree:node_modules/babel-plugin-react-compiler/node_modules/@babel/generator Completed in 10ms
4292 timing idealTree:node_modules/trim-right Completed in 0ms
4293 timing idealTree:node_modules/babel-plugin-react-compiler/node_modules/jsesc Completed in 0ms
4294 silly placeDep node_modules/babel-plugin-react-compiler @jest/types@24.9.0 OK for: pretty-format@24.9.0 want: ^24.9.0
4295 silly fetch manifest @types/yargs@^13.0.0
4296 silly fetch manifest @types/istanbul-reports@^1.1.1
4297 silly placeDep node_modules/babel-plugin-react-compiler ansi-regex@4.1.1 OK for: pretty-format@24.9.0 want: ^4.0.0
4298 silly placeDep node_modules/babel-plugin-react-compiler ansi-styles@3.2.1 OK for: pretty-format@24.9.0 want: ^3.2.0
4299 timing idealTree:node_modules/babel-plugin-react-compiler/node_modules/pretty-format Completed in 12ms
4300 silly placeDep node_modules/babel-plugin-react-compiler @types/istanbul-reports@1.1.2 OK for: @jest/types@24.9.0 want: ^1.1.1
4301 silly placeDep node_modules/babel-plugin-react-compiler @types/yargs@13.0.12 OK for: @jest/types@24.9.0 want: ^13.0.0
4302 timing idealTree:node_modules/babel-plugin-react-compiler/node_modules/@jest/types Completed in 6ms
4303 timing idealTree:node_modules/babel-plugin-react-compiler/node_modules/@types/istanbul-reports Completed in 0ms
4304 timing idealTree:node_modules/babel-plugin-react-compiler/node_modules/@types/yargs Completed in 0ms
4305 timing idealTree:node_modules/babel-plugin-react-compiler/node_modules/ansi-regex Completed in 0ms
4306 silly placeDep node_modules/babel-plugin-react-compiler color-convert@1.9.3 OK for: ansi-styles@3.2.1 want: ^1.9.0
4307 timing idealTree:node_modules/babel-plugin-react-compiler/node_modules/ansi-styles Completed in 4ms
4308 silly placeDep node_modules/babel-plugin-react-compiler color-name@1.1.3 OK for: color-convert@1.9.3 want: 1.1.3
4309 timing idealTree:node_modules/babel-plugin-react-compiler/node_modules/color-convert Completed in 2ms
4310 timing idealTree:node_modules/babel-plugin-react-compiler/node_modules/color-name Completed in 1ms
4311 timing idealTree:node_modules/babel-plugin-react-compiler/node_modules/source-map Completed in 0ms
4312 silly placeDep node_modules/expo @react-native/babel-plugin-codegen@0.74.87 OK for: @react-native/babel-preset@0.74.87 want: 0.74.87
4313 silly fetch manifest @react-native/codegen@0.74.87
4314 timing idealTree:node_modules/expo/node_modules/@react-native/babel-preset Completed in 2ms
4315 silly placeDep node_modules/expo @react-native/codegen@0.74.87 OK for: @react-native/babel-plugin-codegen@0.74.87 want: 0.74.87
4316 timing idealTree:node_modules/expo/node_modules/@react-native/babel-plugin-codegen Completed in 8ms
4317 timing idealTree:node_modules/expo/node_modules/@react-native/codegen Completed in 0ms
4318 timing idealTree:node_modules/expo/node_modules/babel-plugin-react-native-web Completed in 0ms
4319 timing idealTree:node_modules/expo/node_modules/react-refresh Completed in 0ms
4320 timing idealTree:node_modules/fast-glob/node_modules/glob-parent Completed in 0ms
4321 silly placeDep node_modules/finalhandler ms@2.0.0 OK for: debug@2.6.9 want: 2.0.0
4322 timing idealTree:node_modules/finalhandler/node_modules/debug Completed in 2ms
4323 timing idealTree:node_modules/finalhandler/node_modules/ms Completed in 0ms
4324 timing idealTree:node_modules/foreground-child/node_modules/signal-exit Completed in 0ms
4325 silly placeDep node_modules/glob brace-expansion@1.1.12 OK for: minimatch@3.1.2 want: ^1.1.7
4326 timing idealTree:node_modules/glob/node_modules/minimatch Completed in 4ms
4327 timing idealTree:node_modules/glob/node_modules/brace-expansion Completed in 0ms
4328 silly placeDep node_modules/hosted-git-info yallist@4.0.0 OK for: lru-cache@6.0.0 want: ^4.0.0
4329 timing idealTree:node_modules/hosted-git-info/node_modules/lru-cache Completed in 2ms
4330 timing idealTree:node_modules/hosted-git-info/node_modules/yallist Completed in 0ms
4331 timing idealTree:node_modules/http-errors/node_modules/statuses Completed in 0ms
4332 timing idealTree:node_modules/import-fresh/node_modules/resolve-from Completed in 0ms
4333 silly placeDep node_modules/is-invalid-path is-extglob@1.0.0 OK for: is-glob@2.0.1 want: ^1.0.0
4334 timing idealTree:node_modules/is-invalid-path/node_modules/is-glob Completed in 2ms
4335 timing idealTree:node_modules/is-invalid-path/node_modules/is-extglob Completed in 0ms
4336 silly placeDep node_modules/jest-message-util ansi-styles@5.2.0 OK for: pretty-format@29.7.0 want: ^5.0.0
4337 silly placeDep node_modules/jest-message-util react-is@18.3.1 OK for: pretty-format@29.7.0 want: ^18.0.0
4338 timing idealTree:node_modules/jest-message-util/node_modules/pretty-format Completed in 3ms
4339 timing idealTree:node_modules/jest-message-util/node_modules/ansi-styles Completed in 0ms
4340 timing idealTree:node_modules/jest-message-util/node_modules/react-is Completed in 0ms
4341 timing idealTree:node_modules/jest-util/node_modules/picomatch Completed in 0ms
4342 silly placeDep node_modules/jest-validate ansi-styles@5.2.0 OK for: pretty-format@29.7.0 want: ^5.0.0
4343 silly placeDep node_modules/jest-validate react-is@18.3.1 OK for: pretty-format@29.7.0 want: ^18.0.0
4344 timing idealTree:node_modules/jest-validate/node_modules/pretty-format Completed in 7ms
4345 timing idealTree:node_modules/jest-validate/node_modules/ansi-styles Completed in 0ms
4346 timing idealTree:node_modules/jest-validate/node_modules/react-is Completed in 0ms
4347 timing idealTree:node_modules/jest-worker/node_modules/supports-color Completed in 0ms
4348 timing idealTree:node_modules/json-schema-deref-sync/node_modules/md5 Completed in 0ms
4349 silly placeDep node_modules/lighthouse-logger ms@2.0.0 OK for: debug@2.6.9 want: 2.0.0
4350 timing idealTree:node_modules/lighthouse-logger/node_modules/debug Completed in 3ms
4351 timing idealTree:node_modules/lighthouse-logger/node_modules/ms Completed in 0ms
4352 silly placeDep node_modules/log-symbols ansi-styles@3.2.1 OK for: chalk@2.4.2 want: ^3.2.1
4353 silly placeDep node_modules/log-symbols escape-string-regexp@1.0.5 OK for: chalk@2.4.2 want: ^1.0.5
4354 silly placeDep node_modules/log-symbols supports-color@5.5.0 OK for: chalk@2.4.2 want: ^5.3.0
4355 timing idealTree:node_modules/log-symbols/node_modules/chalk Completed in 7ms
4356 silly placeDep node_modules/log-symbols color-convert@1.9.3 OK for: ansi-styles@3.2.1 want: ^1.9.0
4357 timing idealTree:node_modules/log-symbols/node_modules/ansi-styles Completed in 4ms
4358 silly placeDep node_modules/log-symbols color-name@1.1.3 OK for: color-convert@1.9.3 want: 1.1.3
4359 timing idealTree:node_modules/log-symbols/node_modules/color-convert Completed in 4ms
4360 timing idealTree:node_modules/log-symbols/node_modules/color-name Completed in 0ms
4361 timing idealTree:node_modules/log-symbols/node_modules/escape-string-regexp Completed in 0ms
4362 silly placeDep node_modules/log-symbols has-flag@3.0.0 OK for: supports-color@5.5.0 want: ^3.0.0
4363 timing idealTree:node_modules/log-symbols/node_modules/supports-color Completed in 4ms
4364 timing idealTree:node_modules/log-symbols/node_modules/has-flag Completed in 0ms
4365 silly placeDep node_modules/logkitty cliui@6.0.0 OK for: yargs@15.4.1 want: ^6.0.0
4366 silly fetch manifest wrap-ansi@^6.2.0
4367 silly placeDep ROOT decamelize@1.2.0 OK for: yargs@15.4.1 want: ^1.2.0
4368 silly placeDep node_modules/logkitty find-up@4.1.0 OK for: yargs@15.4.1 want: ^4.1.0
4369 silly placeDep ROOT require-main-filename@2.0.0 OK for: yargs@15.4.1 want: ^2.0.0
4370 silly placeDep ROOT set-blocking@2.0.0 OK for: yargs@15.4.1 want: ^2.0.0
4371 silly placeDep ROOT which-module@2.0.1 OK for: yargs@15.4.1 want: ^2.0.0
4372 silly placeDep node_modules/logkitty y18n@4.0.3 OK for: yargs@15.4.1 want: ^4.0.0
4373 silly placeDep node_modules/logkitty yargs-parser@18.1.3 OK for: yargs@15.4.1 want: ^18.1.2
4374 silly fetch manifest camelcase@^5.0.0
4375 timing idealTree:node_modules/logkitty/node_modules/yargs Completed in 27ms
4376 timing idealTree:node_modules/decamelize Completed in 0ms
4377 timing idealTree:node_modules/require-main-filename Completed in 0ms
4378 timing idealTree:node_modules/set-blocking Completed in 0ms
4379 timing idealTree:node_modules/which-module Completed in 0ms
4380 silly placeDep node_modules/logkitty wrap-ansi@6.2.0 OK for: cliui@6.0.0 want: ^6.2.0
4381 timing idealTree:node_modules/logkitty/node_modules/cliui Completed in 2ms
4382 silly placeDep node_modules/logkitty locate-path@5.0.0 OK for: find-up@4.1.0 want: ^5.0.0
4383 timing idealTree:node_modules/logkitty/node_modules/find-up Completed in 1ms
4384 silly placeDep node_modules/logkitty p-locate@4.1.0 OK for: locate-path@5.0.0 want: ^4.1.0
4385 timing idealTree:node_modules/logkitty/node_modules/locate-path Completed in 2ms
4386 silly placeDep node_modules/logkitty p-limit@2.3.0 OK for: p-locate@4.1.0 want: ^2.2.0
4387 timing idealTree:node_modules/logkitty/node_modules/p-locate Completed in 3ms
4388 timing idealTree:node_modules/logkitty/node_modules/p-limit Completed in 0ms
4389 timing idealTree:node_modules/logkitty/node_modules/wrap-ansi Completed in 0ms
4390 timing idealTree:node_modules/logkitty/node_modules/y18n Completed in 0ms
4391 silly placeDep node_modules/logkitty camelcase@5.3.1 OK for: yargs-parser@18.1.3 want: ^5.0.0
4392 timing idealTree:node_modules/logkitty/node_modules/yargs-parser Completed in 3ms
4393 timing idealTree:node_modules/logkitty/node_modules/camelcase Completed in 0ms
4394 timing idealTree:node_modules/make-dir/node_modules/semver Completed in 0ms
4395 silly placeDep node_modules/metro-babel-transformer hermes-estree@0.23.1 OK for: hermes-parser@0.23.1 want: 0.23.1
4396 timing idealTree:node_modules/metro-babel-transformer/node_modules/hermes-parser Completed in 5ms
4397 timing idealTree:node_modules/metro-babel-transformer/node_modules/hermes-estree Completed in 0ms
4398 silly placeDep node_modules/metro-file-map ms@2.0.0 OK for: debug@2.6.9 want: 2.0.0
4399 timing idealTree:node_modules/metro-file-map/node_modules/debug Completed in 4ms
4400 timing idealTree:node_modules/metro-file-map/node_modules/ms Completed in 0ms
4401 timing idealTree:node_modules/metro-source-map/node_modules/source-map Completed in 0ms
4402 timing idealTree:node_modules/metro-symbolicate/node_modules/source-map Completed in 0ms
4403 timing idealTree:node_modules/metro/node_modules/ci-info Completed in 0ms
4404 silly placeDep node_modules/metro ms@2.0.0 OK for: debug@2.6.9 want: 2.0.0
4405 timing idealTree:node_modules/metro/node_modules/debug Completed in 2ms
4406 silly placeDep node_modules/metro hermes-estree@0.23.1 OK for: hermes-parser@0.23.1 want: 0.23.1
4407 timing idealTree:node_modules/metro/node_modules/hermes-parser Completed in 2ms
4408 timing idealTree:node_modules/metro/node_modules/hermes-estree Completed in 0ms
4409 timing idealTree:node_modules/metro/node_modules/ms Completed in 0ms
4410 timing idealTree:node_modules/metro/node_modules/source-map Completed in 0ms
4411 timing idealTree:node_modules/metro/node_modules/ws Completed in 0ms
4412 timing idealTree:node_modules/micromatch/node_modules/picomatch Completed in 0ms
4413 silly placeDep node_modules/minipass-flush yallist@4.0.0 OK for: minipass@3.3.6 want: ^4.0.0
4414 timing idealTree:node_modules/minipass-flush/node_modules/minipass Completed in 2ms
4415 timing idealTree:node_modules/minipass-flush/node_modules/yallist Completed in 0ms
4416 silly placeDep node_modules/minipass-pipeline yallist@4.0.0 OK for: minipass@3.3.6 want: ^4.0.0
4417 timing idealTree:node_modules/minipass-pipeline/node_modules/minipass Completed in 2ms
4418 timing idealTree:node_modules/minipass-pipeline/node_modules/yallist Completed in 0ms
4419 timing idealTree:node_modules/minizlib/node_modules/minipass Completed in 0ms
4420 timing idealTree:node_modules/minizlib/node_modules/yallist Completed in 0ms
4421 silly placeDep node_modules/node-dir brace-expansion@1.1.12 OK for: minimatch@3.1.2 want: ^1.1.7
4422 timing idealTree:node_modules/node-dir/node_modules/minimatch Completed in 9ms
4423 timing idealTree:node_modules/node-dir/node_modules/brace-expansion Completed in 0ms
4424 timing idealTree:node_modules/npm-package-arg/node_modules/semver Completed in 0ms
4425 timing idealTree:node_modules/npm-run-path/node_modules/path-key Completed in 0ms
4426 silly placeDep node_modules/ora ansi-styles@3.2.1 OK for: chalk@2.4.2 want: ^3.2.1
4427 silly placeDep node_modules/ora escape-string-regexp@1.0.5 OK for: chalk@2.4.2 want: ^1.0.5
4428 silly placeDep node_modules/ora supports-color@5.5.0 OK for: chalk@2.4.2 want: ^5.3.0
4429 timing idealTree:node_modules/ora/node_modules/chalk Completed in 6ms
4430 silly placeDep node_modules/ora color-convert@1.9.3 OK for: ansi-styles@3.2.1 want: ^1.9.0
4431 timing idealTree:node_modules/ora/node_modules/ansi-styles Completed in 7ms
4432 silly placeDep node_modules/ora color-name@1.1.3 OK for: color-convert@1.9.3 want: 1.1.3
4433 timing idealTree:node_modules/ora/node_modules/color-convert Completed in 3ms
4434 timing idealTree:node_modules/ora/node_modules/color-name Completed in 0ms
4435 timing idealTree:node_modules/ora/node_modules/escape-string-regexp Completed in 0ms
4436 silly placeDep node_modules/ora ansi-regex@4.1.1 OK for: strip-ansi@5.2.0 want: ^4.1.0
4437 timing idealTree:node_modules/ora/node_modules/strip-ansi Completed in 2ms
4438 timing idealTree:node_modules/ora/node_modules/ansi-regex Completed in 0ms
4439 silly placeDep node_modules/ora has-flag@3.0.0 OK for: supports-color@5.5.0 want: ^3.0.0
4440 timing idealTree:node_modules/ora/node_modules/supports-color Completed in 2ms
4441 timing idealTree:node_modules/ora/node_modules/has-flag Completed in 0ms
4442 timing idealTree:node_modules/path-scurry/node_modules/lru-cache Completed in 0ms
4443 silly placeDep node_modules/pkg-dir locate-path@3.0.0 OK for: find-up@3.0.0 want: ^3.0.0
4444 silly fetch manifest p-locate@^3.0.0
4445 silly fetch manifest path-exists@^3.0.0
4446 timing idealTree:node_modules/pkg-dir/node_modules/find-up Completed in 3ms
4447 silly placeDep node_modules/pkg-dir p-locate@3.0.0 OK for: locate-path@3.0.0 want: ^3.0.0
4448 silly fetch manifest p-limit@^2.0.0
4449 silly placeDep node_modules/pkg-dir path-exists@3.0.0 OK for: locate-path@3.0.0 want: ^3.0.0
4450 timing idealTree:node_modules/pkg-dir/node_modules/locate-path Completed in 8ms
4451 silly placeDep node_modules/pkg-dir p-limit@2.3.0 OK for: p-locate@3.0.0 want: ^2.0.0
4452 timing idealTree:node_modules/pkg-dir/node_modules/p-locate Completed in 4ms
4453 timing idealTree:node_modules/pkg-dir/node_modules/p-limit Completed in 0ms
4454 timing idealTree:node_modules/pkg-dir/node_modules/path-exists Completed in 0ms
4455 timing idealTree:node_modules/plist/node_modules/@xmldom/xmldom Completed in 0ms
4456 timing idealTree:node_modules/plist/node_modules/xmlbuilder Completed in 0ms
4457 silly placeDep node_modules/pretty-format @types/yargs@15.0.20 OK for: @jest/types@26.6.2 want: ^15.0.0
4458 timing idealTree:node_modules/pretty-format/node_modules/@jest/types Completed in 6ms
4459 timing idealTree:node_modules/pretty-format/node_modules/@types/yargs Completed in 0ms
4460 timing idealTree:node_modules/pretty-format/node_modules/react-is Completed in 0ms
4461 timing idealTree:node_modules/rc/node_modules/strip-json-comments Completed in 0ms
4462 timing idealTree:node_modules/react-devtools-core/node_modules/ws Completed in 0ms
4463 timing idealTree:node_modules/react-native/node_modules/@react-native/codegen Completed in 0ms
4464 timing idealTree:node_modules/react-native/node_modules/@react-native/normalize-colors Completed in 0ms
4465 timing idealTree:node_modules/react-native/node_modules/promise Completed in 0ms
4466 timing idealTree:node_modules/react-native/node_modules/ws Completed in 0ms
4467 timing idealTree:node_modules/readable-stream/node_modules/safe-buffer Completed in 0ms
4468 timing idealTree:node_modules/recast/node_modules/source-map Completed in 0ms
4469 timing idealTree:node_modules/requireg/node_modules/resolve Completed in 0ms
4470 timing idealTree:node_modules/safe-array-concat/node_modules/isarray Completed in 0ms
4471 timing idealTree:node_modules/safe-push-apply/node_modules/isarray Completed in 0ms
4472 silly placeDep node_modules/send/node_modules/debug ms@2.0.0 OK for: debug@2.6.9 want: 2.0.0
4473 timing idealTree:node_modules/send/node_modules/debug Completed in 3ms
4474 timing idealTree:node_modules/send/node_modules/mime Completed in 0ms
4475 timing idealTree:node_modules/send/node_modules/on-finished Completed in 0ms
4476 timing idealTree:node_modules/send/node_modules/statuses Completed in 0ms
4477 timing idealTree:node_modules/serve-static/node_modules/encodeurl Completed in 0ms
4478 silly placeDep node_modules/serve-static debug@2.6.9 OK for: send@0.19.2 want: 2.6.9
4479 silly placeDep node_modules/serve-static http-errors@2.0.1 OK for: send@0.19.2 want: ~2.0.1
4480 silly placeDep node_modules/serve-static mime@1.6.0 OK for: send@0.19.2 want: 1.6.0
4481 silly placeDep node_modules/serve-static on-finished@2.4.1 OK for: send@0.19.2 want: ~2.4.1
4482 silly placeDep node_modules/serve-static statuses@2.0.2 OK for: send@0.19.2 want: ~2.0.2
4483 timing idealTree:node_modules/serve-static/node_modules/send Completed in 12ms
4484 silly placeDep node_modules/serve-static/node_modules/debug ms@2.0.0 OK for: debug@2.6.9 want: 2.0.0
4485 timing idealTree:node_modules/serve-static/node_modules/debug Completed in 2ms
4486 timing idealTree:node_modules/serve-static/node_modules/http-errors Completed in 0ms
4487 timing idealTree:node_modules/serve-static/node_modules/mime Completed in 0ms
4488 timing idealTree:node_modules/serve-static/node_modules/on-finished Completed in 0ms
4489 timing idealTree:node_modules/serve-static/node_modules/statuses Completed in 0ms
4490 timing idealTree:node_modules/simple-plist/node_modules/bplist-creator Completed in 0ms
4491 timing idealTree:node_modules/simple-plist/node_modules/bplist-parser Completed in 0ms
4492 silly placeDep node_modules/slice-ansi color-convert@1.9.3 OK for: ansi-styles@3.2.1 want: ^1.9.0
4493 timing idealTree:node_modules/slice-ansi/node_modules/ansi-styles Completed in 2ms
4494 silly placeDep node_modules/slice-ansi color-name@1.1.3 OK for: color-convert@1.9.3 want: 1.1.3
4495 timing idealTree:node_modules/slice-ansi/node_modules/color-convert Completed in 4ms
4496 timing idealTree:node_modules/slice-ansi/node_modules/color-name Completed in 1ms
4497 timing idealTree:node_modules/source-map-support/node_modules/source-map Completed in 0ms
4498 timing idealTree:node_modules/stack-utils/node_modules/escape-string-regexp Completed in 0ms
4499 timing idealTree:node_modules/stacktrace-parser/node_modules/type-fest Completed in 0ms
4500 timing idealTree:node_modules/string_decoder/node_modules/safe-buffer Completed in 0ms
4501 timing idealTree:node_modules/string-width-cjs/node_modules/is-fullwidth-code-point Completed in 0ms
4502 timing idealTree:node_modules/string-width/node_modules/is-fullwidth-code-point Completed in 0ms
4503 timing idealTree:node_modules/sucrase/node_modules/commander Completed in 0ms
4504 silly placeDep node_modules/sucrase minimatch@3.1.2 OK for: glob@7.1.6 want: ^3.0.4
4505 timing idealTree:node_modules/sucrase/node_modules/glob Completed in 2ms
4506 silly placeDep node_modules/sucrase brace-expansion@1.1.12 OK for: minimatch@3.1.2 want: ^1.1.7
4507 timing idealTree:node_modules/sucrase/node_modules/minimatch Completed in 2ms
4508 timing idealTree:node_modules/sucrase/node_modules/brace-expansion Completed in 0ms
4509 silly placeDep node_modules/tar/node_modules/fs-minipass minipass@3.3.6 OK for: fs-minipass@2.1.0 want: ^3.0.0
4510 timing idealTree:node_modules/tar/node_modules/fs-minipass Completed in 1ms
4511 timing idealTree:node_modules/tar/node_modules/minipass Completed in 0ms
4512 timing idealTree:node_modules/tar/node_modules/mkdirp Completed in 0ms
4513 timing idealTree:node_modules/tar/node_modules/yallist Completed in 0ms
4514 timing idealTree:node_modules/temp/node_modules/rimraf Completed in 0ms
4515 timing idealTree:node_modules/tempy/node_modules/is-stream Completed in 0ms
4516 timing idealTree:node_modules/tempy/node_modules/type-fest Completed in 0ms
4517 timing idealTree:node_modules/terser/node_modules/commander Completed in 0ms
4518 timing idealTree:node_modules/whatwg-url-without-unicode/node_modules/webidl-conversions Completed in 0ms
4519 timing idealTree:node_modules/which-builtin-type/node_modules/isarray Completed in 0ms
4520 timing idealTree:node_modules/xcode/node_modules/uuid Completed in 0ms
4521 timing idealTree:node_modules/xml2js/node_modules/xmlbuilder Completed in 0ms
4522 timing idealTree:node_modules/@expo/image-utils/node_modules/jsonfile/node_modules/universalify Completed in 0ms
4523 timing idealTree:node_modules/@react-native-community/cli-doctor/node_modules/ora/node_modules/strip-ansi Completed in 0ms
4524 timing idealTree:node_modules/@react-native-community/cli-doctor/node_modules/strip-ansi/node_modules/ansi-regex Completed in 0ms
4525 timing idealTree:node_modules/send/node_modules/debug/node_modules/ms Completed in 0ms
4526 timing idealTree:node_modules/serve-static/node_modules/debug/node_modules/ms Completed in 0ms
4527 timing idealTree:node_modules/tar/node_modules/fs-minipass/node_modules/minipass Completed in 0ms
4528 timing idealTree:buildDeps Completed in 137815ms
4529 timing idealTree:fixDepFlags Completed in 15ms
4530 timing idealTree Completed in 137864ms
4531 timing reify:loadTrees Completed in 137867ms
4532 timing reify:diffTrees Completed in 24ms
4533 silly reify moves {}
4534 timing reify:retireShallow Completed in 7ms
4535 timing reify:createSparse Completed in 607ms
4536 timing reify:loadBundles Completed in 0ms
4537 silly audit bulk request {
4537 silly audit   '@react-navigation/native': [ '6.1.18' ],
4537 silly audit   react: [ '18.2.0' ],
4537 silly audit   'react-native': [ '0.74.1' ],
4537 silly audit   '@react-navigation/native-stack': [ '6.11.0' ],
4537 silly audit   'react-native-screens': [ '3.37.0' ],
4537 silly audit   'react-native-safe-area-context': [ '4.14.1' ],
4537 silly audit   '@types/react': [ '18.3.27' ],
4537 silly audit   '@types/react-native': [ '0.73.0' ],
4537 silly audit   '@typescript-eslint/eslint-plugin': [ '6.21.0' ],
4537 silly audit   eslint: [ '8.57.1' ],
4537 silly audit   '@typescript-eslint/parser': [ '6.21.0' ],
4537 silly audit   'babel-preset-expo': [ '10.0.2', '11.0.15' ],
4537 silly audit   expo: [ '51.0.39' ],
4537 silly audit   'expo-image-picker': [ '15.1.0' ],
4537 silly audit   'expo-status-bar': [ '1.12.1' ],
4537 silly audit   typescript: [ '5.9.3' ],
4537 silly audit   '@react-navigation/core': [ '6.4.17' ],
4537 silly audit   'escape-string-regexp': [ '4.0.0', '2.0.0', '1.0.5' ],
4537 silly audit   'fast-deep-equal': [ '3.1.3' ],
4537 silly audit   nanoid: [ '3.3.11' ],
4537 silly audit   '@react-navigation/routers': [ '6.1.9' ],
4537 silly audit   'query-string': [ '7.1.3' ],
4537 silly audit   'react-is': [ '16.13.1', '17.0.2', '18.3.1' ],
4537 silly audit   'use-latest-callback': [ '0.2.6' ],
4537 silly audit   '@react-navigation/elements': [ '1.3.31' ],
4537 silly audit   'warn-once': [ '0.1.1' ],
4537 silly audit   '@types/prop-types': [ '15.7.15' ],
4537 silly audit   csstype: [ '3.2.3' ],
4537 silly audit   '@eslint-community/regexpp': [ '4.12.2' ],
4537 silly audit   '@typescript-eslint/scope-manager': [ '6.21.0' ],
4537 silly audit   '@typescript-eslint/type-utils': [ '6.21.0' ],
4537 silly audit   '@typescript-eslint/utils': [ '6.21.0' ],
4537 silly audit   '@typescript-eslint/visitor-keys': [ '6.21.0' ],
4537 silly audit   debug: [ '4.4.3', '3.2.7', '2.6.9' ],
4537 silly audit   graphemer: [ '1.4.0' ],
4537 silly audit   ignore: [ '5.3.2' ],
4537 silly audit   'natural-compare': [ '1.4.0' ],
4537 silly audit   semver: [ '7.7.3', '6.3.1', '5.7.2' ],
4537 silly audit   'ts-api-utils': [ '1.4.3' ],
4537 silly audit   '@typescript-eslint/types': [ '6.21.0' ],
4537 silly audit   '@typescript-eslint/typescript-estree': [ '6.21.0' ],
4537 silly audit   globby: [ '11.1.0' ],
4537 silly audit   'is-glob': [ '4.0.3', '2.0.1' ],
4537 silly audit   minimatch: [ '9.0.3', '3.1.2', '9.0.5' ],
4537 silly audit   '@eslint-community/eslint-utils': [ '4.9.1' ],
4537 silly audit   '@types/json-schema': [ '7.0.15' ],
4537 silly audit   '@types/semver': [ '7.7.1' ],
4537 silly audit   'eslint-visitor-keys': [ '3.4.3' ],
4537 silly audit   '@babel/plugin-proposal-decorators': [ '7.28.6' ],
4537 silly audit   '@babel/core': [ '7.28.6' ],
4537 silly audit   '@babel/plugin-transform-export-namespace-from': [ '7.27.1' ],
4537 silly audit   '@babel/plugin-transform-object-rest-spread': [ '7.28.6' ],
4537 silly audit   '@babel/plugin-transform-parameters': [ '7.27.7' ],
4537 silly audit   '@babel/preset-env': [ '7.28.6' ],
4537 silly audit   '@babel/preset-react': [ '7.28.5' ],
4537 silly audit   '@react-native/babel-preset': [ '0.73.21', '0.74.83', '0.74.87' ],
4537 silly audit   'babel-plugin-react-native-web': [ '0.18.12', '0.19.13' ],
4537 silly audit   'react-refresh': [ '0.14.0', '0.14.2' ],
4537 silly audit   '@babel/code-frame': [ '7.28.6', '7.10.4' ],
4537 silly audit   '@babel/generator': [ '7.28.6', '7.2.0' ],
4537 silly audit   '@babel/helper-compilation-targets': [ '7.28.6' ],
4537 silly audit   '@babel/helper-module-transforms': [ '7.28.6' ],
4537 silly audit   '@babel/helpers': [ '7.28.6' ],
4537 silly audit   '@babel/parser': [ '7.28.6' ],
4537 silly audit   '@babel/template': [ '7.28.6' ],
4537 silly audit   '@babel/traverse': [ '7.28.6' ],
4537 silly audit   '@babel/types': [ '7.28.6' ],
4537 silly audit   '@jridgewell/remapping': [ '2.3.5' ],
4537 silly audit   'convert-source-map': [ '2.0.0' ],
4537 silly audit   gensync: [ '1.0.0-beta.2' ],
4537 silly audit   json5: [ '2.2.3' ],
4537 silly audit   '@babel/helper-validator-identifier': [ '7.28.5' ],
4537 silly audit   'js-tokens': [ '4.0.0' ],
4537 silly audit   picocolors: [ '1.1.1' ],
4537 silly audit   '@jridgewell/gen-mapping': [ '0.3.13' ],
4537 silly audit   '@jridgewell/trace-mapping': [ '0.3.31' ],
4537 silly audit   jsesc: [ '3.1.0', '2.5.2' ],
4537 silly audit   '@babel/compat-data': [ '7.28.6' ],
4537 silly audit   '@babel/helper-validator-option': [ '7.27.1' ],
4537 silly audit   browserslist: [ '4.28.1' ],
4537 silly audit   'lru-cache': [ '5.1.1', '10.4.3', '6.0.0' ],
4537 silly audit   '@babel/helper-module-imports': [ '7.28.6' ],
4537 silly audit   '@babel/helper-create-class-features-plugin': [ '7.28.6' ],
4537 silly audit   '@babel/helper-plugin-utils': [ '7.28.6' ],
4537 silly audit   '@babel/plugin-syntax-decorators': [ '7.28.6' ],
4537 silly audit   '@babel/helper-annotate-as-pure': [ '7.27.3' ],
4537 silly audit   '@babel/helper-member-expression-to-functions': [ '7.28.5' ],
4537 silly audit   '@babel/helper-optimise-call-expression': [ '7.27.1' ],
4537 silly audit   '@babel/helper-replace-supers': [ '7.28.6' ],
4537 silly audit   '@babel/helper-skip-transparent-expression-wrappers': [ '7.27.1' ],
4537 silly audit   '@babel/plugin-transform-destructuring': [ '7.28.5' ],
4537 silly audit   '@babel/plugin-bugfix-firefox-class-in-computed-class-key': [ '7.28.5' ],
4537 silly audit   '@babel/plugin-bugfix-safari-class-field-initializer-scope': [ '7.27.1' ],
4537 silly audit   '@babel/plugin-bugfix-safari-id-destructuring-collision-in-function-expression': [ '7.27.1' ],
4537 silly audit   '@babel/plugin-bugfix-v8-spread-parameters-in-optional-chaining': [ '7.27.1' ],
4537 silly audit   '@babel/plugin-bugfix-v8-static-class-fields-redefine-readonly': [ '7.28.6' ],
4537 silly audit   '@babel/plugin-proposal-private-property-in-object': [ '7.21.0-placeholder-for-preset-env.2' ],
4537 silly audit   '@babel/plugin-syntax-import-assertions': [ '7.28.6' ],
4537 silly audit   '@babel/plugin-syntax-import-attributes': [ '7.28.6' ],
4537 silly audit   '@babel/plugin-syntax-unicode-sets-regex': [ '7.18.6' ],
4537 silly audit   '@babel/plugin-transform-arrow-functions': [ '7.27.1' ],
4537 silly audit   '@babel/plugin-transform-async-generator-functions': [ '7.28.6' ],
4537 silly audit   '@babel/plugin-transform-async-to-generator': [ '7.28.6' ],
4537 silly audit   '@babel/plugin-transform-block-scoped-functions': [ '7.27.1' ],
4537 silly audit   '@babel/plugin-transform-block-scoping': [ '7.28.6' ],
4537 silly audit   '@babel/plugin-transform-class-properties': [ '7.28.6' ],
4537 silly audit   '@babel/plugin-transform-class-static-block': [ '7.28.6' ],
4537 silly audit   '@babel/plugin-transform-classes': [ '7.28.6' ],
4537 silly audit   '@babel/plugin-transform-computed-properties': [ '7.28.6' ],
4537 silly audit   '@babel/plugin-transform-dotall-regex': [ '7.28.6' ],
4537 silly audit   '@babel/plugin-transform-duplicate-keys': [ '7.27.1' ],
4537 silly audit   '@babel/plugin-transform-duplicate-named-capturing-groups-regex': [ '7.28.6' ],
4537 silly audit   '@babel/plugin-transform-dynamic-import': [ '7.27.1' ],
4537 silly audit   '@babel/plugin-transform-explicit-resource-management': [ '7.28.6' ],
4537 silly audit   '@babel/plugin-transform-exponentiation-operator': [ '7.28.6' ],
4537 silly audit   '@babel/plugin-transform-for-of': [ '7.27.1' ],
4537 silly audit   '@babel/plugin-transform-function-name': [ '7.27.1' ],
4537 silly audit   '@babel/plugin-transform-json-strings': [ '7.28.6' ],
4537 silly audit   '@babel/plugin-transform-literals': [ '7.27.1' ],
4537 silly audit   '@babel/plugin-transform-logical-assignment-operators': [ '7.28.6' ],
4537 silly audit   '@babel/plugin-transform-member-expression-literals': [ '7.27.1' ],
4537 silly audit   '@babel/plugin-transform-modules-amd': [ '7.27.1' ],
4537 silly audit   '@babel/plugin-transform-modules-commonjs': [ '7.28.6' ],
4537 silly audit   '@babel/plugin-transform-modules-systemjs': [ '7.28.5' ],
4537 silly audit   '@babel/plugin-transform-modules-umd': [ '7.27.1' ],
4537 silly audit   '@babel/plugin-transform-named-capturing-groups-regex': [ '7.27.1' ],
4537 silly audit   '@babel/plugin-transform-new-target': [ '7.27.1' ],
4537 silly audit   '@babel/plugin-transform-nullish-coalescing-operator': [ '7.28.6' ],
4537 silly audit   '@babel/plugin-transform-numeric-separator': [ '7.28.6' ],
4537 silly audit   '@babel/plugin-transform-object-super': [ '7.27.1' ],
4537 silly audit   '@babel/plugin-transform-optional-catch-binding': [ '7.28.6' ],
4537 silly audit   '@babel/plugin-transform-optional-chaining': [ '7.28.6' ],
4537 silly audit   '@babel/plugin-transform-private-methods': [ '7.28.6' ],
4537 silly audit   '@babel/plugin-transform-private-property-in-object': [ '7.28.6' ],
4537 silly audit   '@babel/plugin-transform-property-literals': [ '7.27.1' ],
4537 silly audit   '@babel/plugin-transform-regenerator': [ '7.28.6' ],
4537 silly audit   '@babel/plugin-transform-regexp-modifiers': [ '7.28.6' ],
4537 silly audit   '@babel/plugin-transform-reserved-words': [ '7.27.1' ],
4537 silly audit   '@babel/plugin-transform-shorthand-properties': [ '7.27.1' ],
4537 silly audit   '@babel/plugin-transform-spread': [ '7.28.6' ],
4537 silly audit   '@babel/plugin-transform-sticky-regex': [ '7.27.1' ],
4537 silly audit   '@babel/plugin-transform-template-literals': [ '7.27.1' ],
4537 silly audit   '@babel/plugin-transform-typeof-symbol': [ '7.27.1' ],
4537 silly audit   '@babel/plugin-transform-unicode-escapes': [ '7.27.1' ],
4537 silly audit   '@babel/plugin-transform-unicode-property-regex': [ '7.28.6' ],
4537 silly audit   '@babel/plugin-transform-unicode-regex': [ '7.27.1' ],
4537 silly audit   '@babel/plugin-transform-unicode-sets-regex': [ '7.28.6' ],
4537 silly audit   '@babel/preset-modules': [ '0.1.6-no-external-plugins' ],
4537 silly audit   'babel-plugin-polyfill-corejs2': [ '0.4.14' ],
4537 silly audit   'babel-plugin-polyfill-corejs3': [ '0.13.0' ],
4537 silly audit   'babel-plugin-polyfill-regenerator': [ '0.6.5' ],
4537 silly audit   'core-js-compat': [ '3.47.0' ],
4537 silly audit   '@babel/helper-create-regexp-features-plugin': [ '7.28.5' ],
4537 silly audit   'regexpu-core': [ '6.4.0' ],
4537 silly audit   '@babel/helper-remap-async-to-generator': [ '7.27.1' ],
4537 silly audit   '@babel/helper-wrap-function': [ '7.28.6' ],
4537 silly audit   '@babel/helper-globals': [ '7.28.0' ],
4537 silly audit   esutils: [ '2.0.3' ],
4537 silly audit   '@babel/plugin-transform-react-display-name': [ '7.28.0' ],
4537 silly audit   '@babel/plugin-transform-react-jsx': [ '7.28.6' ],
4537 silly audit   '@babel/plugin-transform-react-jsx-development': [ '7.27.1' ],
4537 silly audit   '@babel/plugin-transform-react-pure-annotations': [ '7.27.1' ],
4537 silly audit   '@babel/plugin-syntax-jsx': [ '7.28.6' ],
4537 silly audit   '@babel/helper-string-parser': [ '7.27.1' ],
4537 silly audit   '@jridgewell/sourcemap-codec': [ '1.5.5' ],
4537 silly audit   '@jridgewell/resolve-uri': [ '3.1.2' ],
4537 silly audit   '@babel/plugin-proposal-async-generator-functions': [ '7.20.7' ],
4537 silly audit   '@babel/plugin-proposal-class-properties': [ '7.18.6' ],
4537 silly audit   '@babel/plugin-proposal-export-default-from': [ '7.27.1' ],
4537 silly audit   '@babel/plugin-proposal-nullish-coalescing-operator': [ '7.18.6' ],
4537 silly audit   '@babel/plugin-proposal-numeric-separator': [ '7.18.6' ],
4537 silly audit   '@babel/plugin-proposal-object-rest-spread': [ '7.20.7' ],
4537 silly audit   '@babel/plugin-proposal-optional-catch-binding': [ '7.18.6' ],
4537 silly audit   '@babel/plugin-proposal-optional-chaining': [ '7.21.0' ],
4537 silly audit   '@babel/plugin-syntax-dynamic-import': [ '7.8.3' ],
4537 silly audit   '@babel/plugin-syntax-export-default-from': [ '7.28.6' ],
4537 silly audit   '@babel/plugin-syntax-flow': [ '7.28.6' ],
4537 silly audit   '@babel/plugin-syntax-nullish-coalescing-operator': [ '7.8.3' ],
4537 silly audit   '@babel/plugin-syntax-optional-chaining': [ '7.8.3' ],
4537 silly audit   '@babel/plugin-transform-flow-strip-types': [ '7.27.1' ],
4537 silly audit   '@babel/plugin-transform-react-jsx-self': [ '7.27.1' ],
4537 silly audit   '@babel/plugin-transform-react-jsx-source': [ '7.27.1' ],
4537 silly audit   '@babel/plugin-transform-runtime': [ '7.28.5' ],
4537 silly audit   '@babel/plugin-transform-typescript': [ '7.28.6' ],
4537 silly audit   '@react-native/babel-plugin-codegen': [ '0.73.4', '0.74.83', '0.74.87' ],
4537 silly audit   'babel-plugin-transform-flow-enums': [ '0.0.2' ],
4537 silly audit   '@babel/helper-environment-visitor': [ '7.24.7' ],
4537 silly audit   '@babel/plugin-syntax-async-generators': [ '7.8.4' ],
4537 silly audit   '@babel/plugin-syntax-numeric-separator': [ '7.10.4' ],
4537 silly audit   '@babel/plugin-syntax-object-rest-spread': [ '7.8.3' ],
4537 silly audit   '@babel/plugin-syntax-optional-catch-binding': [ '7.8.3' ],
4537 silly audit   '@babel/plugin-syntax-typescript': [ '7.28.6' ],
4537 silly audit   '@react-native/codegen': [ '0.73.3', '0.74.83', '0.74.87' ],
4537 silly audit   'flow-parser': [ '0.206.0' ],
4537 silly audit   glob: [ '7.2.3', '7.1.6', '10.5.0' ],
4537 silly audit   invariant: [ '2.2.4' ],
4537 silly audit   jscodeshift: [ '0.14.0' ],
4537 silly audit   mkdirp: [ '0.5.6', '1.0.4' ],
4537 silly audit   nullthrows: [ '1.1.1' ],
4537 silly audit   '@babel/helper-define-polyfill-provider': [ '0.6.5' ],
4537 silly audit   'lodash.debounce': [ '4.0.8' ],
4537 silly audit   resolve: [ '1.22.11', '1.7.1' ],
4537 silly audit   'baseline-browser-mapping': [ '2.9.16' ],
4537 silly audit   'caniuse-lite': [ '1.0.30001765' ],
4537 silly audit   'electron-to-chromium': [ '1.5.267' ],
4537 silly audit   'node-releases': [ '2.0.27' ],
4537 silly audit   'update-browserslist-db': [ '1.2.3' ],
4537 silly audit   ms: [ '2.1.3', '2.0.0' ],
4537 silly audit   '@eslint/eslintrc': [ '2.1.4' ],
4537 silly audit   '@eslint/js': [ '8.57.1' ],
4537 silly audit   '@humanwhocodes/config-array': [ '0.13.0' ],
4537 silly audit   '@humanwhocodes/module-importer': [ '1.0.1' ],
4537 silly audit   '@nodelib/fs.walk': [ '1.2.8' ],
4537 silly audit   '@ungap/structured-clone': [ '1.3.0' ],
4537 silly audit   ajv: [ '6.12.6' ],
4537 silly audit   chalk: [ '4.1.2', '2.4.2' ],
4537 silly audit   'cross-spawn': [ '7.0.6', '6.0.6' ],
4537 silly audit   doctrine: [ '3.0.0' ],
4537 silly audit   'eslint-scope': [ '7.2.2' ],
4537 silly audit   espree: [ '9.6.1' ],
4537 silly audit   esquery: [ '1.7.0' ],
4537 silly audit   'file-entry-cache': [ '6.0.1' ],
4537 silly audit   'find-up': [ '5.0.0', '3.0.0', '4.1.0' ],
4537 silly audit   'glob-parent': [ '6.0.2', '5.1.2' ],
4537 silly audit   globals: [ '13.24.0' ],
4537 silly audit   imurmurhash: [ '0.1.4' ],
4537 silly audit   'is-path-inside': [ '3.0.3' ],
4537 silly audit   'js-yaml': [ '4.1.1', '3.14.2' ],
4537 silly audit   'json-stable-stringify-without-jsonify': [ '1.0.1' ],
4537 silly audit   levn: [ '0.4.1' ],
4537 silly audit   'lodash.merge': [ '4.6.2' ],
4537 silly audit   optionator: [ '0.9.4' ],
4537 silly audit   'strip-ansi': [ '6.0.1', '5.2.0', '7.1.2' ],
4537 silly audit   'text-table': [ '0.2.0' ],
4537 silly audit   'import-fresh': [ '3.3.1', '2.0.0' ],
4537 silly audit   'strip-json-comments': [ '3.1.1', '2.0.1' ],
4537 silly audit   '@humanwhocodes/object-schema': [ '2.0.3' ],
4537 silly audit   '@nodelib/fs.scandir': [ '2.1.5' ],
4537 silly audit   fastq: [ '1.20.1' ],
4537 silly audit   '@nodelib/fs.stat': [ '2.0.5' ],
4537 silly audit   'run-parallel': [ '1.2.0' ],
4537 silly audit   'fast-json-stable-stringify': [ '2.1.0' ],
4537 silly audit   'json-schema-traverse': [ '0.4.1' ],
4537 silly audit   'uri-js': [ '4.4.1' ],
4537 silly audit   'ansi-styles': [ '4.3.0', '3.2.1', '6.2.3', '5.2.0' ],
4537 silly audit   'supports-color': [ '7.2.0', '8.1.1', '5.5.0' ],
4537 silly audit   'color-convert': [ '2.0.1', '1.9.3' ],
4537 silly audit   'color-name': [ '1.1.4', '1.1.3' ],
4537 silly audit   'path-key': [ '3.1.1', '2.0.1' ],
4537 silly audit   'shebang-command': [ '2.0.0', '1.2.0' ],
4537 silly audit   which: [ '2.0.2', '1.3.1' ],
4537 silly audit   esrecurse: [ '4.3.0' ],
4537 silly audit   estraverse: [ '5.3.0' ],
4537 silly audit   acorn: [ '8.15.0' ],
4537 silly audit   'acorn-jsx': [ '5.3.2' ],
4537 silly audit   '@babel/runtime': [ '7.28.6' ],
4537 silly audit   '@expo/cli': [ '0.18.31' ],
4537 silly audit   '@expo/config': [ '9.0.4' ],
4537 silly audit   '@expo/config-plugins': [ '8.0.11' ],
4537 silly audit   '@expo/metro-config': [ '0.18.11' ],
4537 silly audit   '@expo/vector-icons': [ '14.1.0' ],
4537 silly audit   'expo-font': [ '12.0.10' ],
4537 silly audit   'expo-asset': [ '10.0.10' ],
4537 silly audit   'expo-file-system': [ '17.0.1' ],
4537 silly audit   'expo-keep-awake': [ '13.0.2' ],
4537 silly audit   'expo-modules-autolinking': [ '1.11.3' ],
4537 silly audit   'expo-modules-core': [ '1.12.26' ],
4537 silly audit   fbemitter: [ '3.0.0' ],
4537 silly audit   'whatwg-url-without-unicode': [ '8.0.0-3' ],
4537 silly audit   '@expo/code-signing-certificates': [ '0.0.5' ],
4537 silly audit   '@expo/devcert': [ '1.2.1' ],
4537 silly audit   '@expo/env': [ '0.3.0' ],
4537 silly audit   '@expo/image-utils': [ '0.5.1' ],
4537 silly audit   '@expo/json-file': [ '8.3.3', '10.0.8' ],
4537 silly audit   '@expo/osascript': [ '2.3.8' ],
4537 silly audit   '@expo/package-manager': [ '1.9.10' ],
4537 silly audit   '@expo/plist': [ '0.1.3' ],
4537 silly audit   '@expo/prebuild-config': [ '7.0.9' ],
4537 silly audit   '@expo/rudder-sdk-node': [ '1.1.1' ],
4537 silly audit   '@expo/spawn-async': [ '1.7.2' ],
4537 silly audit   '@expo/xcpretty': [ '4.3.2' ],
4537 silly audit   '@react-native/dev-middleware': [ '0.74.85', '0.74.83' ],
4537 silly audit   '@urql/core': [ '2.3.6' ],
4537 silly audit   graphql: [ '15.8.0' ],
4537 silly audit   '@urql/exchange-retry': [ '0.3.0' ],
4537 silly audit   accepts: [ '1.3.8' ],
4537 silly audit   arg: [ '5.0.2' ],
4537 silly audit   'better-opn': [ '3.0.2' ],
4537 silly audit   'bplist-creator': [ '0.0.7', '0.1.0' ],
4537 silly audit   'bplist-parser': [ '0.3.2', '0.3.1' ],
4537 silly audit   cacache: [ '18.0.4' ],
4537 silly audit   'ci-info': [ '3.9.0', '2.0.0' ],
4537 silly audit   connect: [ '3.7.0' ],
4537 silly audit   'env-editor': [ '0.4.2' ],
4537 silly audit   'fast-glob': [ '3.3.3' ],
4537 silly audit   'find-yarn-workspace-root': [ '2.0.0' ],
4537 silly audit   'form-data': [ '3.0.4' ],
4537 silly audit   'freeport-async': [ '2.0.0' ],
4537 silly audit   'fs-extra': [ '8.1.0', '9.0.0', '9.1.0' ],
4537 silly audit   getenv: [ '1.0.0' ],
4537 silly audit   'graphql-tag': [ '2.12.6' ],
4537 silly audit   'https-proxy-agent': [ '5.0.1' ],
4537 silly audit   'internal-ip': [ '4.3.0' ],
4537 silly audit   'is-docker': [ '2.2.1' ],
4537 silly audit   'is-wsl': [ '2.2.0', '1.1.0' ],
4537 silly audit   'json-schema-deref-sync': [ '0.13.0' ],
4537 silly audit   md5hex: [ '1.0.0' ],
4537 silly audit   'node-fetch': [ '2.7.0' ],
4537 silly audit   'node-forge': [ '1.3.3' ],
4537 silly audit   'npm-package-arg': [ '7.0.0', '11.0.3' ],
4537 silly audit   open: [ '8.4.2', '7.4.2', '6.4.0' ],
4537 silly audit   ora: [ '3.4.0', '5.4.1' ],
4537 silly audit   picomatch: [ '3.0.1', '2.3.1' ],
4537 silly audit   'pretty-bytes': [ '5.6.0' ],
4537 silly audit   progress: [ '2.0.3' ],
4537 silly audit   prompts: [ '2.4.2' ],
4537 silly audit   'qrcode-terminal': [ '0.11.0' ],
4537 silly audit   'require-from-string': [ '2.0.2' ],
4537 silly audit   requireg: [ '0.2.2' ],
4537 silly audit   'resolve-from': [ '5.0.0', '4.0.0', '3.0.0' ],
4537 silly audit   'resolve.exports': [ '2.0.3' ],
4537 silly audit   send: [ '0.18.0', '0.19.2' ],
4537 silly audit   slugify: [ '1.6.6' ],
4537 silly audit   'source-map-support': [ '0.5.21' ],
4537 silly audit   'stacktrace-parser': [ '0.1.11' ],
4537 silly audit   'structured-headers': [ '0.4.1' ],
4537 silly audit   tar: [ '6.2.1' ],
4537 silly audit   'temp-dir': [ '2.0.0', '1.0.0' ],
4537 silly audit   tempy: [ '0.7.1', '0.3.0' ],
4537 silly audit   'terminal-link': [ '2.1.1' ],
4537 silly audit   'url-join': [ '4.0.0' ],
4537 silly audit   'wrap-ansi': [ '7.0.0', '8.1.0', '6.2.0' ],
4537 silly audit   ws: [ '8.19.0', '6.2.3', '7.5.10' ],
4537 silly audit   '@expo/config-types': [ '51.0.3' ],
4537 silly audit   sucrase: [ '3.34.0' ],
4537 silly audit   '@expo/sdk-runtime-versions': [ '1.0.0' ],
4537 silly audit   slash: [ '3.0.0' ],
4537 silly audit   xcode: [ '3.0.1' ],
4537 silly audit   xml2js: [ '0.6.0' ],
4537 silly audit   '@expo/sudo-prompt': [ '9.3.2' ],
4537 silly audit   dotenv: [ '16.4.7' ],
4537 silly audit   'dotenv-expand': [ '11.0.7' ],
4537 silly audit   'jimp-compact': [ '0.16.1' ],
4537 silly audit   'parse-png': [ '2.1.0' ],
4537 silly audit   'write-file-atomic': [ '2.4.3' ],
4537 silly audit   'jsc-safe-url': [ '0.2.4' ],
4537 silly audit   lightningcss: [ '1.19.0' ],
4537 silly audit   postcss: [ '8.4.49' ],
4537 silly audit   'exec-async': [ '2.2.0' ],
4537 silly audit   'resolve-workspace-root': [ '2.0.1' ],
4537 silly audit   '@xmldom/xmldom': [ '0.7.13', '0.8.11' ],
4537 silly audit   'base64-js': [ '1.5.1' ],
4537 silly audit   xmlbuilder: [ '14.0.0', '15.1.1', '11.0.1' ],
4537 silly audit   '@react-native/normalize-colors': [ '0.74.85', '0.74.83' ],
4537 silly audit   '@expo/bunyan': [ '4.0.1' ],
4537 silly audit   '@segment/loosely-validate-event': [ '2.0.0' ],
4537 silly audit   'fetch-retry': [ '4.1.1' ],
4537 silly audit   md5: [ '2.3.0', '2.2.1' ],
4537 silly audit   'remove-trailing-slash': [ '0.1.1' ],
4537 silly audit   uuid: [ '8.3.2', '7.0.3' ],
4537 silly audit   '@isaacs/ttlcache': [ '1.4.1' ],
4537 silly audit   '@react-native/debugger-frontend': [ '0.74.85', '0.74.83' ],
4537 silly audit   '@rnx-kit/chromium-edge-launcher': [ '1.0.0' ],
4537 silly audit   'chrome-launcher': [ '0.15.2' ],
4537 silly audit   selfsigned: [ '2.4.1' ],
4537 silly audit   'serve-static': [ '1.16.3' ],
4537 silly audit   '@types/node': [ '18.19.130' ],
4537 silly audit   'lighthouse-logger': [ '1.4.2' ],
4537 silly audit   rimraf: [ '3.0.2', '2.6.3' ],
4537 silly audit   'component-type': [ '1.2.2' ],
4537 silly audit   'join-component': [ '1.1.0' ],
4537 silly audit   'undici-types': [ '5.26.5' ],
4537 silly audit   '@graphql-typed-document-node/core': [ '3.2.0' ],
4537 silly audit   wonka: [ '4.0.15' ],
4537 silly audit   'mime-types': [ '2.1.35' ],
4537 silly audit   negotiator: [ '0.6.3', '0.6.4' ],
4537 silly audit   'stream-buffers': [ '2.2.0' ],
4537 silly audit   'big-integer': [ '1.6.52' ],
4537 silly audit   '@npmcli/fs': [ '3.1.1' ],
4537 silly audit   'fs-minipass': [ '3.0.3', '2.1.0' ],
4537 silly audit   minipass: [ '7.1.2', '3.3.6', '5.0.0' ],
4537 silly audit   'minipass-collect': [ '2.0.1' ],
4537 silly audit   'minipass-flush': [ '1.0.5' ],
4537 silly audit   'minipass-pipeline': [ '1.2.4' ],
4537 silly audit   'p-map': [ '4.0.0' ],
4537 silly audit   ssri: [ '10.0.6' ],
4537 silly audit   'unique-filename': [ '3.0.0' ],
4537 silly audit   finalhandler: [ '1.1.2' ],
4537 silly audit   parseurl: [ '1.3.3' ],
4537 silly audit   'utils-merge': [ '1.0.1' ],
4537 silly audit   'expo-constants': [ '16.0.2' ],
4537 silly audit   'md5-file': [ '3.2.3' ],
4537 silly audit   fontfaceobserver: [ '2.3.0' ],
4537 silly audit   'expo-image-loader': [ '4.7.0' ],
4537 silly audit   commander: [ '7.2.0', '9.5.0', '4.1.1', '2.20.3' ],
4537 silly audit   merge2: [ '1.4.1' ],
4537 silly audit   micromatch: [ '4.0.8' ],
4537 silly audit   reusify: [ '1.1.0' ],
4537 silly audit   fbjs: [ '3.0.5' ],
4537 silly audit   'cross-fetch': [ '3.2.0' ],
4537 silly audit   'fbjs-css-vars': [ '1.0.2' ],
4537 silly audit   'loose-envify': [ '1.4.0' ],
4537 silly audit   'object-assign': [ '4.1.1' ],
4537 silly audit   promise: [ '7.3.1', '8.3.0' ],
4537 silly audit   setimmediate: [ '1.0.5' ],
4537 silly audit   'ua-parser-js': [ '1.0.41' ],
4537 silly audit   'flat-cache': [ '3.2.0' ],
4537 silly audit   encodeurl: [ '1.0.2', '2.0.0' ],
4537 silly audit   'escape-html': [ '1.0.3' ],
4537 silly audit   'on-finished': [ '2.3.0', '2.4.1' ],
4537 silly audit   statuses: [ '1.5.0', '2.0.1', '2.0.2' ],
4537 silly audit   unpipe: [ '1.0.0' ],
4537 silly audit   'locate-path': [ '6.0.0', '5.0.0', '3.0.0' ],
4537 silly audit   'path-exists': [ '4.0.0', '3.0.0' ],
4537 silly audit   flatted: [ '3.3.3' ],
4537 silly audit   keyv: [ '4.5.4' ],
4537 silly audit   asynckit: [ '0.4.0' ],
4537 silly audit   'combined-stream': [ '1.0.8' ],
4537 silly audit   'es-set-tostringtag': [ '2.1.0' ],
4537 silly audit   hasown: [ '2.0.2' ],
4537 silly audit   'delayed-stream': [ '1.0.0' ],
4537 silly audit   'es-errors': [ '1.3.0' ],
4537 silly audit   'get-intrinsic': [ '1.3.0' ],
4537 silly audit   'has-tostringtag': [ '1.0.2' ],
4537 silly audit   'graceful-fs': [ '4.2.11' ],
4537 silly audit   jsonfile: [ '4.0.0', '6.2.0' ],
4537 silly audit   universalify: [ '0.1.2', '1.0.0', '2.0.1' ],
4537 silly audit   'call-bind-apply-helpers': [ '1.0.2' ],
4537 silly audit   'es-define-property': [ '1.0.1' ],
4537 silly audit   'es-object-atoms': [ '1.1.1' ],
4537 silly audit   'function-bind': [ '1.1.2' ],
4537 silly audit   'get-proto': [ '1.0.1' ],
4537 silly audit   gopd: [ '1.2.0' ],
4537 silly audit   'has-symbols': [ '1.1.0' ],
4537 silly audit   'math-intrinsics': [ '1.1.0' ],
4537 silly audit   'dunder-proto': [ '1.0.1' ],
4537 silly audit   'fs.realpath': [ '1.0.0' ],
4537 silly audit   inflight: [ '1.0.6' ],
4537 silly audit   inherits: [ '2.0.4' ],
4537 silly audit   once: [ '1.4.0' ],
4537 silly audit   'path-is-absolute': [ '1.0.1' ],
4537 silly audit   'type-fest': [ '0.20.2', '0.7.1', '0.16.0', '0.21.3', '0.3.1' ],
4537 silly audit   'array-union': [ '2.1.0' ],
4537 silly audit   'dir-glob': [ '3.0.1' ],
4537 silly audit   'path-type': [ '4.0.0' ],
4537 silly audit   tslib: [ '2.8.1' ],
4537 silly audit   'agent-base': [ '6.0.2' ],
4537 silly audit   'parent-module': [ '1.0.1' ],
4537 silly audit   wrappy: [ '1.0.2' ],
4537 silly audit   'default-gateway': [ '4.2.0' ],
4537 silly audit   'ipaddr.js': [ '1.9.1' ],
4537 silly audit   execa: [ '1.0.0', '5.1.1' ],
4537 silly audit   'ip-regex': [ '2.1.0' ],
4537 silly audit   'get-stream': [ '4.1.0', '6.0.1' ],
4537 silly audit   'is-stream': [ '1.1.0', '2.0.1' ],
4537 silly audit   'npm-run-path': [ '2.0.2', '4.0.1' ],
4537 silly audit   'p-finally': [ '1.0.0' ],
4537 silly audit   'signal-exit': [ '3.0.7', '4.1.0' ],
4537 silly audit   'strip-eof': [ '1.0.0' ],
4537 silly audit   pump: [ '3.0.3' ],
4537 silly audit   'is-extglob': [ '2.1.1', '1.0.0' ],
4537 silly audit   argparse: [ '2.0.1', '1.0.10' ],
4537 silly audit   '@babel/preset-flow': [ '7.27.1' ],
4537 silly audit   '@babel/preset-typescript': [ '7.28.5' ],
4537 silly audit   '@babel/register': [ '7.28.6' ],
4537 silly audit   'babel-core': [ '7.0.0-bridge.0' ],
4537 silly audit   'neo-async': [ '2.6.2' ],
4537 silly audit   'node-dir': [ '0.1.17' ],
4537 silly audit   recast: [ '0.21.5' ],
4537 silly audit   temp: [ '0.8.4' ],
4537 silly audit   'clone-deep': [ '4.0.1' ],
4537 silly audit   'find-cache-dir': [ '2.1.0' ],
4537 silly audit   'make-dir': [ '2.1.0' ],
4537 silly audit   pirates: [ '4.0.7' ],
4537 silly audit   'is-plain-object': [ '2.0.4' ],
4537 silly audit   'kind-of': [ '6.0.3' ],
4537 silly audit   'shallow-clone': [ '3.0.1' ],
4537 silly audit   commondir: [ '1.0.1' ],
4537 silly audit   'pkg-dir': [ '3.0.0' ],
4537 silly audit   isobject: [ '3.0.1' ],
4537 silly audit   clone: [ '2.1.2', '1.0.4' ],
4537 silly audit   'dag-map': [ '1.0.2' ],
4537 silly audit   'is-valid-path': [ '0.1.1' ],
4537 silly audit   lodash: [ '4.17.21' ],
4537 silly audit   'memory-cache': [ '0.2.0' ],
4537 silly audit   traverse: [ '0.6.11' ],
4537 silly audit   'valid-url': [ '1.0.9' ],
4537 silly audit   'is-invalid-path': [ '0.1.0' ],
4537 silly audit   'json-buffer': [ '3.0.1' ],
4537 silly audit   'prelude-ls': [ '1.2.1' ],
4537 silly audit   'type-check': [ '0.4.0' ],
4537 silly audit   marky: [ '1.3.0' ],
4537 silly audit   'detect-libc': [ '1.0.3' ],
4537 silly audit   'lightningcss-darwin-arm64': [ '1.19.0' ],
4537 silly audit   'lightningcss-darwin-x64': [ '1.19.0' ],
4537 silly audit   'lightningcss-linux-arm-gnueabihf': [ '1.19.0' ],
4537 silly audit   'lightningcss-linux-arm64-gnu': [ '1.19.0' ],
4537 silly audit   'lightningcss-linux-arm64-musl': [ '1.19.0' ],
4537 silly audit   'lightningcss-linux-x64-gnu': [ '1.19.0' ],
4537 silly audit   'lightningcss-linux-x64-musl': [ '1.19.0' ],
4537 silly audit   'lightningcss-win32-x64-msvc': [ '1.19.0' ],
4537 silly audit   'p-locate': [ '5.0.0', '4.1.0', '3.0.0' ],
4537 silly audit   yallist: [ '3.1.1', '4.0.0' ],
4537 silly audit   pify: [ '4.0.1' ],
4537 silly audit   charenc: [ '0.0.2' ],
4537 silly audit   crypt: [ '0.0.2' ],
4537 silly audit   'is-buffer': [ '1.1.6' ],
4537 silly audit   'buffer-alloc': [ '1.2.0' ],
4537 silly audit   'buffer-alloc-unsafe': [ '1.1.0' ],
4537 silly audit   'buffer-fill': [ '1.0.0' ],
4537 silly audit   braces: [ '3.0.3' ],
4537 silly audit   'fill-range': [ '7.1.1' ],
4537 silly audit   'to-regex-range': [ '5.0.1' ],
4537 silly audit   'mime-db': [ '1.52.0' ],
4537 silly audit   'brace-expansion': [ '2.0.2', '1.1.12' ],
4537 silly audit   'balanced-match': [ '1.0.2' ],
4537 silly audit   minimist: [ '1.2.8' ],
4537 silly audit   'whatwg-url': [ '5.0.0' ],
4537 silly audit   'hosted-git-info': [ '3.0.8', '7.0.2' ],
4537 silly audit   osenv: [ '0.1.5' ],
4537 silly audit   'validate-npm-package-name': [ '3.0.0', '5.0.1' ],
4537 silly audit   'ee-first': [ '1.1.1' ],
4537 silly audit   'define-lazy-prop': [ '2.0.0' ],
4537 silly audit   'deep-is': [ '0.1.4' ],
4537 silly audit   'fast-levenshtein': [ '2.0.6' ],
4537 silly audit   'word-wrap': [ '1.2.5' ],
4537 silly audit   'cli-cursor': [ '2.1.0', '3.1.0' ],
4537 silly audit   'cli-spinners': [ '2.9.2' ],
4537 silly audit   'log-symbols': [ '2.2.0', '4.1.0' ],
4537 silly audit   wcwidth: [ '1.0.1' ],
4537 silly audit   'restore-cursor': [ '2.0.0', '3.1.0' ],
4537 silly audit   'os-homedir': [ '1.0.2' ],
4537 silly audit   'os-tmpdir': [ '1.0.2' ],
4537 silly audit   'p-limit': [ '3.1.0', '2.3.0' ],
4537 silly audit   'yocto-queue': [ '0.1.0' ],
4537 silly audit   'aggregate-error': [ '3.1.0' ],
4537 silly audit   'clean-stack': [ '2.2.0' ],
4537 silly audit   'indent-string': [ '4.0.0' ],
4537 silly audit   callsites: [ '3.1.0', '2.0.0' ],
4537 silly audit   pngjs: [ '3.4.0' ],
4537 silly audit   'source-map-js': [ '1.2.1' ],
4537 silly audit   asap: [ '2.0.6' ],
4537 silly audit   kleur: [ '3.0.3' ],
4537 silly audit   sisteransi: [ '1.0.5' ],
4537 silly audit   'end-of-stream': [ '1.4.5' ],
4537 silly audit   'decode-uri-component': [ '0.2.2' ],
4537 silly audit   'filter-obj': [ '1.1.0' ],
4537 silly audit   'split-on-first': [ '1.1.0' ],
4537 silly audit   'strict-uri-encode': [ '2.0.0' ],
4537 silly audit   '@jest/create-cache-key-function': [ '29.7.0' ],
4537 silly audit   '@react-native-community/cli': [ '13.6.6' ],
4537 silly audit   '@react-native-community/cli-platform-android': [ '13.6.6' ],
4537 silly audit   '@react-native-community/cli-platform-ios': [ '13.6.6' ],
4537 silly audit   '@react-native/assets-registry': [ '0.74.83' ],
4537 silly audit   '@react-native/community-cli-plugin': [ '0.74.83' ],
4537 silly audit   '@react-native/gradle-plugin': [ '0.74.83' ],
4537 silly audit   '@react-native/js-polyfills': [ '0.74.83' ],
4537 silly audit   '@react-native/virtualized-lists': [ '0.74.83' ],
4537 silly audit   'abort-controller': [ '3.0.0' ],
4537 silly audit   anser: [ '1.4.10' ],
4537 silly audit   'ansi-regex': [ '5.0.1', '4.1.1', '6.2.2' ],
4537 silly audit   'event-target-shim': [ '5.0.1' ],
4537 silly audit   'flow-enums-runtime': [ '0.0.6' ],
4537 silly audit   'jest-environment-node': [ '29.7.0' ],
4537 silly audit   'jsc-android': [ '250231.0.0' ],
4537 silly audit   'memoize-one': [ '5.2.1' ],
4537 silly audit   'metro-runtime': [ '0.80.12' ],
4537 silly audit   'metro-source-map': [ '0.80.12' ],
4537 silly audit   'pretty-format': [ '26.6.2', '29.7.0', '24.9.0' ],
4537 silly audit   'react-devtools-core': [ '5.3.2' ],
4537 silly audit   'react-shallow-renderer': [ '16.15.0' ],
4537 silly audit   'regenerator-runtime': [ '0.13.11' ],
4537 silly audit   scheduler: [ '0.24.0-canary-efb381bbf-20230505' ],
4537 silly audit   'whatwg-fetch': [ '3.6.20' ],
4537 silly audit   yargs: [ '17.7.2', '15.4.1' ],
4537 silly audit   '@jest/types': [ '29.6.3', '26.6.2', '24.9.0' ],
4537 silly audit   '@jest/schemas': [ '29.6.3' ],
4537 silly audit   '@types/istanbul-lib-coverage': [ '2.0.6' ],
4537 silly audit   '@types/istanbul-reports': [ '3.0.4', '1.1.2' ],
4537 silly audit   '@types/yargs': [ '17.0.35', '13.0.12', '15.0.20' ],
4537 silly audit   '@sinclair/typebox': [ '0.27.8' ],
4537 silly audit   '@react-native-community/cli-clean': [ '13.6.6' ],
4537 silly audit   '@react-native-community/cli-config': [ '13.6.6' ],
4537 silly audit   '@react-native-community/cli-debugger-ui': [ '13.6.6' ],
4537 silly audit   '@react-native-community/cli-doctor': [ '13.6.6' ],
4537 silly audit   '@react-native-community/cli-hermes': [ '13.6.6' ],
4537 silly audit   '@react-native-community/cli-server-api': [ '13.6.6' ],
4537 silly audit   '@react-native-community/cli-tools': [ '13.6.6' ],
4537 silly audit   '@react-native-community/cli-types': [ '13.6.6' ],
4537 silly audit   deepmerge: [ '4.3.1' ],
4537 silly audit   cosmiconfig: [ '5.2.1' ],
4537 silly audit   joi: [ '17.13.3' ],
4537 silly audit   '@react-native-community/cli-platform-apple': [ '13.6.6' ],
4537 silly audit   'command-exists': [ '1.2.9' ],
4537 silly audit   envinfo: [ '7.21.0' ],
4537 silly audit   'hermes-profile-transformer': [ '0.0.6' ],
4537 silly audit   'node-stream-zip': [ '1.15.0' ],
4537 silly audit   yaml: [ '2.8.2' ],
4537 silly audit   'fast-xml-parser': [ '4.5.3' ],
4537 silly audit   logkitty: [ '0.7.1' ],
4537 silly audit   compression: [ '1.8.1' ],
4537 silly audit   errorhandler: [ '1.5.2' ],
4537 silly audit   nocache: [ '3.0.4' ],
4537 silly audit   appdirsjs: [ '1.2.7' ],
4537 silly audit   mime: [ '2.6.0', '1.6.0' ],
4537 silly audit   'shell-quote': [ '1.8.3' ],
4537 silly audit   'sudo-prompt': [ '9.2.1' ],
4537 silly audit   '@react-native/metro-babel-transformer': [ '0.74.83' ],
4537 silly audit   metro: [ '0.80.12' ],
4537 silly audit   'metro-config': [ '0.80.12' ],
4537 silly audit   'metro-core': [ '0.80.12' ],
4537 silly audit   querystring: [ '0.2.1' ],
4537 silly audit   readline: [ '1.3.0' ],
4537 silly audit   'hermes-parser': [ '0.19.1', '0.23.1' ],
4537 silly audit   '@types/istanbul-lib-report': [ '3.0.3' ],
4537 silly audit   '@types/yargs-parser': [ '21.0.3' ],
4537 silly audit   bytes: [ '3.1.2' ],
4537 silly audit   compressible: [ '2.0.18' ],
4537 silly audit   'on-headers': [ '1.1.0' ],
4537 silly audit   'safe-buffer': [ '5.2.1', '5.1.2' ],
4537 silly audit   vary: [ '1.1.2' ],
4537 silly audit   'is-directory': [ '0.3.1' ],
4537 silly audit   'parse-json': [ '4.0.0' ],
4537 silly audit   strnum: [ '1.1.2' ],
4537 silly audit   'hermes-estree': [ '0.19.1', '0.23.1' ],
4537 silly audit   'source-map': [ '0.7.6', '0.5.7', '0.6.1' ],
4537 silly audit   '@jest/environment': [ '29.7.0' ],
4537 silly audit   '@jest/fake-timers': [ '29.7.0' ],
4537 silly audit   'jest-mock': [ '29.7.0' ],
4537 silly audit   'jest-util': [ '29.7.0' ],
4537 silly audit   '@sinonjs/fake-timers': [ '10.3.0' ],
4537 silly audit   'jest-message-util': [ '29.7.0' ],
4537 silly audit   '@sinonjs/commons': [ '3.0.1' ],
4537 silly audit   'type-detect': [ '4.0.8' ],
4537 silly audit   '@types/stack-utils': [ '2.0.3' ],
4537 silly audit   'stack-utils': [ '2.0.6' ],
4537 silly audit   '@hapi/hoek': [ '9.3.0' ],
4537 silly audit   '@hapi/topo': [ '5.1.0' ],
4537 silly audit   '@sideway/address': [ '4.1.5' ],
4537 silly audit   '@sideway/formula': [ '3.0.1' ],
4537 silly audit   '@sideway/pinpoint': [ '2.0.0' ],
4537 silly audit   'ansi-fragments': [ '0.2.1' ],
4537 silly audit   dayjs: [ '1.11.19' ],
4537 silly audit   colorette: [ '1.4.0' ],
4537 silly audit   'slice-ansi': [ '2.1.0' ],
4537 silly audit   denodeify: [ '1.2.1' ],
4537 silly audit   'error-stack-parser': [ '2.1.4' ],
4537 silly audit   'image-size': [ '1.2.1' ],
4537 silly audit   'jest-worker': [ '29.7.0' ],
4537 silly audit   'lodash.throttle': [ '4.1.1' ],
4537 silly audit   'metro-babel-transformer': [ '0.80.12' ],
4537 silly audit   'metro-cache': [ '0.80.12' ],
4537 silly audit   'metro-cache-key': [ '0.80.12' ],
4537 silly audit   'metro-file-map': [ '0.80.12' ],
4537 silly audit   'metro-resolver': [ '0.80.12' ],
4537 silly audit   'metro-symbolicate': [ '0.80.12' ],
4537 silly audit   'metro-transform-plugins': [ '0.80.12' ],
4537 silly audit   'metro-transform-worker': [ '0.80.12' ],
4537 silly audit   'serialize-error': [ '2.1.0' ],
4537 silly audit   throat: [ '5.0.0' ],
4537 silly audit   stackframe: [ '1.3.4' ],
4537 silly audit   queue: [ '6.0.2' ],
4537 silly audit   'merge-stream': [ '2.0.0' ],
4537 silly audit   'exponential-backoff': [ '3.1.3' ],
4537 silly audit   'jest-validate': [ '29.7.0' ],
4537 silly audit   camelcase: [ '6.3.0', '5.3.1' ],
4537 silly audit   'jest-get-type': [ '29.6.3' ],
4537 silly audit   leven: [ '3.1.0' ],
4537 silly audit   anymatch: [ '3.1.3' ],
4537 silly audit   'fb-watchman': [ '2.0.2' ],
4537 silly audit   fsevents: [ '2.3.3' ],
4537 silly audit   'node-abort-controller': [ '3.1.1' ],
4537 silly audit   walker: [ '1.0.8' ],
4537 silly audit   'normalize-path': [ '3.0.0' ],
4537 silly audit   bser: [ '2.1.1' ],
4537 silly audit   'node-int64': [ '0.4.0' ],
4537 silly audit   ob1: [ '0.80.12' ],
4537 silly audit   vlq: [ '1.0.1' ],
4537 silly audit   through2: [ '2.0.5' ],
4537 silly audit   'metro-minify-terser': [ '0.80.12' ],
4537 silly audit   terser: [ '5.46.0' ],
4537 silly audit   'error-ex': [ '1.3.4' ],
4537 silly audit   'json-parse-better-errors': [ '1.0.2' ],
4537 silly audit   'is-arrayish': [ '0.2.1' ],
4537 silly audit   'react-freeze': [ '1.0.4' ],
4537 silly audit   'ast-types': [ '0.15.2' ],
4537 silly audit   esprima: [ '4.0.1' ],
4537 silly audit   regenerate: [ '1.4.2' ],
4537 silly audit   'regenerate-unicode-properties': [ '10.2.2' ],
4537 silly audit   regjsgen: [ '0.8.0' ],
4537 silly audit   regjsparser: [ '0.13.0' ],
4537 silly audit   'unicode-match-property-ecmascript': [ '2.0.0' ],
4537 silly audit   'unicode-match-property-value-ecmascript': [ '2.2.1' ],
4537 silly audit   'nested-error-stacks': [ '2.0.1' ],
4537 silly audit   rc: [ '1.2.8' ],
4537 silly audit   'deep-extend': [ '0.6.0' ],
4537 silly audit   ini: [ '1.3.8' ],
4537 silly audit   'is-core-module': [ '2.16.1' ],
4537 silly audit   'path-parse': [ '1.0.7' ],
4537 silly audit   'supports-preserve-symlinks-flag': [ '1.0.0' ],
4537 silly audit   onetime: [ '2.0.1', '5.1.2' ],
4537 silly audit   'mimic-fn': [ '1.2.0', '2.1.0' ],
4537 silly audit   'queue-microtask': [ '1.2.3' ],
4537 silly audit   '@types/node-forge': [ '1.3.14' ],
4537 silly audit   depd: [ '2.0.0' ],
4537 silly audit   destroy: [ '1.2.0' ],
4537 silly audit   etag: [ '1.8.1' ],
4537 silly audit   fresh: [ '0.5.2' ],
4537 silly audit   'http-errors': [ '2.0.0', '2.0.1' ],
4537 silly audit   'range-parser': [ '1.2.1' ],
4537 silly audit   setprototypeof: [ '1.2.0' ],
4537 silly audit   toidentifier: [ '1.0.1' ],
4537 silly audit   'shebang-regex': [ '3.0.0', '1.0.0' ],
4537 silly audit   'astral-regex': [ '1.0.0' ],
4537 silly audit   'is-fullwidth-code-point': [ '2.0.0', '3.0.0' ],
4537 silly audit   'buffer-from': [ '1.1.2' ],
4537 silly audit   'lines-and-columns': [ '1.2.4' ],
4537 silly audit   mz: [ '2.7.0' ],
4537 silly audit   'ts-interface-checker': [ '0.1.13' ],
4537 silly audit   'any-promise': [ '1.3.0' ],
4537 silly audit   'thenify-all': [ '1.6.0' ],
4537 silly audit   'has-flag': [ '4.0.0', '3.0.0' ],
4537 silly audit   chownr: [ '2.0.0' ],
4537 silly audit   minizlib: [ '2.1.2' ],
4537 silly audit   del: [ '6.1.1' ],
4537 silly audit   'unique-string': [ '2.0.0', '1.0.0' ],
4537 silly audit   'is-path-cwd': [ '2.2.0' ],
4537 silly audit   'ansi-escapes': [ '4.3.2' ],
4537 silly audit   'supports-hyperlinks': [ '2.3.0' ],
4537 silly audit   '@jridgewell/source-map': [ '0.3.11' ],
4537 silly audit   thenify: [ '3.3.1' ],
4537 silly audit   'readable-stream': [ '2.3.8', '3.6.2' ],
4537 silly audit   xtend: [ '4.0.2' ],
4537 silly audit   'core-util-is': [ '1.0.3' ],
4537 silly audit   isarray: [ '1.0.0', '2.0.5' ],
4537 silly audit   'process-nextick-args': [ '2.0.1' ],
4537 silly audit   string_decoder: [ '1.1.1' ],
4537 silly audit   'util-deprecate': [ '1.0.2' ],
4537 silly audit   'is-number': [ '7.0.0' ],
4537 silly audit   'typedarray.prototype.slice': [ '1.0.5' ],
4537 silly audit   'which-typed-array': [ '1.1.20' ],
4537 silly audit   'call-bind': [ '1.0.8' ],
4537 silly audit   'define-properties': [ '1.2.1' ],
4537 silly audit   'es-abstract': [ '1.24.1' ],
4537 silly audit   'typed-array-buffer': [ '1.0.3' ],
4537 silly audit   'typed-array-byte-offset': [ '1.0.4' ],
4537 silly audit   'set-function-length': [ '1.2.2' ],
4537 silly audit   'define-data-property': [ '1.1.4' ],
4537 silly audit   'has-property-descriptors': [ '1.0.2' ],
4537 silly audit   'object-keys': [ '1.1.1' ],
4537 silly audit   'array-buffer-byte-length': [ '1.0.2' ],
4537 silly audit   'arraybuffer.prototype.slice': [ '1.0.4' ],
4537 silly audit   'available-typed-arrays': [ '1.0.7' ],
4537 silly audit   'call-bound': [ '1.0.4' ],
4537 silly audit   'data-view-buffer': [ '1.0.2' ],
4537 silly audit   'data-view-byte-length': [ '1.0.2' ],
4537 silly audit   'data-view-byte-offset': [ '1.0.1' ],
4537 silly audit   'es-to-primitive': [ '1.3.0' ],
4537 silly audit   'function.prototype.name': [ '1.1.8' ],
4537 silly audit   'get-symbol-description': [ '1.1.0' ],
4537 silly audit   globalthis: [ '1.0.4' ],
4537 silly audit   'has-proto': [ '1.2.0' ],
4537 silly audit   'internal-slot': [ '1.1.0' ],
4537 silly audit   'is-array-buffer': [ '3.0.5' ],
4537 silly audit   'is-callable': [ '1.2.7' ],
4537 silly audit   'is-data-view': [ '1.0.2' ],
4537 silly audit   'is-negative-zero': [ '2.0.3' ],
4537 silly audit   'is-regex': [ '1.2.1' ],
4537 silly audit   'is-set': [ '2.0.3' ],
4537 silly audit   'is-shared-array-buffer': [ '1.0.4' ],
4537 silly audit   'is-string': [ '1.1.1' ],
4537 silly audit   'is-typed-array': [ '1.1.15' ],
4537 silly audit   'is-weakref': [ '1.1.1' ],
4537 silly audit   'object-inspect': [ '1.13.4' ],
4537 silly audit   'object.assign': [ '4.1.7' ],
4537 silly audit   'own-keys': [ '1.0.1' ],
4537 silly audit   'regexp.prototype.flags': [ '1.5.4' ],
4537 silly audit   'safe-array-concat': [ '1.1.3' ],
4537 silly audit   'safe-push-apply': [ '1.0.0' ],
4537 silly audit   'safe-regex-test': [ '1.1.0' ],
4537 silly audit   'set-proto': [ '1.0.0' ],
4537 silly audit   'stop-iteration-iterator': [ '1.1.0' ],
4537 silly audit   'string.prototype.trim': [ '1.2.10' ],
4537 silly audit   'string.prototype.trimend': [ '1.0.9' ],
4537 silly audit   'string.prototype.trimstart': [ '1.0.8' ],
4537 silly audit   'typed-array-byte-length': [ '1.0.3' ],
4537 silly audit   'typed-array-length': [ '1.0.7' ],
4537 silly audit   'unbox-primitive': [ '1.1.0' ],
4537 silly audit   'possible-typed-array-names': [ '1.1.0' ],
4537 silly audit   'is-date-object': [ '1.1.0' ],
4537 silly audit   'is-symbol': [ '1.1.1' ],
4537 silly audit   'functions-have-names': [ '1.2.3' ],
4537 silly audit   'side-channel': [ '1.1.0' ],
4537 silly audit   'set-function-name': [ '2.0.2' ],
4537 silly audit   'side-channel-list': [ '1.0.0' ],
4537 silly audit   'side-channel-map': [ '1.0.1' ],
4537 silly audit   'side-channel-weakmap': [ '1.0.2' ],
4537 silly audit   'for-each': [ '0.3.5' ],
4537 silly audit   'reflect.getprototypeof': [ '1.0.10' ],
4537 silly audit   'which-builtin-type': [ '1.2.1' ],
4537 silly audit   'has-bigints': [ '1.1.0' ],
4537 silly audit   'which-boxed-primitive': [ '1.1.1' ],
4537 silly audit   'unicode-canonical-property-names-ecmascript': [ '2.0.1' ],
4537 silly audit   'unicode-property-aliases-ecmascript': [ '2.2.0' ],
4537 silly audit   'unique-slug': [ '4.0.0' ],
4537 silly audit   'crypto-random-string': [ '2.0.0', '1.0.0' ],
4537 silly audit   escalade: [ '3.2.0' ],
4537 silly audit   punycode: [ '2.3.1' ],
4537 silly audit   builtins: [ '1.0.3' ],
4537 silly audit   makeerror: [ '1.0.12' ],
4537 silly audit   tmpl: [ '1.0.5' ],
4537 silly audit   defaults: [ '1.0.4' ],
4537 silly audit   tr46: [ '0.0.3' ],
4537 silly audit   'webidl-conversions': [ '3.0.1', '5.0.0' ],
4537 silly audit   buffer: [ '5.7.1' ],
4537 silly audit   ieee754: [ '1.2.1' ],
4537 silly audit   isexe: [ '2.0.0' ],
4537 silly audit   'is-bigint': [ '1.1.0' ],
4537 silly audit   'is-boolean-object': [ '1.2.2' ],
4537 silly audit   'is-number-object': [ '1.1.1' ],
4537 silly audit   'is-async-function': [ '2.1.1' ],
4537 silly audit   'is-finalizationregistry': [ '1.1.1' ],
4537 silly audit   'is-generator-function': [ '1.1.2' ],
4537 silly audit   'which-collection': [ '1.0.2' ],
4537 silly audit   'async-function': [ '1.0.0' ],
4537 silly audit   'generator-function': [ '2.0.1' ],
4537 silly audit   'is-map': [ '2.0.3' ],
4537 silly audit   'is-weakmap': [ '2.0.2' ],
4537 silly audit   'is-weakset': [ '2.0.4' ],
4537 silly audit   'string-width': [ '4.2.3', '5.1.2' ],
4537 silly audit   'emoji-regex': [ '8.0.0', '9.2.2' ],
4537 silly audit   'simple-plist': [ '1.3.1' ],
4537 silly audit   plist: [ '3.1.0' ],
4537 silly audit   sax: [ '1.4.4' ],
4537 silly audit   cliui: [ '8.0.1', '6.0.0' ],
4537 silly audit   'get-caller-file': [ '2.0.5' ],
4537 silly audit   'require-directory': [ '2.1.1' ],
4537 silly audit   y18n: [ '5.0.8', '4.0.3' ],
4537 silly audit   'yargs-parser': [ '21.1.1', '18.1.3' ],
4537 silly audit   'concat-map': [ '0.0.1' ],
4537 silly audit   'sprintf-js': [ '1.0.3' ],
4537 silly audit   '@babel/highlight': [ '7.25.9' ],
4537 silly audit   'at-least-node': [ '1.0.0' ],
4537 silly audit   'proc-log': [ '4.2.0' ],
4537 silly audit   'human-signals': [ '2.1.0' ],
4537 silly audit   'strip-final-newline': [ '2.0.0' ],
4537 silly audit   bl: [ '4.1.0' ],
4537 silly audit   'is-interactive': [ '1.0.0' ],
4537 silly audit   'is-unicode-supported': [ '0.1.0' ],
4537 silly audit   'async-limiter': [ '1.0.1' ],
4537 silly audit   'p-try': [ '2.2.0' ],
4537 silly audit   '@babel/plugin-proposal-logical-assignment-operators': [ '7.20.7' ],
4537 silly audit   '@babel/plugin-syntax-logical-assignment-operators': [ '7.10.4' ],
4537 silly audit   'foreground-child': [ '3.3.1' ],
4537 silly audit   jackspeak: [ '3.4.3' ],
4537 silly audit   'package-json-from-dist': [ '1.0.1' ],
4537 silly audit   'path-scurry': [ '1.11.1' ],
4537 silly audit   '@isaacs/cliui': [ '8.0.2' ],
4537 silly audit   '@pkgjs/parseargs': [ '0.11.0' ],
4537 silly audit   eastasianwidth: [ '0.2.0' ],
4537 silly audit   'caller-path': [ '2.0.0' ],
4537 silly audit   'caller-callsite': [ '2.0.0' ],
4537 silly audit   'nice-try': [ '1.0.5' ],
4537 silly audit   'babel-plugin-react-compiler': [ '0.0.0-experimental-592953e-20240517' ],
4537 silly audit   zod: [ '3.25.76' ],
4537 silly audit   'zod-validation-error': [ '2.1.0' ],
4537 silly audit   'trim-right': [ '1.0.1' ],
4537 silly audit   decamelize: [ '1.2.0' ],
4537 silly audit   'require-main-filename': [ '2.0.0' ],
4537 silly audit   'set-blocking': [ '2.0.0' ],
4537 silly audit   'which-module': [ '2.0.1' ]
4537 silly audit }
4538 verbose reify failed optional dependency /Users/ayou/Desktop/Bolo-Fashion/node_modules/lightningcss-win32-x64-msvc
4539 silly reify mark deleted [
4539 silly reify   '/Users/ayou/Desktop/Bolo-Fashion/node_modules/lightningcss-win32-x64-msvc'
4539 silly reify ]
4540 verbose reify failed optional dependency /Users/ayou/Desktop/Bolo-Fashion/node_modules/lightningcss-linux-x64-musl
4541 silly reify mark deleted [
4541 silly reify   '/Users/ayou/Desktop/Bolo-Fashion/node_modules/lightningcss-linux-x64-musl'
4541 silly reify ]
4542 verbose reify failed optional dependency /Users/ayou/Desktop/Bolo-Fashion/node_modules/lightningcss-linux-x64-gnu
4543 silly reify mark deleted [
4543 silly reify   '/Users/ayou/Desktop/Bolo-Fashion/node_modules/lightningcss-linux-x64-gnu'
4543 silly reify ]
4544 verbose reify failed optional dependency /Users/ayou/Desktop/Bolo-Fashion/node_modules/lightningcss-linux-arm64-musl
4545 silly reify mark deleted [
4545 silly reify   '/Users/ayou/Desktop/Bolo-Fashion/node_modules/lightningcss-linux-arm64-musl'
4545 silly reify ]
4546 verbose reify failed optional dependency /Users/ayou/Desktop/Bolo-Fashion/node_modules/lightningcss-linux-arm64-gnu
4547 silly reify mark deleted [
4547 silly reify   '/Users/ayou/Desktop/Bolo-Fashion/node_modules/lightningcss-linux-arm64-gnu'
4547 silly reify ]
4548 verbose reify failed optional dependency /Users/ayou/Desktop/Bolo-Fashion/node_modules/lightningcss-linux-arm-gnueabihf
4549 silly reify mark deleted [
4549 silly reify   '/Users/ayou/Desktop/Bolo-Fashion/node_modules/lightningcss-linux-arm-gnueabihf'
4549 silly reify ]
4550 verbose reify failed optional dependency /Users/ayou/Desktop/Bolo-Fashion/node_modules/lightningcss-darwin-arm64
4551 silly reify mark deleted [
4551 silly reify   '/Users/ayou/Desktop/Bolo-Fashion/node_modules/lightningcss-darwin-arm64'
4551 silly reify ]
4552 timing reifyNode:node_modules/lightningcss-win32-x64-msvc Completed in 887ms
4553 timing reifyNode:node_modules/lightningcss-linux-x64-musl Completed in 888ms
4554 timing reifyNode:node_modules/lightningcss-linux-x64-gnu Completed in 888ms
4555 timing reifyNode:node_modules/lightningcss-linux-arm64-musl Completed in 889ms
4556 timing reifyNode:node_modules/lightningcss-linux-arm64-gnu Completed in 888ms
4557 timing reifyNode:node_modules/lightningcss-linux-arm-gnueabihf Completed in 889ms
4558 timing reifyNode:node_modules/lightningcss-darwin-arm64 Completed in 890ms
4559 http fetch POST 200 https://registry.npmjs.org/-/npm/v1/security/advisories/bulk 1943ms
4560 timing auditReport:getReport Completed in 2013ms
4561 silly audit report {
4561 silly audit report   send: [
4561 silly audit report     {
4561 silly audit report       id: 1109556,
4561 silly audit report       url: 'https://github.com/advisories/GHSA-m6fv-jmcg-4jfg',
4561 silly audit report       title: 'send vulnerable to template injection that can lead to XSS',
4561 silly audit report       severity: 'low',
4561 silly audit report       vulnerable_versions: '<0.19.0',
4561 silly audit report       cwe: [Array],
4561 silly audit report       cvss: [Object]
4561 silly audit report     }
4561 silly audit report   ],
4561 silly audit report   tar: [
4561 silly audit report     {
4561 silly audit report       id: 1112255,
4561 silly audit report       url: 'https://github.com/advisories/GHSA-8qq5-rm4j-mr97',
4561 silly audit report       title: 'node-tar is Vulnerable to Arbitrary File Overwrite and Symlink Poisoning via Insufficient Path Sanitization',
4561 silly audit report       severity: 'high',
4561 silly audit report       vulnerable_versions: '<=7.5.2',
4561 silly audit report       cwe: [Array],
4561 silly audit report       cvss: [Object]
4561 silly audit report     }
4561 silly audit report   ]
4561 silly audit report }
4562 timing metavuln:packument:send Completed in 2ms
4563 timing metavuln:packument:tar Completed in 2ms
4564 silly tarball no local data for require-main-filename@https://registry.npmjs.org/require-main-filename/-/require-main-filename-2.0.0.tgz. Extracting by manifest.
4565 silly tarball no local data for set-blocking@https://registry.npmjs.org/set-blocking/-/set-blocking-2.0.0.tgz. Extracting by manifest.
4566 silly tarball no local data for which-module@https://registry.npmjs.org/which-module/-/which-module-2.0.1.tgz. Extracting by manifest.
4567 silly tarball no local data for zod-validation-error@https://registry.npmjs.org/zod-validation-error/-/zod-validation-error-2.1.0.tgz. Extracting by manifest.
4568 silly tarball no local data for trim-right@https://registry.npmjs.org/trim-right/-/trim-right-1.0.1.tgz. Extracting by manifest.
4569 silly tarball no local data for zod@https://registry.npmjs.org/zod/-/zod-3.25.76.tgz. Extracting by manifest.
4570 silly tarball no local data for decamelize@https://registry.npmjs.org/decamelize/-/decamelize-1.2.0.tgz. Extracting by manifest.
4571 silly tarball no local data for babel-plugin-react-compiler@https://registry.npmjs.org/babel-plugin-react-compiler/-/babel-plugin-react-compiler-0.0.0-experimental-592953e-20240517.tgz. Extracting by manifest.
4572 silly tarball no local data for caller-callsite@https://registry.npmjs.org/caller-callsite/-/caller-callsite-2.0.0.tgz. Extracting by manifest.
4573 silly tarball no local data for eastasianwidth@https://registry.npmjs.org/eastasianwidth/-/eastasianwidth-0.2.0.tgz. Extracting by manifest.
4574 silly tarball no local data for nice-try@https://registry.npmjs.org/nice-try/-/nice-try-1.0.5.tgz. Extracting by manifest.
4575 silly tarball no local data for wrap-ansi-cjs@https://registry.npmjs.org/wrap-ansi/-/wrap-ansi-7.0.0.tgz. Extracting by manifest.
4576 silly tarball no local data for strip-ansi-cjs@https://registry.npmjs.org/strip-ansi/-/strip-ansi-6.0.1.tgz. Extracting by manifest.
4577 silly tarball no local data for string-width-cjs@https://registry.npmjs.org/string-width/-/string-width-4.2.3.tgz. Extracting by manifest.
4578 silly tarball no local data for path-scurry@https://registry.npmjs.org/path-scurry/-/path-scurry-1.11.1.tgz. Extracting by manifest.
4579 silly tarball no local data for @pkgjs/parseargs@https://registry.npmjs.org/@pkgjs/parseargs/-/parseargs-0.11.0.tgz. Extracting by manifest.
4580 silly tarball no local data for caller-path@https://registry.npmjs.org/caller-path/-/caller-path-2.0.0.tgz. Extracting by manifest.
4581 silly tarball no local data for package-json-from-dist@https://registry.npmjs.org/package-json-from-dist/-/package-json-from-dist-1.0.1.tgz. Extracting by manifest.
4582 silly tarball no local data for foreground-child@https://registry.npmjs.org/foreground-child/-/foreground-child-3.3.1.tgz. Extracting by manifest.
4583 silly tarball no local data for jackspeak@https://registry.npmjs.org/jackspeak/-/jackspeak-3.4.3.tgz. Extracting by manifest.
4584 silly tarball no local data for @babel/plugin-syntax-logical-assignment-operators@https://registry.npmjs.org/@babel/plugin-syntax-logical-assignment-operators/-/plugin-syntax-logical-assignment-operators-7.10.4.tgz. Extracting by manifest.
4585 silly tarball no local data for @babel/plugin-proposal-logical-assignment-operators@https://registry.npmjs.org/@babel/plugin-proposal-logical-assignment-operators/-/plugin-proposal-logical-assignment-operators-7.20.7.tgz. Extracting by manifest.
4586 silly tarball no local data for async-limiter@https://registry.npmjs.org/async-limiter/-/async-limiter-1.0.1.tgz. Extracting by manifest.
4587 silly tarball no local data for p-try@https://registry.npmjs.org/p-try/-/p-try-2.2.0.tgz. Extracting by manifest.
4588 silly tarball no local data for is-unicode-supported@https://registry.npmjs.org/is-unicode-supported/-/is-unicode-supported-0.1.0.tgz. Extracting by manifest.
4589 silly tarball no local data for is-interactive@https://registry.npmjs.org/is-interactive/-/is-interactive-1.0.0.tgz. Extracting by manifest.
4590 silly tarball no local data for bl@https://registry.npmjs.org/bl/-/bl-4.1.0.tgz. Extracting by manifest.
4591 silly tarball no local data for strip-final-newline@https://registry.npmjs.org/strip-final-newline/-/strip-final-newline-2.0.0.tgz. Extracting by manifest.
4592 silly tarball no local data for human-signals@https://registry.npmjs.org/human-signals/-/human-signals-2.1.0.tgz. Extracting by manifest.
4593 silly tarball no local data for proc-log@https://registry.npmjs.org/proc-log/-/proc-log-4.2.0.tgz. Extracting by manifest.
4594 silly tarball no local data for at-least-node@https://registry.npmjs.org/at-least-node/-/at-least-node-1.0.0.tgz. Extracting by manifest.
4595 silly tarball no local data for @babel/highlight@https://registry.npmjs.org/@babel/highlight/-/highlight-7.25.9.tgz. Extracting by manifest.
4596 silly tarball no local data for concat-map@https://registry.npmjs.org/concat-map/-/concat-map-0.0.1.tgz. Extracting by manifest.
4597 silly tarball no local data for y18n@https://registry.npmjs.org/y18n/-/y18n-5.0.8.tgz. Extracting by manifest.
4598 silly tarball no local data for cliui@https://registry.npmjs.org/cliui/-/cliui-8.0.1.tgz. Extracting by manifest.
4599 silly tarball no local data for require-directory@https://registry.npmjs.org/require-directory/-/require-directory-2.1.1.tgz. Extracting by manifest.
4600 silly tarball no local data for yargs-parser@https://registry.npmjs.org/yargs-parser/-/yargs-parser-21.1.1.tgz. Extracting by manifest.
4601 silly tarball no local data for sprintf-js@https://registry.npmjs.org/sprintf-js/-/sprintf-js-1.0.3.tgz. Extracting by manifest.
4602 silly tarball no local data for sax@https://registry.npmjs.org/sax/-/sax-1.4.4.tgz. Extracting by manifest.
4603 silly tarball no local data for get-caller-file@https://registry.npmjs.org/get-caller-file/-/get-caller-file-2.0.5.tgz. Extracting by manifest.
4604 silly tarball no local data for emoji-regex@https://registry.npmjs.org/emoji-regex/-/emoji-regex-8.0.0.tgz. Extracting by manifest.
4605 silly tarball no local data for string-width@https://registry.npmjs.org/string-width/-/string-width-4.2.3.tgz. Extracting by manifest.
4606 silly tarball no local data for @isaacs/cliui@https://registry.npmjs.org/@isaacs/cliui/-/cliui-8.0.2.tgz. Extracting by manifest.
4607 silly tarball no local data for is-weakmap@https://registry.npmjs.org/is-weakmap/-/is-weakmap-2.0.2.tgz. Extracting by manifest.
4608 silly tarball no local data for is-weakset@https://registry.npmjs.org/is-weakset/-/is-weakset-2.0.4.tgz. Extracting by manifest.
4609 silly tarball no local data for is-map@https://registry.npmjs.org/is-map/-/is-map-2.0.3.tgz. Extracting by manifest.
4610 silly tarball no local data for simple-plist@https://registry.npmjs.org/simple-plist/-/simple-plist-1.3.1.tgz. Extracting by manifest.
4611 silly tarball no local data for async-function@https://registry.npmjs.org/async-function/-/async-function-1.0.0.tgz. Extracting by manifest.
4612 silly tarball no local data for generator-function@https://registry.npmjs.org/generator-function/-/generator-function-2.0.1.tgz. Extracting by manifest.
4613 silly tarball no local data for is-generator-function@https://registry.npmjs.org/is-generator-function/-/is-generator-function-1.1.2.tgz. Extracting by manifest.
4614 silly tarball no local data for which-collection@https://registry.npmjs.org/which-collection/-/which-collection-1.0.2.tgz. Extracting by manifest.
4615 silly tarball no local data for is-finalizationregistry@https://registry.npmjs.org/is-finalizationregistry/-/is-finalizationregistry-1.1.1.tgz. Extracting by manifest.
4616 silly tarball no local data for is-async-function@https://registry.npmjs.org/is-async-function/-/is-async-function-2.1.1.tgz. Extracting by manifest.
4617 silly tarball no local data for is-number-object@https://registry.npmjs.org/is-number-object/-/is-number-object-1.1.1.tgz. Extracting by manifest.
4618 silly tarball no local data for is-boolean-object@https://registry.npmjs.org/is-boolean-object/-/is-boolean-object-1.2.2.tgz. Extracting by manifest.
4619 silly tarball no local data for isexe@https://registry.npmjs.org/isexe/-/isexe-2.0.0.tgz. Extracting by manifest.
4620 silly tarball no local data for ieee754@https://registry.npmjs.org/ieee754/-/ieee754-1.2.1.tgz. Extracting by manifest.
4621 silly tarball no local data for is-bigint@https://registry.npmjs.org/is-bigint/-/is-bigint-1.1.0.tgz. Extracting by manifest.
4622 silly tarball no local data for buffer@https://registry.npmjs.org/buffer/-/buffer-5.7.1.tgz. Extracting by manifest.
4623 silly tarball no local data for webidl-conversions@https://registry.npmjs.org/webidl-conversions/-/webidl-conversions-3.0.1.tgz. Extracting by manifest.
4624 silly tarball no local data for tmpl@https://registry.npmjs.org/tmpl/-/tmpl-1.0.5.tgz. Extracting by manifest.
4625 silly tarball no local data for makeerror@https://registry.npmjs.org/makeerror/-/makeerror-1.0.12.tgz. Extracting by manifest.
4626 silly tarball no local data for defaults@https://registry.npmjs.org/defaults/-/defaults-1.0.4.tgz. Extracting by manifest.
4627 silly tarball no local data for tr46@https://registry.npmjs.org/tr46/-/tr46-0.0.3.tgz. Extracting by manifest.
4628 silly tarball no local data for crypto-random-string@https://registry.npmjs.org/crypto-random-string/-/crypto-random-string-2.0.0.tgz. Extracting by manifest.
4629 silly tarball no local data for builtins@https://registry.npmjs.org/builtins/-/builtins-1.0.3.tgz. Extracting by manifest.
4630 silly tarball no local data for punycode@https://registry.npmjs.org/punycode/-/punycode-2.3.1.tgz. Extracting by manifest.
4631 silly tarball no local data for plist@https://registry.npmjs.org/plist/-/plist-3.1.0.tgz. Extracting by manifest.
4632 silly tarball no local data for unique-slug@https://registry.npmjs.org/unique-slug/-/unique-slug-4.0.0.tgz. Extracting by manifest.
4633 silly tarball no local data for unicode-property-aliases-ecmascript@https://registry.npmjs.org/unicode-property-aliases-ecmascript/-/unicode-property-aliases-ecmascript-2.2.0.tgz. Extracting by manifest.
4634 silly tarball no local data for unicode-canonical-property-names-ecmascript@https://registry.npmjs.org/unicode-canonical-property-names-ecmascript/-/unicode-canonical-property-names-ecmascript-2.0.1.tgz. Extracting by manifest.
4635 silly tarball no local data for has-bigints@https://registry.npmjs.org/has-bigints/-/has-bigints-1.1.0.tgz. Extracting by manifest.
4636 silly tarball no local data for which-boxed-primitive@https://registry.npmjs.org/which-boxed-primitive/-/which-boxed-primitive-1.1.1.tgz. Extracting by manifest.
4637 silly tarball no local data for for-each@https://registry.npmjs.org/for-each/-/for-each-0.3.5.tgz. Extracting by manifest.
4638 silly tarball no local data for reflect.getprototypeof@https://registry.npmjs.org/reflect.getprototypeof/-/reflect.getprototypeof-1.0.10.tgz. Extracting by manifest.
4639 silly tarball no local data for which-builtin-type@https://registry.npmjs.org/which-builtin-type/-/which-builtin-type-1.2.1.tgz. Extracting by manifest.
4640 silly tarball no local data for side-channel-weakmap@https://registry.npmjs.org/side-channel-weakmap/-/side-channel-weakmap-1.0.2.tgz. Extracting by manifest.
4641 silly tarball no local data for side-channel-map@https://registry.npmjs.org/side-channel-map/-/side-channel-map-1.0.1.tgz. Extracting by manifest.
4642 silly tarball no local data for side-channel-list@https://registry.npmjs.org/side-channel-list/-/side-channel-list-1.0.0.tgz. Extracting by manifest.
4643 silly tarball no local data for set-function-name@https://registry.npmjs.org/set-function-name/-/set-function-name-2.0.2.tgz. Extracting by manifest.
4644 silly tarball no local data for side-channel@https://registry.npmjs.org/side-channel/-/side-channel-1.1.0.tgz. Extracting by manifest.
4645 silly tarball no local data for functions-have-names@https://registry.npmjs.org/functions-have-names/-/functions-have-names-1.2.3.tgz. Extracting by manifest.
4646 silly tarball no local data for is-symbol@https://registry.npmjs.org/is-symbol/-/is-symbol-1.1.1.tgz. Extracting by manifest.
4647 silly tarball no local data for is-date-object@https://registry.npmjs.org/is-date-object/-/is-date-object-1.1.0.tgz. Extracting by manifest.
4648 silly tarball no local data for unbox-primitive@https://registry.npmjs.org/unbox-primitive/-/unbox-primitive-1.1.0.tgz. Extracting by manifest.
4649 silly tarball no local data for escalade@https://registry.npmjs.org/escalade/-/escalade-3.2.0.tgz. Extracting by manifest.
4650 silly tarball no local data for typed-array-length@https://registry.npmjs.org/typed-array-length/-/typed-array-length-1.0.7.tgz. Extracting by manifest.
4651 silly tarball no local data for typed-array-byte-length@https://registry.npmjs.org/typed-array-byte-length/-/typed-array-byte-length-1.0.3.tgz. Extracting by manifest.
4652 silly tarball no local data for string.prototype.trimend@https://registry.npmjs.org/string.prototype.trimend/-/string.prototype.trimend-1.0.9.tgz. Extracting by manifest.
4653 silly tarball no local data for string.prototype.trim@https://registry.npmjs.org/string.prototype.trim/-/string.prototype.trim-1.2.10.tgz. Extracting by manifest.
4654 silly tarball no local data for set-proto@https://registry.npmjs.org/set-proto/-/set-proto-1.0.0.tgz. Extracting by manifest.
4655 silly tarball no local data for string.prototype.trimstart@https://registry.npmjs.org/string.prototype.trimstart/-/string.prototype.trimstart-1.0.8.tgz. Extracting by manifest.
4656 silly tarball no local data for safe-array-concat@https://registry.npmjs.org/safe-array-concat/-/safe-array-concat-1.1.3.tgz. Extracting by manifest.
4657 silly tarball no local data for safe-push-apply@https://registry.npmjs.org/safe-push-apply/-/safe-push-apply-1.0.0.tgz. Extracting by manifest.
4658 silly tarball no local data for regexp.prototype.flags@https://registry.npmjs.org/regexp.prototype.flags/-/regexp.prototype.flags-1.5.4.tgz. Extracting by manifest.
4659 silly tarball no local data for object.assign@https://registry.npmjs.org/object.assign/-/object.assign-4.1.7.tgz. Extracting by manifest.
4660 silly tarball no local data for own-keys@https://registry.npmjs.org/own-keys/-/own-keys-1.0.1.tgz. Extracting by manifest.
4661 silly tarball no local data for object-inspect@https://registry.npmjs.org/object-inspect/-/object-inspect-1.13.4.tgz. Extracting by manifest.
4662 silly tarball no local data for is-weakref@https://registry.npmjs.org/is-weakref/-/is-weakref-1.1.1.tgz. Extracting by manifest.
4663 silly tarball no local data for is-typed-array@https://registry.npmjs.org/is-typed-array/-/is-typed-array-1.1.15.tgz. Extracting by manifest.
4664 silly tarball no local data for is-string@https://registry.npmjs.org/is-string/-/is-string-1.1.1.tgz. Extracting by manifest.
4665 silly tarball no local data for is-regex@https://registry.npmjs.org/is-regex/-/is-regex-1.2.1.tgz. Extracting by manifest.
4666 silly tarball no local data for is-shared-array-buffer@https://registry.npmjs.org/is-shared-array-buffer/-/is-shared-array-buffer-1.0.4.tgz. Extracting by manifest.
4667 silly tarball no local data for is-set@https://registry.npmjs.org/is-set/-/is-set-2.0.3.tgz. Extracting by manifest.
4668 silly tarball no local data for is-negative-zero@https://registry.npmjs.org/is-negative-zero/-/is-negative-zero-2.0.3.tgz. Extracting by manifest.
4669 silly tarball no local data for is-data-view@https://registry.npmjs.org/is-data-view/-/is-data-view-1.0.2.tgz. Extracting by manifest.
4670 silly tarball no local data for is-callable@https://registry.npmjs.org/is-callable/-/is-callable-1.2.7.tgz. Extracting by manifest.
4671 silly tarball no local data for possible-typed-array-names@https://registry.npmjs.org/possible-typed-array-names/-/possible-typed-array-names-1.1.0.tgz. Extracting by manifest.
4672 silly tarball no local data for safe-regex-test@https://registry.npmjs.org/safe-regex-test/-/safe-regex-test-1.1.0.tgz. Extracting by manifest.
4673 silly tarball no local data for internal-slot@https://registry.npmjs.org/internal-slot/-/internal-slot-1.1.0.tgz. Extracting by manifest.
4674 silly tarball no local data for stop-iteration-iterator@https://registry.npmjs.org/stop-iteration-iterator/-/stop-iteration-iterator-1.1.0.tgz. Extracting by manifest.
4675 silly tarball no local data for get-symbol-description@https://registry.npmjs.org/get-symbol-description/-/get-symbol-description-1.1.0.tgz. Extracting by manifest.
4676 silly tarball no local data for is-array-buffer@https://registry.npmjs.org/is-array-buffer/-/is-array-buffer-3.0.5.tgz. Extracting by manifest.
4677 silly tarball no local data for es-to-primitive@https://registry.npmjs.org/es-to-primitive/-/es-to-primitive-1.3.0.tgz. Extracting by manifest.
4678 silly tarball no local data for function.prototype.name@https://registry.npmjs.org/function.prototype.name/-/function.prototype.name-1.1.8.tgz. Extracting by manifest.
4679 silly tarball no local data for data-view-byte-offset@https://registry.npmjs.org/data-view-byte-offset/-/data-view-byte-offset-1.0.1.tgz. Extracting by manifest.
4680 silly tarball no local data for data-view-buffer@https://registry.npmjs.org/data-view-buffer/-/data-view-buffer-1.0.2.tgz. Extracting by manifest.
4681 silly tarball no local data for data-view-byte-length@https://registry.npmjs.org/data-view-byte-length/-/data-view-byte-length-1.0.2.tgz. Extracting by manifest.
4682 silly tarball no local data for arraybuffer.prototype.slice@https://registry.npmjs.org/arraybuffer.prototype.slice/-/arraybuffer.prototype.slice-1.0.4.tgz. Extracting by manifest.
4683 silly tarball no local data for call-bound@https://registry.npmjs.org/call-bound/-/call-bound-1.0.4.tgz. Extracting by manifest.
4684 silly tarball no local data for has-property-descriptors@https://registry.npmjs.org/has-property-descriptors/-/has-property-descriptors-1.0.2.tgz. Extracting by manifest.
4685 silly tarball no local data for array-buffer-byte-length@https://registry.npmjs.org/array-buffer-byte-length/-/array-buffer-byte-length-1.0.2.tgz. Extracting by manifest.
4686 silly tarball no local data for define-data-property@https://registry.npmjs.org/define-data-property/-/define-data-property-1.1.4.tgz. Extracting by manifest.
4687 silly tarball no local data for typed-array-byte-offset@https://registry.npmjs.org/typed-array-byte-offset/-/typed-array-byte-offset-1.0.4.tgz. Extracting by manifest.
4688 silly tarball no local data for set-function-length@https://registry.npmjs.org/set-function-length/-/set-function-length-1.2.2.tgz. Extracting by manifest.
4689 silly tarball no local data for typed-array-buffer@https://registry.npmjs.org/typed-array-buffer/-/typed-array-buffer-1.0.3.tgz. Extracting by manifest.
4690 silly tarball no local data for es-abstract@https://registry.npmjs.org/es-abstract/-/es-abstract-1.24.1.tgz. Extracting by manifest.
4691 silly tarball no local data for call-bind@https://registry.npmjs.org/call-bind/-/call-bind-1.0.8.tgz. Extracting by manifest.
4692 silly tarball no local data for globalthis@https://registry.npmjs.org/globalthis/-/globalthis-1.0.4.tgz. Extracting by manifest.
4693 silly tarball no local data for typedarray.prototype.slice@https://registry.npmjs.org/typedarray.prototype.slice/-/typedarray.prototype.slice-1.0.5.tgz. Extracting by manifest.
4694 silly tarball no local data for which-typed-array@https://registry.npmjs.org/which-typed-array/-/which-typed-array-1.1.20.tgz. Extracting by manifest.
4695 silly tarball no local data for is-number@https://registry.npmjs.org/is-number/-/is-number-7.0.0.tgz. Extracting by manifest.
4696 silly tarball no local data for util-deprecate@https://registry.npmjs.org/util-deprecate/-/util-deprecate-1.0.2.tgz. Extracting by manifest.
4697 silly tarball no local data for has-proto@https://registry.npmjs.org/has-proto/-/has-proto-1.2.0.tgz. Extracting by manifest.
4698 silly tarball no local data for object-keys@https://registry.npmjs.org/object-keys/-/object-keys-1.1.1.tgz. Extracting by manifest.
4699 silly tarball no local data for available-typed-arrays@https://registry.npmjs.org/available-typed-arrays/-/available-typed-arrays-1.0.7.tgz. Extracting by manifest.
4700 silly tarball no local data for string_decoder@https://registry.npmjs.org/string_decoder/-/string_decoder-1.1.1.tgz. Extracting by manifest.
4701 silly tarball no local data for isarray@https://registry.npmjs.org/isarray/-/isarray-1.0.0.tgz. Extracting by manifest.
4702 silly tarball no local data for process-nextick-args@https://registry.npmjs.org/process-nextick-args/-/process-nextick-args-2.0.1.tgz. Extracting by manifest.
4703 silly tarball no local data for core-util-is@https://registry.npmjs.org/core-util-is/-/core-util-is-1.0.3.tgz. Extracting by manifest.
4704 silly tarball no local data for xtend@https://registry.npmjs.org/xtend/-/xtend-4.0.2.tgz. Extracting by manifest.
4705 silly tarball no local data for readable-stream@https://registry.npmjs.org/readable-stream/-/readable-stream-2.3.8.tgz. Extracting by manifest.
4706 silly tarball no local data for thenify@https://registry.npmjs.org/thenify/-/thenify-3.3.1.tgz. Extracting by manifest.
4707 silly tarball no local data for ansi-escapes@https://registry.npmjs.org/ansi-escapes/-/ansi-escapes-4.3.2.tgz. Extracting by manifest.
4708 silly tarball no local data for supports-hyperlinks@https://registry.npmjs.org/supports-hyperlinks/-/supports-hyperlinks-2.3.0.tgz. Extracting by manifest.
4709 silly tarball no local data for is-path-cwd@https://registry.npmjs.org/is-path-cwd/-/is-path-cwd-2.2.0.tgz. Extracting by manifest.
4710 silly tarball no local data for unique-string@https://registry.npmjs.org/unique-string/-/unique-string-2.0.0.tgz. Extracting by manifest.
4711 silly tarball no local data for del@https://registry.npmjs.org/del/-/del-6.1.1.tgz. Extracting by manifest.
4712 silly tarball no local data for minizlib@https://registry.npmjs.org/minizlib/-/minizlib-2.1.2.tgz. Extracting by manifest.
4713 silly tarball no local data for @jridgewell/source-map@https://registry.npmjs.org/@jridgewell/source-map/-/source-map-0.3.11.tgz. Extracting by manifest.
4714 silly tarball no local data for chownr@https://registry.npmjs.org/chownr/-/chownr-2.0.0.tgz. Extracting by manifest.
4715 silly tarball no local data for has-flag@https://registry.npmjs.org/has-flag/-/has-flag-4.0.0.tgz. Extracting by manifest.
4716 silly tarball no local data for thenify-all@https://registry.npmjs.org/thenify-all/-/thenify-all-1.6.0.tgz. Extracting by manifest.
4717 silly tarball no local data for ts-interface-checker@https://registry.npmjs.org/ts-interface-checker/-/ts-interface-checker-0.1.13.tgz. Extracting by manifest.
4718 silly tarball no local data for any-promise@https://registry.npmjs.org/any-promise/-/any-promise-1.3.0.tgz. Extracting by manifest.
4719 silly tarball no local data for mz@https://registry.npmjs.org/mz/-/mz-2.7.0.tgz. Extracting by manifest.
4720 silly tarball no local data for lines-and-columns@https://registry.npmjs.org/lines-and-columns/-/lines-and-columns-1.2.4.tgz. Extracting by manifest.
4721 silly tarball no local data for buffer-from@https://registry.npmjs.org/buffer-from/-/buffer-from-1.1.2.tgz. Extracting by manifest.
4722 silly tarball no local data for astral-regex@https://registry.npmjs.org/astral-regex/-/astral-regex-1.0.0.tgz. Extracting by manifest.
4723 silly tarball no local data for is-fullwidth-code-point@https://registry.npmjs.org/is-fullwidth-code-point/-/is-fullwidth-code-point-2.0.0.tgz. Extracting by manifest.
4724 silly tarball no local data for range-parser@https://registry.npmjs.org/range-parser/-/range-parser-1.2.1.tgz. Extracting by manifest.
4725 silly tarball no local data for shebang-regex@https://registry.npmjs.org/shebang-regex/-/shebang-regex-3.0.0.tgz. Extracting by manifest.
4726 silly tarball no local data for setprototypeof@https://registry.npmjs.org/setprototypeof/-/setprototypeof-1.2.0.tgz. Extracting by manifest.
4727 silly tarball no local data for toidentifier@https://registry.npmjs.org/toidentifier/-/toidentifier-1.0.1.tgz. Extracting by manifest.
4728 silly tarball no local data for http-errors@https://registry.npmjs.org/http-errors/-/http-errors-2.0.0.tgz. Extracting by manifest.
4729 silly tarball no local data for fresh@https://registry.npmjs.org/fresh/-/fresh-0.5.2.tgz. Extracting by manifest.
4730 silly tarball no local data for etag@https://registry.npmjs.org/etag/-/etag-1.8.1.tgz. Extracting by manifest.
4731 silly tarball no local data for destroy@https://registry.npmjs.org/destroy/-/destroy-1.2.0.tgz. Extracting by manifest.
4732 silly tarball no local data for depd@https://registry.npmjs.org/depd/-/depd-2.0.0.tgz. Extracting by manifest.
4733 silly tarball no local data for @types/node-forge@https://registry.npmjs.org/@types/node-forge/-/node-forge-1.3.14.tgz. Extracting by manifest.
4734 silly tarball no local data for queue-microtask@https://registry.npmjs.org/queue-microtask/-/queue-microtask-1.2.3.tgz. Extracting by manifest.
4735 silly tarball no local data for mimic-fn@https://registry.npmjs.org/mimic-fn/-/mimic-fn-1.2.0.tgz. Extracting by manifest.
4736 silly tarball no local data for supports-preserve-symlinks-flag@https://registry.npmjs.org/supports-preserve-symlinks-flag/-/supports-preserve-symlinks-flag-1.0.0.tgz. Extracting by manifest.
4737 silly tarball no local data for onetime@https://registry.npmjs.org/onetime/-/onetime-2.0.1.tgz. Extracting by manifest.
4738 silly tarball no local data for deep-extend@https://registry.npmjs.org/deep-extend/-/deep-extend-0.6.0.tgz. Extracting by manifest.
4739 silly tarball no local data for path-parse@https://registry.npmjs.org/path-parse/-/path-parse-1.0.7.tgz. Extracting by manifest.
4740 silly tarball no local data for ini@https://registry.npmjs.org/ini/-/ini-1.3.8.tgz. Extracting by manifest.
4741 silly tarball no local data for rc@https://registry.npmjs.org/rc/-/rc-1.2.8.tgz. Extracting by manifest.
4742 silly tarball no local data for is-core-module@https://registry.npmjs.org/is-core-module/-/is-core-module-2.16.1.tgz. Extracting by manifest.
4743 silly tarball no local data for nested-error-stacks@https://registry.npmjs.org/nested-error-stacks/-/nested-error-stacks-2.0.1.tgz. Extracting by manifest.
4744 silly tarball no local data for unicode-match-property-value-ecmascript@https://registry.npmjs.org/unicode-match-property-value-ecmascript/-/unicode-match-property-value-ecmascript-2.2.1.tgz. Extracting by manifest.
4745 silly tarball no local data for regjsgen@https://registry.npmjs.org/regjsgen/-/regjsgen-0.8.0.tgz. Extracting by manifest.
4746 silly tarball no local data for regenerate-unicode-properties@https://registry.npmjs.org/regenerate-unicode-properties/-/regenerate-unicode-properties-10.2.2.tgz. Extracting by manifest.
4747 silly tarball no local data for unicode-match-property-ecmascript@https://registry.npmjs.org/unicode-match-property-ecmascript/-/unicode-match-property-ecmascript-2.0.0.tgz. Extracting by manifest.
4748 silly tarball no local data for regjsparser@https://registry.npmjs.org/regjsparser/-/regjsparser-0.13.0.tgz. Extracting by manifest.
4749 silly tarball no local data for regenerate@https://registry.npmjs.org/regenerate/-/regenerate-1.4.2.tgz. Extracting by manifest.
4750 silly tarball no local data for esprima@https://registry.npmjs.org/esprima/-/esprima-4.0.1.tgz. Extracting by manifest.
4751 silly tarball no local data for ast-types@https://registry.npmjs.org/ast-types/-/ast-types-0.15.2.tgz. Extracting by manifest.
4752 silly tarball no local data for is-arrayish@https://registry.npmjs.org/is-arrayish/-/is-arrayish-0.2.1.tgz. Extracting by manifest.
4753 silly tarball no local data for json-parse-better-errors@https://registry.npmjs.org/json-parse-better-errors/-/json-parse-better-errors-1.0.2.tgz. Extracting by manifest.
4754 silly tarball no local data for error-ex@https://registry.npmjs.org/error-ex/-/error-ex-1.3.4.tgz. Extracting by manifest.
4755 silly tarball no local data for metro-minify-terser@https://registry.npmjs.org/metro-minify-terser/-/metro-minify-terser-0.80.12.tgz. Extracting by manifest.
4756 silly tarball no local data for terser@https://registry.npmjs.org/terser/-/terser-5.46.0.tgz. Extracting by manifest.
4757 silly tarball no local data for through2@https://registry.npmjs.org/through2/-/through2-2.0.5.tgz. Extracting by manifest.
4758 silly tarball no local data for react-freeze@https://registry.npmjs.org/react-freeze/-/react-freeze-1.0.4.tgz. Extracting by manifest.
4759 silly tarball no local data for ob1@https://registry.npmjs.org/ob1/-/ob1-0.80.12.tgz. Extracting by manifest.
4760 silly tarball no local data for node-int64@https://registry.npmjs.org/node-int64/-/node-int64-0.4.0.tgz. Extracting by manifest.
4761 silly tarball no local data for bser@https://registry.npmjs.org/bser/-/bser-2.1.1.tgz. Extracting by manifest.
4762 silly tarball no local data for walker@https://registry.npmjs.org/walker/-/walker-1.0.8.tgz. Extracting by manifest.
4763 silly tarball no local data for node-abort-controller@https://registry.npmjs.org/node-abort-controller/-/node-abort-controller-3.1.1.tgz. Extracting by manifest.
4764 silly tarball no local data for normalize-path@https://registry.npmjs.org/normalize-path/-/normalize-path-3.0.0.tgz. Extracting by manifest.
4765 silly tarball no local data for fb-watchman@https://registry.npmjs.org/fb-watchman/-/fb-watchman-2.0.2.tgz. Extracting by manifest.
4766 silly tarball no local data for fsevents@https://registry.npmjs.org/fsevents/-/fsevents-2.3.3.tgz. Extracting by manifest.
4767 silly tarball no local data for anymatch@https://registry.npmjs.org/anymatch/-/anymatch-3.1.3.tgz. Extracting by manifest.
4768 silly tarball no local data for leven@https://registry.npmjs.org/leven/-/leven-3.1.0.tgz. Extracting by manifest.
4769 silly tarball no local data for jest-get-type@https://registry.npmjs.org/jest-get-type/-/jest-get-type-29.6.3.tgz. Extracting by manifest.
4770 silly tarball no local data for jest-validate@https://registry.npmjs.org/jest-validate/-/jest-validate-29.7.0.tgz. Extracting by manifest.
4771 silly tarball no local data for camelcase@https://registry.npmjs.org/camelcase/-/camelcase-6.3.0.tgz. Extracting by manifest.
4772 silly tarball no local data for merge-stream@https://registry.npmjs.org/merge-stream/-/merge-stream-2.0.0.tgz. Extracting by manifest.
4773 silly tarball no local data for exponential-backoff@https://registry.npmjs.org/exponential-backoff/-/exponential-backoff-3.1.3.tgz. Extracting by manifest.
4774 silly tarball no local data for stackframe@https://registry.npmjs.org/stackframe/-/stackframe-1.3.4.tgz. Extracting by manifest.
4775 silly tarball no local data for metro-transform-worker@https://registry.npmjs.org/metro-transform-worker/-/metro-transform-worker-0.80.12.tgz. Extracting by manifest.
4776 silly tarball no local data for throat@https://registry.npmjs.org/throat/-/throat-5.0.0.tgz. Extracting by manifest.
4777 silly tarball no local data for metro-transform-plugins@https://registry.npmjs.org/metro-transform-plugins/-/metro-transform-plugins-0.80.12.tgz. Extracting by manifest.
4778 silly tarball no local data for metro-symbolicate@https://registry.npmjs.org/metro-symbolicate/-/metro-symbolicate-0.80.12.tgz. Extracting by manifest.
4779 silly tarball no local data for metro-file-map@https://registry.npmjs.org/metro-file-map/-/metro-file-map-0.80.12.tgz. Extracting by manifest.
4780 silly tarball no local data for queue@https://registry.npmjs.org/queue/-/queue-6.0.2.tgz. Extracting by manifest.
4781 silly tarball no local data for metro-resolver@https://registry.npmjs.org/metro-resolver/-/metro-resolver-0.80.12.tgz. Extracting by manifest.
4782 silly tarball no local data for metro-cache-key@https://registry.npmjs.org/metro-cache-key/-/metro-cache-key-0.80.12.tgz. Extracting by manifest.
4783 silly tarball no local data for vlq@https://registry.npmjs.org/vlq/-/vlq-1.0.1.tgz. Extracting by manifest.
4784 silly tarball no local data for metro-cache@https://registry.npmjs.org/metro-cache/-/metro-cache-0.80.12.tgz. Extracting by manifest.
4785 silly tarball no local data for metro-babel-transformer@https://registry.npmjs.org/metro-babel-transformer/-/metro-babel-transformer-0.80.12.tgz. Extracting by manifest.
4786 silly tarball no local data for lodash.throttle@https://registry.npmjs.org/lodash.throttle/-/lodash.throttle-4.1.1.tgz. Extracting by manifest.
4787 silly tarball no local data for jest-worker@https://registry.npmjs.org/jest-worker/-/jest-worker-29.7.0.tgz. Extracting by manifest.
4788 silly tarball no local data for image-size@https://registry.npmjs.org/image-size/-/image-size-1.2.1.tgz. Extracting by manifest.
4789 silly tarball no local data for denodeify@https://registry.npmjs.org/denodeify/-/denodeify-1.2.1.tgz. Extracting by manifest.
4790 silly tarball no local data for error-stack-parser@https://registry.npmjs.org/error-stack-parser/-/error-stack-parser-2.1.4.tgz. Extracting by manifest.
4791 silly tarball no local data for slice-ansi@https://registry.npmjs.org/slice-ansi/-/slice-ansi-2.1.0.tgz. Extracting by manifest.
4792 silly tarball no local data for dayjs@https://registry.npmjs.org/dayjs/-/dayjs-1.11.19.tgz. Extracting by manifest.
4793 silly tarball no local data for serialize-error@https://registry.npmjs.org/serialize-error/-/serialize-error-2.1.0.tgz. Extracting by manifest.
4794 silly tarball no local data for colorette@https://registry.npmjs.org/colorette/-/colorette-1.4.0.tgz. Extracting by manifest.
4795 silly tarball no local data for ansi-fragments@https://registry.npmjs.org/ansi-fragments/-/ansi-fragments-0.2.1.tgz. Extracting by manifest.
4796 silly tarball no local data for @sideway/formula@https://registry.npmjs.org/@sideway/formula/-/formula-3.0.1.tgz. Extracting by manifest.
4797 silly tarball no local data for @sideway/pinpoint@https://registry.npmjs.org/@sideway/pinpoint/-/pinpoint-2.0.0.tgz. Extracting by manifest.
4798 silly tarball no local data for @sideway/address@https://registry.npmjs.org/@sideway/address/-/address-4.1.5.tgz. Extracting by manifest.
4799 silly tarball no local data for @hapi/hoek@https://registry.npmjs.org/@hapi/hoek/-/hoek-9.3.0.tgz. Extracting by manifest.
4800 silly tarball no local data for @hapi/topo@https://registry.npmjs.org/@hapi/topo/-/topo-5.1.0.tgz. Extracting by manifest.
4801 silly tarball no local data for stack-utils@https://registry.npmjs.org/stack-utils/-/stack-utils-2.0.6.tgz. Extracting by manifest.
4802 silly tarball no local data for type-detect@https://registry.npmjs.org/type-detect/-/type-detect-4.0.8.tgz. Extracting by manifest.
4803 silly tarball no local data for @sinonjs/commons@https://registry.npmjs.org/@sinonjs/commons/-/commons-3.0.1.tgz. Extracting by manifest.
4804 silly tarball no local data for jest-message-util@https://registry.npmjs.org/jest-message-util/-/jest-message-util-29.7.0.tgz. Extracting by manifest.
4805 silly tarball no local data for @sinonjs/fake-timers@https://registry.npmjs.org/@sinonjs/fake-timers/-/fake-timers-10.3.0.tgz. Extracting by manifest.
4806 silly tarball no local data for jest-mock@https://registry.npmjs.org/jest-mock/-/jest-mock-29.7.0.tgz. Extracting by manifest.
4807 silly tarball no local data for @jest/fake-timers@https://registry.npmjs.org/@jest/fake-timers/-/fake-timers-29.7.0.tgz. Extracting by manifest.
4808 silly tarball no local data for jest-util@https://registry.npmjs.org/jest-util/-/jest-util-29.7.0.tgz. Extracting by manifest.
4809 silly tarball no local data for source-map@https://registry.npmjs.org/source-map/-/source-map-0.7.6.tgz. Extracting by manifest.
4810 silly tarball no local data for hermes-estree@https://registry.npmjs.org/hermes-estree/-/hermes-estree-0.19.1.tgz. Extracting by manifest.
4811 silly tarball no local data for strnum@https://registry.npmjs.org/strnum/-/strnum-1.1.2.tgz. Extracting by manifest.
4812 silly tarball no local data for vary@https://registry.npmjs.org/vary/-/vary-1.1.2.tgz. Extracting by manifest.
4813 silly tarball no local data for @jest/environment@https://registry.npmjs.org/@jest/environment/-/environment-29.7.0.tgz. Extracting by manifest.
4814 silly tarball no local data for parse-json@https://registry.npmjs.org/parse-json/-/parse-json-4.0.0.tgz. Extracting by manifest.
4815 silly tarball no local data for is-directory@https://registry.npmjs.org/is-directory/-/is-directory-0.3.1.tgz. Extracting by manifest.
4816 silly tarball no local data for safe-buffer@https://registry.npmjs.org/safe-buffer/-/safe-buffer-5.2.1.tgz. Extracting by manifest.
4817 silly tarball no local data for on-headers@https://registry.npmjs.org/on-headers/-/on-headers-1.1.0.tgz. Extracting by manifest.
4818 silly tarball no local data for bytes@https://registry.npmjs.org/bytes/-/bytes-3.1.2.tgz. Extracting by manifest.
4819 silly tarball no local data for compressible@https://registry.npmjs.org/compressible/-/compressible-2.0.18.tgz. Extracting by manifest.
4820 silly tarball no local data for define-properties@https://registry.npmjs.org/define-properties/-/define-properties-1.2.1.tgz. Extracting by manifest.
4821 silly tarball no local data for @types/istanbul-lib-report@https://registry.npmjs.org/@types/istanbul-lib-report/-/istanbul-lib-report-3.0.3.tgz. Extracting by manifest.
4822 silly tarball no local data for @types/yargs-parser@https://registry.npmjs.org/@types/yargs-parser/-/yargs-parser-21.0.3.tgz. Extracting by manifest.
4823 silly tarball no local data for readline@https://registry.npmjs.org/readline/-/readline-1.3.0.tgz. Extracting by manifest.
4824 silly tarball no local data for querystring@https://registry.npmjs.org/querystring/-/querystring-0.2.1.tgz. Extracting by manifest.
4825 silly tarball no local data for hermes-parser@https://registry.npmjs.org/hermes-parser/-/hermes-parser-0.19.1.tgz. Extracting by manifest.
4826 silly tarball no local data for metro-core@https://registry.npmjs.org/metro-core/-/metro-core-0.80.12.tgz. Extracting by manifest.
4827 silly tarball no local data for metro-config@https://registry.npmjs.org/metro-config/-/metro-config-0.80.12.tgz. Extracting by manifest.
4828 silly tarball no local data for metro@https://registry.npmjs.org/metro/-/metro-0.80.12.tgz. Extracting by manifest.
4829 silly tarball no local data for @react-native/metro-babel-transformer@https://registry.npmjs.org/@react-native/metro-babel-transformer/-/metro-babel-transformer-0.74.83.tgz. Extracting by manifest.
4830 silly tarball no local data for @types/stack-utils@https://registry.npmjs.org/@types/stack-utils/-/stack-utils-2.0.3.tgz. Extracting by manifest.
4831 silly tarball no local data for shell-quote@https://registry.npmjs.org/shell-quote/-/shell-quote-1.8.3.tgz. Extracting by manifest.
4832 silly tarball no local data for sudo-prompt@https://registry.npmjs.org/sudo-prompt/-/sudo-prompt-9.2.1.tgz. Extracting by manifest.
4833 silly tarball no local data for mime@https://registry.npmjs.org/mime/-/mime-2.6.0.tgz. Extracting by manifest.
4834 silly tarball no local data for nocache@https://registry.npmjs.org/nocache/-/nocache-3.0.4.tgz. Extracting by manifest.
4835 silly tarball no local data for errorhandler@https://registry.npmjs.org/errorhandler/-/errorhandler-1.5.2.tgz. Extracting by manifest.
4836 silly tarball no local data for appdirsjs@https://registry.npmjs.org/appdirsjs/-/appdirsjs-1.2.7.tgz. Extracting by manifest.
4837 silly tarball no local data for logkitty@https://registry.npmjs.org/logkitty/-/logkitty-0.7.1.tgz. Extracting by manifest.
4838 silly tarball no local data for fast-xml-parser@https://registry.npmjs.org/fast-xml-parser/-/fast-xml-parser-4.5.3.tgz. Extracting by manifest.
4839 silly tarball no local data for node-stream-zip@https://registry.npmjs.org/node-stream-zip/-/node-stream-zip-1.15.0.tgz. Extracting by manifest.
4840 silly tarball no local data for yaml@https://registry.npmjs.org/yaml/-/yaml-2.8.2.tgz. Extracting by manifest.
4841 silly tarball no local data for hermes-profile-transformer@https://registry.npmjs.org/hermes-profile-transformer/-/hermes-profile-transformer-0.0.6.tgz. Extracting by manifest.
4842 silly tarball no local data for envinfo@https://registry.npmjs.org/envinfo/-/envinfo-7.21.0.tgz. Extracting by manifest.
4843 silly tarball no local data for command-exists@https://registry.npmjs.org/command-exists/-/command-exists-1.2.9.tgz. Extracting by manifest.
4844 silly tarball no local data for @react-native-community/cli-platform-apple@https://registry.npmjs.org/@react-native-community/cli-platform-apple/-/cli-platform-apple-13.6.6.tgz. Extracting by manifest.
4845 silly tarball no local data for joi@https://registry.npmjs.org/joi/-/joi-17.13.3.tgz. Extracting by manifest.
4846 silly tarball no local data for deepmerge@https://registry.npmjs.org/deepmerge/-/deepmerge-4.3.1.tgz. Extracting by manifest.
4847 silly tarball no local data for cosmiconfig@https://registry.npmjs.org/cosmiconfig/-/cosmiconfig-5.2.1.tgz. Extracting by manifest.
4848 silly tarball no local data for compression@https://registry.npmjs.org/compression/-/compression-1.8.1.tgz. Extracting by manifest.
4849 silly tarball no local data for @react-native-community/cli-types@https://registry.npmjs.org/@react-native-community/cli-types/-/cli-types-13.6.6.tgz. Extracting by manifest.
4850 silly tarball no local data for @react-native-community/cli-tools@https://registry.npmjs.org/@react-native-community/cli-tools/-/cli-tools-13.6.6.tgz. Extracting by manifest.
4851 silly tarball no local data for @react-native-community/cli-hermes@https://registry.npmjs.org/@react-native-community/cli-hermes/-/cli-hermes-13.6.6.tgz. Extracting by manifest.
4852 silly tarball no local data for @react-native-community/cli-server-api@https://registry.npmjs.org/@react-native-community/cli-server-api/-/cli-server-api-13.6.6.tgz. Extracting by manifest.
4853 silly tarball no local data for @react-native-community/cli-debugger-ui@https://registry.npmjs.org/@react-native-community/cli-debugger-ui/-/cli-debugger-ui-13.6.6.tgz. Extracting by manifest.
4854 silly tarball no local data for @react-native-community/cli-doctor@https://registry.npmjs.org/@react-native-community/cli-doctor/-/cli-doctor-13.6.6.tgz. Extracting by manifest.
4855 silly tarball no local data for @react-native-community/cli-config@https://registry.npmjs.org/@react-native-community/cli-config/-/cli-config-13.6.6.tgz. Extracting by manifest.
4856 silly tarball no local data for @sinclair/typebox@https://registry.npmjs.org/@sinclair/typebox/-/typebox-0.27.8.tgz. Extracting by manifest.
4857 silly tarball no local data for @react-native-community/cli-clean@https://registry.npmjs.org/@react-native-community/cli-clean/-/cli-clean-13.6.6.tgz. Extracting by manifest.
4858 silly tarball no local data for @types/yargs@https://registry.npmjs.org/@types/yargs/-/yargs-17.0.35.tgz. Extracting by manifest.
4859 silly tarball no local data for @jest/schemas@https://registry.npmjs.org/@jest/schemas/-/schemas-29.6.3.tgz. Extracting by manifest.
4860 silly tarball no local data for @types/istanbul-lib-coverage@https://registry.npmjs.org/@types/istanbul-lib-coverage/-/istanbul-lib-coverage-2.0.6.tgz. Extracting by manifest.
4861 silly tarball no local data for @types/istanbul-reports@https://registry.npmjs.org/@types/istanbul-reports/-/istanbul-reports-3.0.4.tgz. Extracting by manifest.
4862 silly tarball no local data for @jest/types@https://registry.npmjs.org/@jest/types/-/types-29.6.3.tgz. Extracting by manifest.
4863 silly tarball no local data for scheduler@https://registry.npmjs.org/scheduler/-/scheduler-0.24.0-canary-efb381bbf-20230505.tgz. Extracting by manifest.
4864 silly tarball no local data for regenerator-runtime@https://registry.npmjs.org/regenerator-runtime/-/regenerator-runtime-0.13.11.tgz. Extracting by manifest.
4865 silly tarball no local data for whatwg-fetch@https://registry.npmjs.org/whatwg-fetch/-/whatwg-fetch-3.6.20.tgz. Extracting by manifest.
4866 silly tarball no local data for react-shallow-renderer@https://registry.npmjs.org/react-shallow-renderer/-/react-shallow-renderer-16.15.0.tgz. Extracting by manifest.
4867 silly tarball no local data for react-devtools-core@https://registry.npmjs.org/react-devtools-core/-/react-devtools-core-5.3.2.tgz. Extracting by manifest.
4868 silly tarball no local data for metro-source-map@https://registry.npmjs.org/metro-source-map/-/metro-source-map-0.80.12.tgz. Extracting by manifest.
4869 silly tarball no local data for metro-runtime@https://registry.npmjs.org/metro-runtime/-/metro-runtime-0.80.12.tgz. Extracting by manifest.
4870 silly tarball no local data for yargs@https://registry.npmjs.org/yargs/-/yargs-17.7.2.tgz. Extracting by manifest.
4871 silly tarball no local data for memoize-one@https://registry.npmjs.org/memoize-one/-/memoize-one-5.2.1.tgz. Extracting by manifest.
4872 silly tarball no local data for jest-environment-node@https://registry.npmjs.org/jest-environment-node/-/jest-environment-node-29.7.0.tgz. Extracting by manifest.
4873 silly tarball no local data for jsc-android@https://registry.npmjs.org/jsc-android/-/jsc-android-250231.0.0.tgz. Extracting by manifest.
4874 silly tarball no local data for flow-enums-runtime@https://registry.npmjs.org/flow-enums-runtime/-/flow-enums-runtime-0.0.6.tgz. Extracting by manifest.
4875 silly tarball no local data for event-target-shim@https://registry.npmjs.org/event-target-shim/-/event-target-shim-5.0.1.tgz. Extracting by manifest.
4876 silly tarball no local data for ansi-regex@https://registry.npmjs.org/ansi-regex/-/ansi-regex-5.0.1.tgz. Extracting by manifest.
4877 silly tarball no local data for anser@https://registry.npmjs.org/anser/-/anser-1.4.10.tgz. Extracting by manifest.
4878 silly tarball no local data for @react-native/virtualized-lists@https://registry.npmjs.org/@react-native/virtualized-lists/-/virtualized-lists-0.74.83.tgz. Extracting by manifest.
4879 silly tarball no local data for abort-controller@https://registry.npmjs.org/abort-controller/-/abort-controller-3.0.0.tgz. Extracting by manifest.
4880 silly tarball no local data for @react-native/js-polyfills@https://registry.npmjs.org/@react-native/js-polyfills/-/js-polyfills-0.74.83.tgz. Extracting by manifest.
4881 silly tarball no local data for @react-native/gradle-plugin@https://registry.npmjs.org/@react-native/gradle-plugin/-/gradle-plugin-0.74.83.tgz. Extracting by manifest.
4882 silly tarball no local data for @react-native/assets-registry@https://registry.npmjs.org/@react-native/assets-registry/-/assets-registry-0.74.83.tgz. Extracting by manifest.
4883 silly tarball no local data for @react-native-community/cli-platform-ios@https://registry.npmjs.org/@react-native-community/cli-platform-ios/-/cli-platform-ios-13.6.6.tgz. Extracting by manifest.
4884 silly tarball no local data for @react-native-community/cli-platform-android@https://registry.npmjs.org/@react-native-community/cli-platform-android/-/cli-platform-android-13.6.6.tgz. Extracting by manifest.
4885 silly tarball no local data for pretty-format@https://registry.npmjs.org/pretty-format/-/pretty-format-26.6.2.tgz. Extracting by manifest.
4886 silly tarball no local data for @react-native-community/cli@https://registry.npmjs.org/@react-native-community/cli/-/cli-13.6.6.tgz. Extracting by manifest.
4887 silly tarball no local data for @jest/create-cache-key-function@https://registry.npmjs.org/@jest/create-cache-key-function/-/create-cache-key-function-29.7.0.tgz. Extracting by manifest.
4888 silly tarball no local data for strict-uri-encode@https://registry.npmjs.org/strict-uri-encode/-/strict-uri-encode-2.0.0.tgz. Extracting by manifest.
4889 silly tarball no local data for split-on-first@https://registry.npmjs.org/split-on-first/-/split-on-first-1.1.0.tgz. Extracting by manifest.
4890 silly tarball no local data for filter-obj@https://registry.npmjs.org/filter-obj/-/filter-obj-1.1.0.tgz. Extracting by manifest.
4891 silly tarball no local data for decode-uri-component@https://registry.npmjs.org/decode-uri-component/-/decode-uri-component-0.2.2.tgz. Extracting by manifest.
4892 silly tarball no local data for end-of-stream@https://registry.npmjs.org/end-of-stream/-/end-of-stream-1.4.5.tgz. Extracting by manifest.
4893 silly tarball no local data for asap@https://registry.npmjs.org/asap/-/asap-2.0.6.tgz. Extracting by manifest.
4894 silly tarball no local data for sisteransi@https://registry.npmjs.org/sisteransi/-/sisteransi-1.0.5.tgz. Extracting by manifest.
4895 silly tarball no local data for kleur@https://registry.npmjs.org/kleur/-/kleur-3.0.3.tgz. Extracting by manifest.
4896 silly tarball no local data for pngjs@https://registry.npmjs.org/pngjs/-/pngjs-3.4.0.tgz. Extracting by manifest.
4897 silly tarball no local data for source-map-js@https://registry.npmjs.org/source-map-js/-/source-map-js-1.2.1.tgz. Extracting by manifest.
4898 silly tarball no local data for callsites@https://registry.npmjs.org/callsites/-/callsites-3.1.0.tgz. Extracting by manifest.
4899 silly tarball no local data for indent-string@https://registry.npmjs.org/indent-string/-/indent-string-4.0.0.tgz. Extracting by manifest.
4900 silly tarball no local data for clean-stack@https://registry.npmjs.org/clean-stack/-/clean-stack-2.2.0.tgz. Extracting by manifest.
4901 silly tarball no local data for aggregate-error@https://registry.npmjs.org/aggregate-error/-/aggregate-error-3.1.0.tgz. Extracting by manifest.
4902 silly tarball no local data for yocto-queue@https://registry.npmjs.org/yocto-queue/-/yocto-queue-0.1.0.tgz. Extracting by manifest.
4903 silly tarball no local data for p-limit@https://registry.npmjs.org/p-limit/-/p-limit-3.1.0.tgz. Extracting by manifest.
4904 silly tarball no local data for os-tmpdir@https://registry.npmjs.org/os-tmpdir/-/os-tmpdir-1.0.2.tgz. Extracting by manifest.
4905 silly tarball no local data for os-homedir@https://registry.npmjs.org/os-homedir/-/os-homedir-1.0.2.tgz. Extracting by manifest.
4906 silly tarball no local data for wcwidth@https://registry.npmjs.org/wcwidth/-/wcwidth-1.0.1.tgz. Extracting by manifest.
4907 silly tarball no local data for restore-cursor@https://registry.npmjs.org/restore-cursor/-/restore-cursor-2.0.0.tgz. Extracting by manifest.
4908 silly tarball no local data for cli-spinners@https://registry.npmjs.org/cli-spinners/-/cli-spinners-2.9.2.tgz. Extracting by manifest.
4909 silly tarball no local data for word-wrap@https://registry.npmjs.org/word-wrap/-/word-wrap-1.2.5.tgz. Extracting by manifest.
4910 silly tarball no local data for cli-cursor@https://registry.npmjs.org/cli-cursor/-/cli-cursor-2.1.0.tgz. Extracting by manifest.
4911 silly tarball no local data for @react-native/community-cli-plugin@https://registry.npmjs.org/@react-native/community-cli-plugin/-/community-cli-plugin-0.74.83.tgz. Extracting by manifest.
4912 silly tarball no local data for define-lazy-prop@https://registry.npmjs.org/define-lazy-prop/-/define-lazy-prop-2.0.0.tgz. Extracting by manifest.
4913 silly tarball no local data for deep-is@https://registry.npmjs.org/deep-is/-/deep-is-0.1.4.tgz. Extracting by manifest.
4914 silly tarball no local data for ee-first@https://registry.npmjs.org/ee-first/-/ee-first-1.1.1.tgz. Extracting by manifest.
4915 silly tarball no local data for validate-npm-package-name@https://registry.npmjs.org/validate-npm-package-name/-/validate-npm-package-name-3.0.0.tgz. Extracting by manifest.
4916 silly tarball no local data for osenv@https://registry.npmjs.org/osenv/-/osenv-0.1.5.tgz. Extracting by manifest.
4917 silly tarball no local data for hosted-git-info@https://registry.npmjs.org/hosted-git-info/-/hosted-git-info-3.0.8.tgz. Extracting by manifest.
4918 silly tarball no local data for whatwg-url@https://registry.npmjs.org/whatwg-url/-/whatwg-url-5.0.0.tgz. Extracting by manifest.
4919 silly tarball no local data for brace-expansion@https://registry.npmjs.org/brace-expansion/-/brace-expansion-2.0.2.tgz. Extracting by manifest.
4920 silly tarball no local data for balanced-match@https://registry.npmjs.org/balanced-match/-/balanced-match-1.0.2.tgz. Extracting by manifest.
4921 silly tarball no local data for mime-db@https://registry.npmjs.org/mime-db/-/mime-db-1.52.0.tgz. Extracting by manifest.
4922 silly tarball no local data for minimist@https://registry.npmjs.org/minimist/-/minimist-1.2.8.tgz. Extracting by manifest.
4923 silly tarball no local data for fill-range@https://registry.npmjs.org/fill-range/-/fill-range-7.1.1.tgz. Extracting by manifest.
4924 silly tarball no local data for fast-levenshtein@https://registry.npmjs.org/fast-levenshtein/-/fast-levenshtein-2.0.6.tgz. Extracting by manifest.
4925 silly tarball no local data for braces@https://registry.npmjs.org/braces/-/braces-3.0.3.tgz. Extracting by manifest.
4926 silly tarball no local data for buffer-alloc-unsafe@https://registry.npmjs.org/buffer-alloc-unsafe/-/buffer-alloc-unsafe-1.1.0.tgz. Extracting by manifest.
4927 silly tarball no local data for buffer-alloc@https://registry.npmjs.org/buffer-alloc/-/buffer-alloc-1.2.0.tgz. Extracting by manifest.
4928 silly tarball no local data for buffer-fill@https://registry.npmjs.org/buffer-fill/-/buffer-fill-1.0.0.tgz. Extracting by manifest.
4929 silly tarball no local data for is-buffer@https://registry.npmjs.org/is-buffer/-/is-buffer-1.1.6.tgz. Extracting by manifest.
4930 silly tarball no local data for charenc@https://registry.npmjs.org/charenc/-/charenc-0.0.2.tgz. Extracting by manifest.
4931 silly tarball no local data for yallist@https://registry.npmjs.org/yallist/-/yallist-3.1.1.tgz. Extracting by manifest.
4932 silly tarball no local data for pify@https://registry.npmjs.org/pify/-/pify-4.0.1.tgz. Extracting by manifest.
4933 silly tarball no local data for p-locate@https://registry.npmjs.org/p-locate/-/p-locate-5.0.0.tgz. Extracting by manifest.
4934 silly tarball no local data for lightningcss-darwin-x64@https://registry.npmjs.org/lightningcss-darwin-x64/-/lightningcss-darwin-x64-1.19.0.tgz. Extracting by manifest.
4935 silly tarball no local data for marky@https://registry.npmjs.org/marky/-/marky-1.3.0.tgz. Extracting by manifest.
4936 silly tarball no local data for prelude-ls@https://registry.npmjs.org/prelude-ls/-/prelude-ls-1.2.1.tgz. Extracting by manifest.
4937 silly tarball no local data for detect-libc@https://registry.npmjs.org/detect-libc/-/detect-libc-1.0.3.tgz. Extracting by manifest.
4938 silly tarball no local data for json-buffer@https://registry.npmjs.org/json-buffer/-/json-buffer-3.0.1.tgz. Extracting by manifest.
4939 silly tarball no local data for valid-url@https://registry.npmjs.org/valid-url/-/valid-url-1.0.9.tgz. Extracting by manifest.
4940 silly tarball no local data for is-invalid-path@https://registry.npmjs.org/is-invalid-path/-/is-invalid-path-0.1.0.tgz. Extracting by manifest.
4941 silly tarball no local data for traverse@https://registry.npmjs.org/traverse/-/traverse-0.6.11.tgz. Extracting by manifest.
4942 silly tarball no local data for memory-cache@https://registry.npmjs.org/memory-cache/-/memory-cache-0.2.0.tgz. Extracting by manifest.
4943 silly tarball no local data for lodash@https://registry.npmjs.org/lodash/-/lodash-4.17.21.tgz. Extracting by manifest.
4944 silly tarball no local data for is-valid-path@https://registry.npmjs.org/is-valid-path/-/is-valid-path-0.1.1.tgz. Extracting by manifest.
4945 silly tarball no local data for dag-map@https://registry.npmjs.org/dag-map/-/dag-map-1.0.2.tgz. Extracting by manifest.
4946 silly tarball no local data for clone@https://registry.npmjs.org/clone/-/clone-2.1.2.tgz. Extracting by manifest.
4947 silly tarball no local data for isobject@https://registry.npmjs.org/isobject/-/isobject-3.0.1.tgz. Extracting by manifest.
4948 silly tarball no local data for pkg-dir@https://registry.npmjs.org/pkg-dir/-/pkg-dir-3.0.0.tgz. Extracting by manifest.
4949 silly tarball no local data for commondir@https://registry.npmjs.org/commondir/-/commondir-1.0.1.tgz. Extracting by manifest.
4950 silly tarball no local data for shallow-clone@https://registry.npmjs.org/shallow-clone/-/shallow-clone-3.0.1.tgz. Extracting by manifest.
4951 silly tarball no local data for kind-of@https://registry.npmjs.org/kind-of/-/kind-of-6.0.3.tgz. Extracting by manifest.
4952 silly tarball no local data for is-plain-object@https://registry.npmjs.org/is-plain-object/-/is-plain-object-2.0.4.tgz. Extracting by manifest.
4953 silly tarball no local data for make-dir@https://registry.npmjs.org/make-dir/-/make-dir-2.1.0.tgz. Extracting by manifest.
4954 silly tarball no local data for pirates@https://registry.npmjs.org/pirates/-/pirates-4.0.7.tgz. Extracting by manifest.
4955 silly tarball no local data for find-cache-dir@https://registry.npmjs.org/find-cache-dir/-/find-cache-dir-2.1.0.tgz. Extracting by manifest.
4956 silly tarball no local data for clone-deep@https://registry.npmjs.org/clone-deep/-/clone-deep-4.0.1.tgz. Extracting by manifest.
4957 silly tarball no local data for type-check@https://registry.npmjs.org/type-check/-/type-check-0.4.0.tgz. Extracting by manifest.
4958 silly tarball no local data for temp@https://registry.npmjs.org/temp/-/temp-0.8.4.tgz. Extracting by manifest.
4959 silly tarball no local data for node-dir@https://registry.npmjs.org/node-dir/-/node-dir-0.1.17.tgz. Extracting by manifest.
4960 silly tarball no local data for recast@https://registry.npmjs.org/recast/-/recast-0.21.5.tgz. Extracting by manifest.
4961 silly tarball no local data for neo-async@https://registry.npmjs.org/neo-async/-/neo-async-2.6.2.tgz. Extracting by manifest.
4962 silly tarball no local data for babel-core@https://registry.npmjs.org/babel-core/-/babel-core-7.0.0-bridge.0.tgz. Extracting by manifest.
4963 silly tarball no local data for @babel/register@https://registry.npmjs.org/@babel/register/-/register-7.28.6.tgz. Extracting by manifest.
4964 silly tarball no local data for crypt@https://registry.npmjs.org/crypt/-/crypt-0.0.2.tgz. Extracting by manifest.
4965 silly tarball no local data for @babel/preset-typescript@https://registry.npmjs.org/@babel/preset-typescript/-/preset-typescript-7.28.5.tgz. Extracting by manifest.
4966 silly tarball no local data for @babel/preset-flow@https://registry.npmjs.org/@babel/preset-flow/-/preset-flow-7.27.1.tgz. Extracting by manifest.
4967 silly tarball no local data for is-extglob@https://registry.npmjs.org/is-extglob/-/is-extglob-2.1.1.tgz. Extracting by manifest.
4968 silly tarball no local data for pump@https://registry.npmjs.org/pump/-/pump-3.0.3.tgz. Extracting by manifest.
4969 silly tarball no local data for strip-eof@https://registry.npmjs.org/strip-eof/-/strip-eof-1.0.0.tgz. Extracting by manifest.
4970 silly tarball no local data for signal-exit@https://registry.npmjs.org/signal-exit/-/signal-exit-3.0.7.tgz. Extracting by manifest.
4971 silly tarball no local data for p-finally@https://registry.npmjs.org/p-finally/-/p-finally-1.0.0.tgz. Extracting by manifest.
4972 silly tarball no local data for npm-run-path@https://registry.npmjs.org/npm-run-path/-/npm-run-path-2.0.2.tgz. Extracting by manifest.
4973 silly tarball no local data for is-stream@https://registry.npmjs.org/is-stream/-/is-stream-1.1.0.tgz. Extracting by manifest.
4974 silly tarball no local data for get-stream@https://registry.npmjs.org/get-stream/-/get-stream-4.1.0.tgz. Extracting by manifest.
4975 silly tarball no local data for ip-regex@https://registry.npmjs.org/ip-regex/-/ip-regex-2.1.0.tgz. Extracting by manifest.
4976 silly tarball no local data for ipaddr.js@https://registry.npmjs.org/ipaddr.js/-/ipaddr.js-1.9.1.tgz. Extracting by manifest.
4977 silly tarball no local data for wrappy@https://registry.npmjs.org/wrappy/-/wrappy-1.0.2.tgz. Extracting by manifest.
4978 silly tarball no local data for parent-module@https://registry.npmjs.org/parent-module/-/parent-module-1.0.1.tgz. Extracting by manifest.
4979 silly tarball no local data for log-symbols@https://registry.npmjs.org/log-symbols/-/log-symbols-2.2.0.tgz. Extracting by manifest.
4980 silly tarball no local data for agent-base@https://registry.npmjs.org/agent-base/-/agent-base-6.0.2.tgz. Extracting by manifest.
4981 silly tarball no local data for argparse@https://registry.npmjs.org/argparse/-/argparse-2.0.1.tgz. Extracting by manifest.
4982 silly tarball no local data for tslib@https://registry.npmjs.org/tslib/-/tslib-2.8.1.tgz. Extracting by manifest.
4983 silly tarball no local data for type-fest@https://registry.npmjs.org/type-fest/-/type-fest-0.20.2.tgz. Extracting by manifest.
4984 silly tarball no local data for dir-glob@https://registry.npmjs.org/dir-glob/-/dir-glob-3.0.1.tgz. Extracting by manifest.
4985 silly tarball no local data for array-union@https://registry.npmjs.org/array-union/-/array-union-2.1.0.tgz. Extracting by manifest.
4986 silly tarball no local data for path-is-absolute@https://registry.npmjs.org/path-is-absolute/-/path-is-absolute-1.0.1.tgz. Extracting by manifest.
4987 silly tarball no local data for default-gateway@https://registry.npmjs.org/default-gateway/-/default-gateway-4.2.0.tgz. Extracting by manifest.
4988 silly tarball no local data for execa@https://registry.npmjs.org/execa/-/execa-1.0.0.tgz. Extracting by manifest.
4989 silly tarball no local data for inherits@https://registry.npmjs.org/inherits/-/inherits-2.0.4.tgz. Extracting by manifest.
4990 silly tarball no local data for inflight@https://registry.npmjs.org/inflight/-/inflight-1.0.6.tgz. Extracting by manifest.
4991 silly tarball no local data for once@https://registry.npmjs.org/once/-/once-1.4.0.tgz. Extracting by manifest.
4992 silly tarball no local data for fs.realpath@https://registry.npmjs.org/fs.realpath/-/fs.realpath-1.0.0.tgz. Extracting by manifest.
4993 silly tarball no local data for dunder-proto@https://registry.npmjs.org/dunder-proto/-/dunder-proto-1.0.1.tgz. Extracting by manifest.
4994 silly tarball no local data for gopd@https://registry.npmjs.org/gopd/-/gopd-1.2.0.tgz. Extracting by manifest.
4995 silly tarball no local data for math-intrinsics@https://registry.npmjs.org/math-intrinsics/-/math-intrinsics-1.1.0.tgz. Extracting by manifest.
4996 silly tarball no local data for has-symbols@https://registry.npmjs.org/has-symbols/-/has-symbols-1.1.0.tgz. Extracting by manifest.
4997 silly tarball no local data for function-bind@https://registry.npmjs.org/function-bind/-/function-bind-1.1.2.tgz. Extracting by manifest.
4998 silly tarball no local data for get-proto@https://registry.npmjs.org/get-proto/-/get-proto-1.0.1.tgz. Extracting by manifest.
4999 silly tarball no local data for es-object-atoms@https://registry.npmjs.org/es-object-atoms/-/es-object-atoms-1.1.1.tgz. Extracting by manifest.
5000 silly tarball no local data for es-define-property@https://registry.npmjs.org/es-define-property/-/es-define-property-1.0.1.tgz. Extracting by manifest.
5001 silly tarball no local data for call-bind-apply-helpers@https://registry.npmjs.org/call-bind-apply-helpers/-/call-bind-apply-helpers-1.0.2.tgz. Extracting by manifest.
5002 silly tarball no local data for universalify@https://registry.npmjs.org/universalify/-/universalify-0.1.2.tgz. Extracting by manifest.
5003 silly tarball no local data for graceful-fs@https://registry.npmjs.org/graceful-fs/-/graceful-fs-4.2.11.tgz. Extracting by manifest.
5004 silly tarball no local data for has-tostringtag@https://registry.npmjs.org/has-tostringtag/-/has-tostringtag-1.0.2.tgz. Extracting by manifest.
5005 silly tarball no local data for es-errors@https://registry.npmjs.org/es-errors/-/es-errors-1.3.0.tgz. Extracting by manifest.
5006 silly tarball no local data for delayed-stream@https://registry.npmjs.org/delayed-stream/-/delayed-stream-1.0.0.tgz. Extracting by manifest.
5007 silly tarball no local data for hasown@https://registry.npmjs.org/hasown/-/hasown-2.0.2.tgz. Extracting by manifest.
5008 silly tarball no local data for get-intrinsic@https://registry.npmjs.org/get-intrinsic/-/get-intrinsic-1.3.0.tgz. Extracting by manifest.
5009 silly tarball no local data for path-type@https://registry.npmjs.org/path-type/-/path-type-4.0.0.tgz. Extracting by manifest.
5010 silly tarball no local data for es-set-tostringtag@https://registry.npmjs.org/es-set-tostringtag/-/es-set-tostringtag-2.1.0.tgz. Extracting by manifest.
5011 silly tarball no local data for combined-stream@https://registry.npmjs.org/combined-stream/-/combined-stream-1.0.8.tgz. Extracting by manifest.
5012 silly tarball no local data for asynckit@https://registry.npmjs.org/asynckit/-/asynckit-0.4.0.tgz. Extracting by manifest.
5013 silly tarball no local data for jsonfile@https://registry.npmjs.org/jsonfile/-/jsonfile-4.0.0.tgz. Extracting by manifest.
5014 silly tarball no local data for keyv@https://registry.npmjs.org/keyv/-/keyv-4.5.4.tgz. Extracting by manifest.
5015 silly tarball no local data for flatted@https://registry.npmjs.org/flatted/-/flatted-3.3.3.tgz. Extracting by manifest.
5016 silly tarball no local data for path-exists@https://registry.npmjs.org/path-exists/-/path-exists-4.0.0.tgz. Extracting by manifest.
5017 silly tarball no local data for unpipe@https://registry.npmjs.org/unpipe/-/unpipe-1.0.0.tgz. Extracting by manifest.
5018 silly tarball no local data for statuses@https://registry.npmjs.org/statuses/-/statuses-1.5.0.tgz. Extracting by manifest.
5019 silly tarball no local data for locate-path@https://registry.npmjs.org/locate-path/-/locate-path-6.0.0.tgz. Extracting by manifest.
5020 silly tarball no local data for on-finished@https://registry.npmjs.org/on-finished/-/on-finished-2.3.0.tgz. Extracting by manifest.
5021 silly tarball no local data for escape-html@https://registry.npmjs.org/escape-html/-/escape-html-1.0.3.tgz. Extracting by manifest.
5022 silly tarball no local data for flat-cache@https://registry.npmjs.org/flat-cache/-/flat-cache-3.2.0.tgz. Extracting by manifest.
5023 silly tarball no local data for encodeurl@https://registry.npmjs.org/encodeurl/-/encodeurl-1.0.2.tgz. Extracting by manifest.
5024 silly tarball no local data for ua-parser-js@https://registry.npmjs.org/ua-parser-js/-/ua-parser-js-1.0.41.tgz. Extracting by manifest.
5025 silly tarball no local data for setimmediate@https://registry.npmjs.org/setimmediate/-/setimmediate-1.0.5.tgz. Extracting by manifest.
5026 silly tarball no local data for promise@https://registry.npmjs.org/promise/-/promise-7.3.1.tgz. Extracting by manifest.
5027 silly tarball no local data for object-assign@https://registry.npmjs.org/object-assign/-/object-assign-4.1.1.tgz. Extracting by manifest.
5028 silly tarball no local data for loose-envify@https://registry.npmjs.org/loose-envify/-/loose-envify-1.4.0.tgz. Extracting by manifest.
5029 silly tarball no local data for cross-fetch@https://registry.npmjs.org/cross-fetch/-/cross-fetch-3.2.0.tgz. Extracting by manifest.
5030 silly tarball no local data for fbjs@https://registry.npmjs.org/fbjs/-/fbjs-3.0.5.tgz. Extracting by manifest.
5031 silly tarball no local data for to-regex-range@https://registry.npmjs.org/to-regex-range/-/to-regex-range-5.0.1.tgz. Extracting by manifest.
5032 silly tarball no local data for micromatch@https://registry.npmjs.org/micromatch/-/micromatch-4.0.8.tgz. Extracting by manifest.
5033 silly tarball no local data for reusify@https://registry.npmjs.org/reusify/-/reusify-1.1.0.tgz. Extracting by manifest.
5034 silly tarball no local data for merge2@https://registry.npmjs.org/merge2/-/merge2-1.4.1.tgz. Extracting by manifest.
5035 silly tarball no local data for expo-image-loader@https://registry.npmjs.org/expo-image-loader/-/expo-image-loader-4.7.0.tgz. Extracting by manifest.
5036 silly tarball no local data for fontfaceobserver@https://registry.npmjs.org/fontfaceobserver/-/fontfaceobserver-2.3.0.tgz. Extracting by manifest.
5037 silly tarball no local data for expo-constants@https://registry.npmjs.org/expo-constants/-/expo-constants-16.0.2.tgz. Extracting by manifest.
5038 silly tarball no local data for utils-merge@https://registry.npmjs.org/utils-merge/-/utils-merge-1.0.1.tgz. Extracting by manifest.
5039 silly tarball no local data for fbjs-css-vars@https://registry.npmjs.org/fbjs-css-vars/-/fbjs-css-vars-1.0.2.tgz. Extracting by manifest.
5040 silly tarball no local data for parseurl@https://registry.npmjs.org/parseurl/-/parseurl-1.3.3.tgz. Extracting by manifest.
5041 silly tarball no local data for unique-filename@https://registry.npmjs.org/unique-filename/-/unique-filename-3.0.0.tgz. Extracting by manifest.
5042 silly tarball no local data for finalhandler@https://registry.npmjs.org/finalhandler/-/finalhandler-1.1.2.tgz. Extracting by manifest.
5043 silly tarball no local data for commander@https://registry.npmjs.org/commander/-/commander-7.2.0.tgz. Extracting by manifest.
5044 silly tarball no local data for ssri@https://registry.npmjs.org/ssri/-/ssri-10.0.6.tgz. Extracting by manifest.
5045 silly tarball no local data for p-map@https://registry.npmjs.org/p-map/-/p-map-4.0.0.tgz. Extracting by manifest.
5046 silly tarball no local data for minipass-collect@https://registry.npmjs.org/minipass-collect/-/minipass-collect-2.0.1.tgz. Extracting by manifest.
5047 silly tarball no local data for minipass-pipeline@https://registry.npmjs.org/minipass-pipeline/-/minipass-pipeline-1.2.4.tgz. Extracting by manifest.
5048 silly tarball no local data for minipass@https://registry.npmjs.org/minipass/-/minipass-7.1.2.tgz. Extracting by manifest.
5049 silly tarball no local data for minipass-flush@https://registry.npmjs.org/minipass-flush/-/minipass-flush-1.0.5.tgz. Extracting by manifest.
5050 silly tarball no local data for fs-minipass@https://registry.npmjs.org/fs-minipass/-/fs-minipass-3.0.3.tgz. Extracting by manifest.
5051 silly tarball no local data for @npmcli/fs@https://registry.npmjs.org/@npmcli/fs/-/fs-3.1.1.tgz. Extracting by manifest.
5052 silly tarball no local data for big-integer@https://registry.npmjs.org/big-integer/-/big-integer-1.6.52.tgz. Extracting by manifest.
5053 silly tarball no local data for stream-buffers@https://registry.npmjs.org/stream-buffers/-/stream-buffers-2.2.0.tgz. Extracting by manifest.
5054 silly tarball no local data for negotiator@https://registry.npmjs.org/negotiator/-/negotiator-0.6.3.tgz. Extracting by manifest.
5055 silly tarball no local data for mime-types@https://registry.npmjs.org/mime-types/-/mime-types-2.1.35.tgz. Extracting by manifest.
5056 silly tarball no local data for @graphql-typed-document-node/core@https://registry.npmjs.org/@graphql-typed-document-node/core/-/core-3.2.0.tgz. Extracting by manifest.
5057 silly tarball no local data for wonka@https://registry.npmjs.org/wonka/-/wonka-4.0.15.tgz. Extracting by manifest.
5058 silly tarball no local data for undici-types@https://registry.npmjs.org/undici-types/-/undici-types-5.26.5.tgz. Extracting by manifest.
5059 silly tarball no local data for component-type@https://registry.npmjs.org/component-type/-/component-type-1.2.2.tgz. Extracting by manifest.
5060 silly tarball no local data for join-component@https://registry.npmjs.org/join-component/-/join-component-1.1.0.tgz. Extracting by manifest.
5061 silly tarball no local data for lighthouse-logger@https://registry.npmjs.org/lighthouse-logger/-/lighthouse-logger-1.4.2.tgz. Extracting by manifest.
5062 silly tarball no local data for rimraf@https://registry.npmjs.org/rimraf/-/rimraf-3.0.2.tgz. Extracting by manifest.
5063 silly tarball no local data for @types/node@https://registry.npmjs.org/@types/node/-/node-18.19.130.tgz. Extracting by manifest.
5064 silly tarball no local data for selfsigned@https://registry.npmjs.org/selfsigned/-/selfsigned-2.4.1.tgz. Extracting by manifest.
5065 silly tarball no local data for serve-static@https://registry.npmjs.org/serve-static/-/serve-static-1.16.3.tgz. Extracting by manifest.
5066 silly tarball no local data for chrome-launcher@https://registry.npmjs.org/chrome-launcher/-/chrome-launcher-0.15.2.tgz. Extracting by manifest.
5067 silly tarball no local data for @rnx-kit/chromium-edge-launcher@https://registry.npmjs.org/@rnx-kit/chromium-edge-launcher/-/chromium-edge-launcher-1.0.0.tgz. Extracting by manifest.
5068 silly tarball no local data for @isaacs/ttlcache@https://registry.npmjs.org/@isaacs/ttlcache/-/ttlcache-1.4.1.tgz. Extracting by manifest.
5069 silly tarball no local data for @react-native/debugger-frontend@https://registry.npmjs.org/@react-native/debugger-frontend/-/debugger-frontend-0.74.85.tgz. Extracting by manifest.
5070 silly tarball no local data for uuid@https://registry.npmjs.org/uuid/-/uuid-8.3.2.tgz. Extracting by manifest.
5071 silly tarball no local data for remove-trailing-slash@https://registry.npmjs.org/remove-trailing-slash/-/remove-trailing-slash-0.1.1.tgz. Extracting by manifest.
5072 silly tarball no local data for md5@https://registry.npmjs.org/md5/-/md5-2.3.0.tgz. Extracting by manifest.
5073 silly tarball no local data for @segment/loosely-validate-event@https://registry.npmjs.org/@segment/loosely-validate-event/-/loosely-validate-event-2.0.0.tgz. Extracting by manifest.
5074 silly tarball no local data for @expo/bunyan@https://registry.npmjs.org/@expo/bunyan/-/bunyan-4.0.1.tgz. Extracting by manifest.
5075 silly tarball no local data for fetch-retry@https://registry.npmjs.org/fetch-retry/-/fetch-retry-4.1.1.tgz. Extracting by manifest.
5076 silly tarball no local data for xmlbuilder@https://registry.npmjs.org/xmlbuilder/-/xmlbuilder-14.0.0.tgz. Extracting by manifest.
5077 silly tarball no local data for @react-native/normalize-colors@https://registry.npmjs.org/@react-native/normalize-colors/-/normalize-colors-0.74.85.tgz. Extracting by manifest.
5078 silly tarball no local data for base64-js@https://registry.npmjs.org/base64-js/-/base64-js-1.5.1.tgz. Extracting by manifest.
5079 silly tarball no local data for @xmldom/xmldom@https://registry.npmjs.org/@xmldom/xmldom/-/xmldom-0.7.13.tgz. Extracting by manifest.
5080 silly tarball no local data for resolve-workspace-root@https://registry.npmjs.org/resolve-workspace-root/-/resolve-workspace-root-2.0.1.tgz. Extracting by manifest.
5081 silly tarball no local data for exec-async@https://registry.npmjs.org/exec-async/-/exec-async-2.2.0.tgz. Extracting by manifest.
5082 silly tarball no local data for postcss@https://registry.npmjs.org/postcss/-/postcss-8.4.49.tgz. Extracting by manifest.
5083 silly tarball no local data for lightningcss@https://registry.npmjs.org/lightningcss/-/lightningcss-1.19.0.tgz. Extracting by manifest.
5084 silly tarball no local data for jsc-safe-url@https://registry.npmjs.org/jsc-safe-url/-/jsc-safe-url-0.2.4.tgz. Extracting by manifest.
5085 silly tarball no local data for write-file-atomic@https://registry.npmjs.org/write-file-atomic/-/write-file-atomic-2.4.3.tgz. Extracting by manifest.
5086 silly tarball no local data for parse-png@https://registry.npmjs.org/parse-png/-/parse-png-2.1.0.tgz. Extracting by manifest.
5087 silly tarball no local data for jimp-compact@https://registry.npmjs.org/jimp-compact/-/jimp-compact-0.16.1.tgz. Extracting by manifest.
5088 silly tarball no local data for dotenv@https://registry.npmjs.org/dotenv/-/dotenv-16.4.7.tgz. Extracting by manifest.
5089 silly tarball no local data for @expo/sudo-prompt@https://registry.npmjs.org/@expo/sudo-prompt/-/sudo-prompt-9.3.2.tgz. Extracting by manifest.
5090 silly tarball no local data for xml2js@https://registry.npmjs.org/xml2js/-/xml2js-0.6.0.tgz. Extracting by manifest.
5091 silly tarball no local data for slash@https://registry.npmjs.org/slash/-/slash-3.0.0.tgz. Extracting by manifest.
5092 silly tarball no local data for @expo/sdk-runtime-versions@https://registry.npmjs.org/@expo/sdk-runtime-versions/-/sdk-runtime-versions-1.0.0.tgz. Extracting by manifest.
5093 silly tarball no local data for @expo/config-types@https://registry.npmjs.org/@expo/config-types/-/config-types-51.0.3.tgz. Extracting by manifest.
5094 silly tarball no local data for url-join@https://registry.npmjs.org/url-join/-/url-join-4.0.0.tgz. Extracting by manifest.
5095 silly tarball no local data for wrap-ansi@https://registry.npmjs.org/wrap-ansi/-/wrap-ansi-7.0.0.tgz. Extracting by manifest.
5096 silly tarball no local data for ws@https://registry.npmjs.org/ws/-/ws-8.19.0.tgz. Extracting by manifest.
5097 silly tarball no local data for sucrase@https://registry.npmjs.org/sucrase/-/sucrase-3.34.0.tgz. Extracting by manifest.
5098 silly tarball no local data for terminal-link@https://registry.npmjs.org/terminal-link/-/terminal-link-2.1.1.tgz. Extracting by manifest.
5099 silly tarball no local data for tempy@https://registry.npmjs.org/tempy/-/tempy-0.7.1.tgz. Extracting by manifest.
5100 silly tarball no local data for structured-headers@https://registry.npmjs.org/structured-headers/-/structured-headers-0.4.1.tgz. Extracting by manifest.
5101 silly tarball no local data for temp-dir@https://registry.npmjs.org/temp-dir/-/temp-dir-2.0.0.tgz. Extracting by manifest.
5102 silly tarball no local data for tar@https://registry.npmjs.org/tar/-/tar-6.2.1.tgz. Extracting by manifest.
5103 silly tarball no local data for dotenv-expand@https://registry.npmjs.org/dotenv-expand/-/dotenv-expand-11.0.7.tgz. Extracting by manifest.
5104 silly tarball no local data for stacktrace-parser@https://registry.npmjs.org/stacktrace-parser/-/stacktrace-parser-0.1.11.tgz. Extracting by manifest.
5105 silly tarball no local data for source-map-support@https://registry.npmjs.org/source-map-support/-/source-map-support-0.5.21.tgz. Extracting by manifest.
5106 silly tarball no local data for slugify@https://registry.npmjs.org/slugify/-/slugify-1.6.6.tgz. Extracting by manifest.
5107 silly tarball no local data for xcode@https://registry.npmjs.org/xcode/-/xcode-3.0.1.tgz. Extracting by manifest.
5108 silly tarball no local data for send@https://registry.npmjs.org/send/-/send-0.18.0.tgz. Extracting by manifest.
5109 silly tarball no local data for resolve-from@https://registry.npmjs.org/resolve-from/-/resolve-from-5.0.0.tgz. Extracting by manifest.
5110 silly tarball no local data for resolve.exports@https://registry.npmjs.org/resolve.exports/-/resolve.exports-2.0.3.tgz. Extracting by manifest.
5111 silly tarball no local data for requireg@https://registry.npmjs.org/requireg/-/requireg-0.2.2.tgz. Extracting by manifest.
5112 silly tarball no local data for require-from-string@https://registry.npmjs.org/require-from-string/-/require-from-string-2.0.2.tgz. Extracting by manifest.
5113 silly tarball no local data for qrcode-terminal@https://registry.npmjs.org/qrcode-terminal/-/qrcode-terminal-0.11.0.tgz. Extracting by manifest.
5114 silly tarball no local data for progress@https://registry.npmjs.org/progress/-/progress-2.0.3.tgz. Extracting by manifest.
5115 silly tarball no local data for prompts@https://registry.npmjs.org/prompts/-/prompts-2.4.2.tgz. Extracting by manifest.
5116 silly tarball no local data for picomatch@https://registry.npmjs.org/picomatch/-/picomatch-3.0.1.tgz. Extracting by manifest.
5117 silly tarball no local data for ora@https://registry.npmjs.org/ora/-/ora-3.4.0.tgz. Extracting by manifest.
5118 silly tarball no local data for open@https://registry.npmjs.org/open/-/open-8.4.2.tgz. Extracting by manifest.
5119 silly tarball no local data for npm-package-arg@https://registry.npmjs.org/npm-package-arg/-/npm-package-arg-7.0.0.tgz. Extracting by manifest.
5120 silly tarball no local data for node-forge@https://registry.npmjs.org/node-forge/-/node-forge-1.3.3.tgz. Extracting by manifest.
5121 silly tarball no local data for pretty-bytes@https://registry.npmjs.org/pretty-bytes/-/pretty-bytes-5.6.0.tgz. Extracting by manifest.
5122 silly tarball no local data for node-fetch@https://registry.npmjs.org/node-fetch/-/node-fetch-2.7.0.tgz. Extracting by manifest.
5123 silly tarball no local data for md5hex@https://registry.npmjs.org/md5hex/-/md5hex-1.0.0.tgz. Extracting by manifest.
5124 silly tarball no local data for is-wsl@https://registry.npmjs.org/is-wsl/-/is-wsl-2.2.0.tgz. Extracting by manifest.
5125 silly tarball no local data for json-schema-deref-sync@https://registry.npmjs.org/json-schema-deref-sync/-/json-schema-deref-sync-0.13.0.tgz. Extracting by manifest.
5126 silly tarball no local data for is-docker@https://registry.npmjs.org/is-docker/-/is-docker-2.2.1.tgz. Extracting by manifest.
5127 silly tarball no local data for https-proxy-agent@https://registry.npmjs.org/https-proxy-agent/-/https-proxy-agent-5.0.1.tgz. Extracting by manifest.
5128 silly tarball no local data for graphql-tag@https://registry.npmjs.org/graphql-tag/-/graphql-tag-2.12.6.tgz. Extracting by manifest.
5129 silly tarball no local data for fs-extra@https://registry.npmjs.org/fs-extra/-/fs-extra-8.1.0.tgz. Extracting by manifest.
5130 silly tarball no local data for freeport-async@https://registry.npmjs.org/freeport-async/-/freeport-async-2.0.0.tgz. Extracting by manifest.
5131 silly tarball no local data for md5-file@https://registry.npmjs.org/md5-file/-/md5-file-3.2.3.tgz. Extracting by manifest.
5132 silly tarball no local data for form-data@https://registry.npmjs.org/form-data/-/form-data-3.0.4.tgz. Extracting by manifest.
5133 silly tarball no local data for find-yarn-workspace-root@https://registry.npmjs.org/find-yarn-workspace-root/-/find-yarn-workspace-root-2.0.0.tgz. Extracting by manifest.
5134 silly tarball no local data for connect@https://registry.npmjs.org/connect/-/connect-3.7.0.tgz. Extracting by manifest.
5135 silly tarball no local data for fast-glob@https://registry.npmjs.org/fast-glob/-/fast-glob-3.3.3.tgz. Extracting by manifest.
5136 silly tarball no local data for env-editor@https://registry.npmjs.org/env-editor/-/env-editor-0.4.2.tgz. Extracting by manifest.
5137 silly tarball no local data for ci-info@https://registry.npmjs.org/ci-info/-/ci-info-3.9.0.tgz. Extracting by manifest.
5138 silly tarball no local data for cacache@https://registry.npmjs.org/cacache/-/cacache-18.0.4.tgz. Extracting by manifest.
5139 silly tarball no local data for bplist-parser@https://registry.npmjs.org/bplist-parser/-/bplist-parser-0.3.2.tgz. Extracting by manifest.
5140 silly tarball no local data for better-opn@https://registry.npmjs.org/better-opn/-/better-opn-3.0.2.tgz. Extracting by manifest.
5141 silly tarball no local data for bplist-creator@https://registry.npmjs.org/bplist-creator/-/bplist-creator-0.0.7.tgz. Extracting by manifest.
5142 silly tarball no local data for arg@https://registry.npmjs.org/arg/-/arg-5.0.2.tgz. Extracting by manifest.
5143 silly tarball no local data for accepts@https://registry.npmjs.org/accepts/-/accepts-1.3.8.tgz. Extracting by manifest.
5144 silly tarball no local data for graphql@https://registry.npmjs.org/graphql/-/graphql-15.8.0.tgz. Extracting by manifest.
5145 silly tarball no local data for @urql/exchange-retry@https://registry.npmjs.org/@urql/exchange-retry/-/exchange-retry-0.3.0.tgz. Extracting by manifest.
5146 silly tarball no local data for @urql/core@https://registry.npmjs.org/@urql/core/-/core-2.3.6.tgz. Extracting by manifest.
5147 silly tarball no local data for @react-native/dev-middleware@https://registry.npmjs.org/@react-native/dev-middleware/-/dev-middleware-0.74.85.tgz. Extracting by manifest.
5148 silly tarball no local data for @expo/xcpretty@https://registry.npmjs.org/@expo/xcpretty/-/xcpretty-4.3.2.tgz. Extracting by manifest.
5149 silly tarball no local data for @expo/spawn-async@https://registry.npmjs.org/@expo/spawn-async/-/spawn-async-1.7.2.tgz. Extracting by manifest.
5150 silly tarball no local data for @expo/rudder-sdk-node@https://registry.npmjs.org/@expo/rudder-sdk-node/-/rudder-sdk-node-1.1.1.tgz. Extracting by manifest.
5151 silly tarball no local data for @expo/package-manager@https://registry.npmjs.org/@expo/package-manager/-/package-manager-1.9.10.tgz. Extracting by manifest.
5152 silly tarball no local data for @expo/prebuild-config@https://registry.npmjs.org/@expo/prebuild-config/-/prebuild-config-7.0.9.tgz. Extracting by manifest.
5153 silly tarball no local data for @expo/osascript@https://registry.npmjs.org/@expo/osascript/-/osascript-2.3.8.tgz. Extracting by manifest.
5154 silly tarball no local data for getenv@https://registry.npmjs.org/getenv/-/getenv-1.0.0.tgz. Extracting by manifest.
5155 silly tarball no local data for @expo/json-file@https://registry.npmjs.org/@expo/json-file/-/json-file-8.3.3.tgz. Extracting by manifest.
5156 silly tarball no local data for @expo/image-utils@https://registry.npmjs.org/@expo/image-utils/-/image-utils-0.5.1.tgz. Extracting by manifest.
5157 silly tarball no local data for @expo/env@https://registry.npmjs.org/@expo/env/-/env-0.3.0.tgz. Extracting by manifest.
5158 silly tarball no local data for @expo/devcert@https://registry.npmjs.org/@expo/devcert/-/devcert-1.2.1.tgz. Extracting by manifest.
5159 silly tarball no local data for whatwg-url-without-unicode@https://registry.npmjs.org/whatwg-url-without-unicode/-/whatwg-url-without-unicode-8.0.0-3.tgz. Extracting by manifest.
5160 silly tarball no local data for @expo/code-signing-certificates@https://registry.npmjs.org/@expo/code-signing-certificates/-/code-signing-certificates-0.0.5.tgz. Extracting by manifest.
5161 silly tarball no local data for expo-modules-core@https://registry.npmjs.org/expo-modules-core/-/expo-modules-core-1.12.26.tgz. Extracting by manifest.
5162 silly tarball no local data for fbemitter@https://registry.npmjs.org/fbemitter/-/fbemitter-3.0.0.tgz. Extracting by manifest.
5163 silly tarball no local data for expo-modules-autolinking@https://registry.npmjs.org/expo-modules-autolinking/-/expo-modules-autolinking-1.11.3.tgz. Extracting by manifest.
5164 silly tarball no local data for expo-file-system@https://registry.npmjs.org/expo-file-system/-/expo-file-system-17.0.1.tgz. Extracting by manifest.
5165 silly tarball no local data for expo-keep-awake@https://registry.npmjs.org/expo-keep-awake/-/expo-keep-awake-13.0.2.tgz. Extracting by manifest.
5166 silly tarball no local data for @expo/metro-config@https://registry.npmjs.org/@expo/metro-config/-/metro-config-0.18.11.tgz. Extracting by manifest.
5167 silly tarball no local data for expo-asset@https://registry.npmjs.org/expo-asset/-/expo-asset-10.0.10.tgz. Extracting by manifest.
5168 silly tarball no local data for @expo/vector-icons@https://registry.npmjs.org/@expo/vector-icons/-/vector-icons-14.1.0.tgz. Extracting by manifest.
5169 silly tarball no local data for expo-font@https://registry.npmjs.org/expo-font/-/expo-font-12.0.10.tgz. Extracting by manifest.
5170 silly tarball no local data for @expo/config-plugins@https://registry.npmjs.org/@expo/config-plugins/-/config-plugins-8.0.11.tgz. Extracting by manifest.
5171 silly tarball no local data for internal-ip@https://registry.npmjs.org/internal-ip/-/internal-ip-4.3.0.tgz. Extracting by manifest.
5172 silly tarball no local data for @expo/cli@https://registry.npmjs.org/@expo/cli/-/cli-0.18.31.tgz. Extracting by manifest.
5173 silly tarball no local data for acorn-jsx@https://registry.npmjs.org/acorn-jsx/-/acorn-jsx-5.3.2.tgz. Extracting by manifest.
5174 silly tarball no local data for @babel/runtime@https://registry.npmjs.org/@babel/runtime/-/runtime-7.28.6.tgz. Extracting by manifest.
5175 silly tarball no local data for acorn@https://registry.npmjs.org/acorn/-/acorn-8.15.0.tgz. Extracting by manifest.
5176 silly tarball no local data for estraverse@https://registry.npmjs.org/estraverse/-/estraverse-5.3.0.tgz. Extracting by manifest.
5177 silly tarball no local data for which@https://registry.npmjs.org/which/-/which-2.0.2.tgz. Extracting by manifest.
5178 silly tarball no local data for esrecurse@https://registry.npmjs.org/esrecurse/-/esrecurse-4.3.0.tgz. Extracting by manifest.
5179 silly tarball no local data for path-key@https://registry.npmjs.org/path-key/-/path-key-3.1.1.tgz. Extracting by manifest.
5180 silly tarball no local data for shebang-command@https://registry.npmjs.org/shebang-command/-/shebang-command-2.0.0.tgz. Extracting by manifest.
5181 silly tarball no local data for @expo/config@https://registry.npmjs.org/@expo/config/-/config-9.0.4.tgz. Extracting by manifest.
5182 silly tarball no local data for color-name@https://registry.npmjs.org/color-name/-/color-name-1.1.4.tgz. Extracting by manifest.
5183 silly tarball no local data for color-convert@https://registry.npmjs.org/color-convert/-/color-convert-2.0.1.tgz. Extracting by manifest.
5184 silly tarball no local data for ansi-styles@https://registry.npmjs.org/ansi-styles/-/ansi-styles-4.3.0.tgz. Extracting by manifest.
5185 silly tarball no local data for uri-js@https://registry.npmjs.org/uri-js/-/uri-js-4.4.1.tgz. Extracting by manifest.
5186 silly tarball no local data for json-schema-traverse@https://registry.npmjs.org/json-schema-traverse/-/json-schema-traverse-0.4.1.tgz. Extracting by manifest.
5187 silly tarball no local data for fast-json-stable-stringify@https://registry.npmjs.org/fast-json-stable-stringify/-/fast-json-stable-stringify-2.1.0.tgz. Extracting by manifest.
5188 silly tarball no local data for supports-color@https://registry.npmjs.org/supports-color/-/supports-color-7.2.0.tgz. Extracting by manifest.
5189 silly tarball no local data for run-parallel@https://registry.npmjs.org/run-parallel/-/run-parallel-1.2.0.tgz. Extracting by manifest.
5190 silly tarball no local data for @nodelib/fs.stat@https://registry.npmjs.org/@nodelib/fs.stat/-/fs.stat-2.0.5.tgz. Extracting by manifest.
5191 silly tarball no local data for @nodelib/fs.scandir@https://registry.npmjs.org/@nodelib/fs.scandir/-/fs.scandir-2.1.5.tgz. Extracting by manifest.
5192 silly tarball no local data for fastq@https://registry.npmjs.org/fastq/-/fastq-1.20.1.tgz. Extracting by manifest.
5193 silly tarball no local data for strip-json-comments@https://registry.npmjs.org/strip-json-comments/-/strip-json-comments-3.1.1.tgz. Extracting by manifest.
5194 silly tarball no local data for import-fresh@https://registry.npmjs.org/import-fresh/-/import-fresh-3.3.1.tgz. Extracting by manifest.
5195 silly tarball no local data for text-table@https://registry.npmjs.org/text-table/-/text-table-0.2.0.tgz. Extracting by manifest.
5196 silly tarball no local data for @humanwhocodes/object-schema@https://registry.npmjs.org/@humanwhocodes/object-schema/-/object-schema-2.0.3.tgz. Extracting by manifest.
5197 silly tarball no local data for strip-ansi@https://registry.npmjs.org/strip-ansi/-/strip-ansi-6.0.1.tgz. Extracting by manifest.
5198 silly tarball no local data for optionator@https://registry.npmjs.org/optionator/-/optionator-0.9.4.tgz. Extracting by manifest.
5199 silly tarball no local data for levn@https://registry.npmjs.org/levn/-/levn-0.4.1.tgz. Extracting by manifest.
5200 silly tarball no local data for lodash.merge@https://registry.npmjs.org/lodash.merge/-/lodash.merge-4.6.2.tgz. Extracting by manifest.
5201 silly tarball no local data for js-yaml@https://registry.npmjs.org/js-yaml/-/js-yaml-4.1.1.tgz. Extracting by manifest.
5202 silly tarball no local data for json-stable-stringify-without-jsonify@https://registry.npmjs.org/json-stable-stringify-without-jsonify/-/json-stable-stringify-without-jsonify-1.0.1.tgz. Extracting by manifest.
5203 silly tarball no local data for globals@https://registry.npmjs.org/globals/-/globals-13.24.0.tgz. Extracting by manifest.
5204 silly tarball no local data for imurmurhash@https://registry.npmjs.org/imurmurhash/-/imurmurhash-0.1.4.tgz. Extracting by manifest.
5205 silly tarball no local data for is-path-inside@https://registry.npmjs.org/is-path-inside/-/is-path-inside-3.0.3.tgz. Extracting by manifest.
5206 silly tarball no local data for @expo/plist@https://registry.npmjs.org/@expo/plist/-/plist-0.1.3.tgz. Extracting by manifest.
5207 silly tarball no local data for file-entry-cache@https://registry.npmjs.org/file-entry-cache/-/file-entry-cache-6.0.1.tgz. Extracting by manifest.
5208 silly tarball no local data for glob-parent@https://registry.npmjs.org/glob-parent/-/glob-parent-6.0.2.tgz. Extracting by manifest.
5209 silly tarball no local data for espree@https://registry.npmjs.org/espree/-/espree-9.6.1.tgz. Extracting by manifest.
5210 silly tarball no local data for doctrine@https://registry.npmjs.org/doctrine/-/doctrine-3.0.0.tgz. Extracting by manifest.
5211 silly tarball no local data for esquery@https://registry.npmjs.org/esquery/-/esquery-1.7.0.tgz. Extracting by manifest.
5212 silly tarball no local data for cross-spawn@https://registry.npmjs.org/cross-spawn/-/cross-spawn-7.0.6.tgz. Extracting by manifest.
5213 silly tarball no local data for chalk@https://registry.npmjs.org/chalk/-/chalk-4.1.2.tgz. Extracting by manifest.
5214 silly tarball no local data for eslint-scope@https://registry.npmjs.org/eslint-scope/-/eslint-scope-7.2.2.tgz. Extracting by manifest.
5215 silly tarball no local data for ajv@https://registry.npmjs.org/ajv/-/ajv-6.12.6.tgz. Extracting by manifest.
5216 silly tarball no local data for @ungap/structured-clone@https://registry.npmjs.org/@ungap/structured-clone/-/structured-clone-1.3.0.tgz. Extracting by manifest.
5217 silly tarball no local data for @nodelib/fs.walk@https://registry.npmjs.org/@nodelib/fs.walk/-/fs.walk-1.2.8.tgz. Extracting by manifest.
5218 silly tarball no local data for @humanwhocodes/module-importer@https://registry.npmjs.org/@humanwhocodes/module-importer/-/module-importer-1.0.1.tgz. Extracting by manifest.
5219 silly tarball no local data for @humanwhocodes/config-array@https://registry.npmjs.org/@humanwhocodes/config-array/-/config-array-0.13.0.tgz. Extracting by manifest.
5220 silly tarball no local data for @eslint/js@https://registry.npmjs.org/@eslint/js/-/js-8.57.1.tgz. Extracting by manifest.
5221 silly tarball no local data for ms@https://registry.npmjs.org/ms/-/ms-2.1.3.tgz. Extracting by manifest.
5222 silly tarball no local data for @eslint/eslintrc@https://registry.npmjs.org/@eslint/eslintrc/-/eslintrc-2.1.4.tgz. Extracting by manifest.
5223 silly tarball no local data for update-browserslist-db@https://registry.npmjs.org/update-browserslist-db/-/update-browserslist-db-1.2.3.tgz. Extracting by manifest.
5224 silly tarball no local data for node-releases@https://registry.npmjs.org/node-releases/-/node-releases-2.0.27.tgz. Extracting by manifest.
5225 silly tarball no local data for electron-to-chromium@https://registry.npmjs.org/electron-to-chromium/-/electron-to-chromium-1.5.267.tgz. Extracting by manifest.
5226 silly tarball no local data for caniuse-lite@https://registry.npmjs.org/caniuse-lite/-/caniuse-lite-1.0.30001765.tgz. Extracting by manifest.
5227 silly tarball no local data for baseline-browser-mapping@https://registry.npmjs.org/baseline-browser-mapping/-/baseline-browser-mapping-2.9.16.tgz. Extracting by manifest.
5228 silly tarball no local data for resolve@https://registry.npmjs.org/resolve/-/resolve-1.22.11.tgz. Extracting by manifest.
5229 silly tarball no local data for lodash.debounce@https://registry.npmjs.org/lodash.debounce/-/lodash.debounce-4.0.8.tgz. Extracting by manifest.
5230 silly tarball no local data for nullthrows@https://registry.npmjs.org/nullthrows/-/nullthrows-1.1.1.tgz. Extracting by manifest.
5231 silly tarball no local data for jscodeshift@https://registry.npmjs.org/jscodeshift/-/jscodeshift-0.14.0.tgz. Extracting by manifest.
5232 silly tarball no local data for mkdirp@https://registry.npmjs.org/mkdirp/-/mkdirp-0.5.6.tgz. Extracting by manifest.
5233 silly tarball no local data for @babel/helper-define-polyfill-provider@https://registry.npmjs.org/@babel/helper-define-polyfill-provider/-/helper-define-polyfill-provider-0.6.5.tgz. Extracting by manifest.
5234 silly tarball no local data for invariant@https://registry.npmjs.org/invariant/-/invariant-2.2.4.tgz. Extracting by manifest.
5235 silly tarball no local data for glob@https://registry.npmjs.org/glob/-/glob-7.2.3.tgz. Extracting by manifest.
5236 silly tarball no local data for @react-native/codegen@https://registry.npmjs.org/@react-native/codegen/-/codegen-0.73.3.tgz. Extracting by manifest.
5237 silly tarball no local data for flow-parser@https://registry.npmjs.org/flow-parser/-/flow-parser-0.206.0.tgz. Extracting by manifest.
5238 silly tarball no local data for @babel/plugin-syntax-typescript@https://registry.npmjs.org/@babel/plugin-syntax-typescript/-/plugin-syntax-typescript-7.28.6.tgz. Extracting by manifest.
5239 silly tarball no local data for @babel/plugin-syntax-optional-catch-binding@https://registry.npmjs.org/@babel/plugin-syntax-optional-catch-binding/-/plugin-syntax-optional-catch-binding-7.8.3.tgz. Extracting by manifest.
5240 silly tarball no local data for @babel/plugin-syntax-numeric-separator@https://registry.npmjs.org/@babel/plugin-syntax-numeric-separator/-/plugin-syntax-numeric-separator-7.10.4.tgz. Extracting by manifest.
5241 silly tarball no local data for @babel/plugin-syntax-async-generators@https://registry.npmjs.org/@babel/plugin-syntax-async-generators/-/plugin-syntax-async-generators-7.8.4.tgz. Extracting by manifest.
5242 silly tarball no local data for @babel/helper-environment-visitor@https://registry.npmjs.org/@babel/helper-environment-visitor/-/helper-environment-visitor-7.24.7.tgz. Extracting by manifest.
5243 silly tarball no local data for @react-native/babel-plugin-codegen@https://registry.npmjs.org/@react-native/babel-plugin-codegen/-/babel-plugin-codegen-0.73.4.tgz. Extracting by manifest.
5244 silly tarball no local data for babel-plugin-transform-flow-enums@https://registry.npmjs.org/babel-plugin-transform-flow-enums/-/babel-plugin-transform-flow-enums-0.0.2.tgz. Extracting by manifest.
5245 silly tarball no local data for @babel/plugin-transform-typescript@https://registry.npmjs.org/@babel/plugin-transform-typescript/-/plugin-transform-typescript-7.28.6.tgz. Extracting by manifest.
5246 silly tarball no local data for @babel/plugin-transform-runtime@https://registry.npmjs.org/@babel/plugin-transform-runtime/-/plugin-transform-runtime-7.28.5.tgz. Extracting by manifest.
5247 silly tarball no local data for @babel/plugin-transform-react-jsx-source@https://registry.npmjs.org/@babel/plugin-transform-react-jsx-source/-/plugin-transform-react-jsx-source-7.27.1.tgz. Extracting by manifest.
5248 silly tarball no local data for @babel/plugin-transform-react-jsx-self@https://registry.npmjs.org/@babel/plugin-transform-react-jsx-self/-/plugin-transform-react-jsx-self-7.27.1.tgz. Extracting by manifest.
5249 silly tarball no local data for @babel/plugin-transform-flow-strip-types@https://registry.npmjs.org/@babel/plugin-transform-flow-strip-types/-/plugin-transform-flow-strip-types-7.27.1.tgz. Extracting by manifest.
5250 silly tarball no local data for @babel/plugin-syntax-object-rest-spread@https://registry.npmjs.org/@babel/plugin-syntax-object-rest-spread/-/plugin-syntax-object-rest-spread-7.8.3.tgz. Extracting by manifest.
5251 silly tarball no local data for @babel/plugin-syntax-optional-chaining@https://registry.npmjs.org/@babel/plugin-syntax-optional-chaining/-/plugin-syntax-optional-chaining-7.8.3.tgz. Extracting by manifest.
5252 silly tarball no local data for @babel/plugin-syntax-nullish-coalescing-operator@https://registry.npmjs.org/@babel/plugin-syntax-nullish-coalescing-operator/-/plugin-syntax-nullish-coalescing-operator-7.8.3.tgz. Extracting by manifest.
5253 silly tarball no local data for @babel/plugin-syntax-flow@https://registry.npmjs.org/@babel/plugin-syntax-flow/-/plugin-syntax-flow-7.28.6.tgz. Extracting by manifest.
5254 silly tarball no local data for @babel/plugin-syntax-export-default-from@https://registry.npmjs.org/@babel/plugin-syntax-export-default-from/-/plugin-syntax-export-default-from-7.28.6.tgz. Extracting by manifest.
5255 silly tarball no local data for @babel/plugin-proposal-optional-chaining@https://registry.npmjs.org/@babel/plugin-proposal-optional-chaining/-/plugin-proposal-optional-chaining-7.21.0.tgz. Extracting by manifest.
5256 silly tarball no local data for @babel/plugin-syntax-dynamic-import@https://registry.npmjs.org/@babel/plugin-syntax-dynamic-import/-/plugin-syntax-dynamic-import-7.8.3.tgz. Extracting by manifest.
5257 silly tarball no local data for @babel/plugin-proposal-optional-catch-binding@https://registry.npmjs.org/@babel/plugin-proposal-optional-catch-binding/-/plugin-proposal-optional-catch-binding-7.18.6.tgz. Extracting by manifest.
5258 silly tarball no local data for @babel/plugin-proposal-object-rest-spread@https://registry.npmjs.org/@babel/plugin-proposal-object-rest-spread/-/plugin-proposal-object-rest-spread-7.20.7.tgz. Extracting by manifest.
5259 silly tarball no local data for @babel/plugin-proposal-numeric-separator@https://registry.npmjs.org/@babel/plugin-proposal-numeric-separator/-/plugin-proposal-numeric-separator-7.18.6.tgz. Extracting by manifest.
5260 silly tarball no local data for @babel/plugin-proposal-nullish-coalescing-operator@https://registry.npmjs.org/@babel/plugin-proposal-nullish-coalescing-operator/-/plugin-proposal-nullish-coalescing-operator-7.18.6.tgz. Extracting by manifest.
5261 silly tarball no local data for @babel/plugin-proposal-export-default-from@https://registry.npmjs.org/@babel/plugin-proposal-export-default-from/-/plugin-proposal-export-default-from-7.27.1.tgz. Extracting by manifest.
5262 silly tarball no local data for @babel/plugin-proposal-class-properties@https://registry.npmjs.org/@babel/plugin-proposal-class-properties/-/plugin-proposal-class-properties-7.18.6.tgz. Extracting by manifest.
5263 silly tarball no local data for @jridgewell/resolve-uri@https://registry.npmjs.org/@jridgewell/resolve-uri/-/resolve-uri-3.1.2.tgz. Extracting by manifest.
5264 silly tarball no local data for @babel/plugin-proposal-async-generator-functions@https://registry.npmjs.org/@babel/plugin-proposal-async-generator-functions/-/plugin-proposal-async-generator-functions-7.20.7.tgz. Extracting by manifest.
5265 silly tarball no local data for @jridgewell/sourcemap-codec@https://registry.npmjs.org/@jridgewell/sourcemap-codec/-/sourcemap-codec-1.5.5.tgz. Extracting by manifest.
5266 silly tarball no local data for @babel/helper-string-parser@https://registry.npmjs.org/@babel/helper-string-parser/-/helper-string-parser-7.27.1.tgz. Extracting by manifest.
5267 silly tarball no local data for @babel/plugin-syntax-jsx@https://registry.npmjs.org/@babel/plugin-syntax-jsx/-/plugin-syntax-jsx-7.28.6.tgz. Extracting by manifest.
5268 silly tarball no local data for @babel/plugin-transform-react-pure-annotations@https://registry.npmjs.org/@babel/plugin-transform-react-pure-annotations/-/plugin-transform-react-pure-annotations-7.27.1.tgz. Extracting by manifest.
5269 silly tarball no local data for @babel/plugin-transform-react-jsx-development@https://registry.npmjs.org/@babel/plugin-transform-react-jsx-development/-/plugin-transform-react-jsx-development-7.27.1.tgz. Extracting by manifest.
5270 silly tarball no local data for @babel/plugin-transform-react-jsx@https://registry.npmjs.org/@babel/plugin-transform-react-jsx/-/plugin-transform-react-jsx-7.28.6.tgz. Extracting by manifest.
5271 silly tarball no local data for esutils@https://registry.npmjs.org/esutils/-/esutils-2.0.3.tgz. Extracting by manifest.
5272 silly tarball no local data for @babel/helper-globals@https://registry.npmjs.org/@babel/helper-globals/-/helper-globals-7.28.0.tgz. Extracting by manifest.
5273 silly tarball no local data for @babel/plugin-transform-react-display-name@https://registry.npmjs.org/@babel/plugin-transform-react-display-name/-/plugin-transform-react-display-name-7.28.0.tgz. Extracting by manifest.
5274 silly tarball no local data for @babel/helper-wrap-function@https://registry.npmjs.org/@babel/helper-wrap-function/-/helper-wrap-function-7.28.6.tgz. Extracting by manifest.
5275 silly tarball no local data for @babel/helper-remap-async-to-generator@https://registry.npmjs.org/@babel/helper-remap-async-to-generator/-/helper-remap-async-to-generator-7.27.1.tgz. Extracting by manifest.
5276 silly tarball no local data for find-up@https://registry.npmjs.org/find-up/-/find-up-5.0.0.tgz. Extracting by manifest.
5277 silly tarball no local data for core-js-compat@https://registry.npmjs.org/core-js-compat/-/core-js-compat-3.47.0.tgz. Extracting by manifest.
5278 silly tarball no local data for babel-plugin-polyfill-corejs3@https://registry.npmjs.org/babel-plugin-polyfill-corejs3/-/babel-plugin-polyfill-corejs3-0.13.0.tgz. Extracting by manifest.
5279 silly tarball no local data for babel-plugin-polyfill-corejs2@https://registry.npmjs.org/babel-plugin-polyfill-corejs2/-/babel-plugin-polyfill-corejs2-0.4.14.tgz. Extracting by manifest.
5280 silly tarball no local data for @babel/preset-modules@https://registry.npmjs.org/@babel/preset-modules/-/preset-modules-0.1.6-no-external-plugins.tgz. Extracting by manifest.
5281 silly tarball no local data for babel-plugin-polyfill-regenerator@https://registry.npmjs.org/babel-plugin-polyfill-regenerator/-/babel-plugin-polyfill-regenerator-0.6.5.tgz. Extracting by manifest.
5282 silly tarball no local data for @babel/plugin-transform-unicode-sets-regex@https://registry.npmjs.org/@babel/plugin-transform-unicode-sets-regex/-/plugin-transform-unicode-sets-regex-7.28.6.tgz. Extracting by manifest.
5283 silly tarball no local data for @babel/plugin-transform-unicode-regex@https://registry.npmjs.org/@babel/plugin-transform-unicode-regex/-/plugin-transform-unicode-regex-7.27.1.tgz. Extracting by manifest.
5284 silly tarball no local data for @babel/plugin-transform-unicode-property-regex@https://registry.npmjs.org/@babel/plugin-transform-unicode-property-regex/-/plugin-transform-unicode-property-regex-7.28.6.tgz. Extracting by manifest.
5285 silly tarball no local data for @babel/plugin-transform-unicode-escapes@https://registry.npmjs.org/@babel/plugin-transform-unicode-escapes/-/plugin-transform-unicode-escapes-7.27.1.tgz. Extracting by manifest.
5286 silly tarball no local data for @babel/plugin-transform-typeof-symbol@https://registry.npmjs.org/@babel/plugin-transform-typeof-symbol/-/plugin-transform-typeof-symbol-7.27.1.tgz. Extracting by manifest.
5287 silly tarball no local data for @babel/plugin-transform-template-literals@https://registry.npmjs.org/@babel/plugin-transform-template-literals/-/plugin-transform-template-literals-7.27.1.tgz. Extracting by manifest.
5288 silly tarball no local data for @babel/plugin-transform-sticky-regex@https://registry.npmjs.org/@babel/plugin-transform-sticky-regex/-/plugin-transform-sticky-regex-7.27.1.tgz. Extracting by manifest.
5289 silly tarball no local data for @babel/plugin-transform-spread@https://registry.npmjs.org/@babel/plugin-transform-spread/-/plugin-transform-spread-7.28.6.tgz. Extracting by manifest.
5290 silly tarball no local data for @babel/plugin-transform-shorthand-properties@https://registry.npmjs.org/@babel/plugin-transform-shorthand-properties/-/plugin-transform-shorthand-properties-7.27.1.tgz. Extracting by manifest.
5291 silly tarball no local data for @babel/plugin-transform-reserved-words@https://registry.npmjs.org/@babel/plugin-transform-reserved-words/-/plugin-transform-reserved-words-7.27.1.tgz. Extracting by manifest.
5292 silly tarball no local data for @babel/plugin-transform-regexp-modifiers@https://registry.npmjs.org/@babel/plugin-transform-regexp-modifiers/-/plugin-transform-regexp-modifiers-7.28.6.tgz. Extracting by manifest.
5293 silly tarball no local data for @babel/plugin-transform-regenerator@https://registry.npmjs.org/@babel/plugin-transform-regenerator/-/plugin-transform-regenerator-7.28.6.tgz. Extracting by manifest.
5294 silly tarball no local data for @babel/plugin-transform-private-property-in-object@https://registry.npmjs.org/@babel/plugin-transform-private-property-in-object/-/plugin-transform-private-property-in-object-7.28.6.tgz. Extracting by manifest.
5295 silly tarball no local data for @babel/plugin-transform-private-methods@https://registry.npmjs.org/@babel/plugin-transform-private-methods/-/plugin-transform-private-methods-7.28.6.tgz. Extracting by manifest.
5296 silly tarball no local data for @babel/plugin-transform-optional-chaining@https://registry.npmjs.org/@babel/plugin-transform-optional-chaining/-/plugin-transform-optional-chaining-7.28.6.tgz. Extracting by manifest.
5297 silly tarball no local data for @babel/plugin-transform-optional-catch-binding@https://registry.npmjs.org/@babel/plugin-transform-optional-catch-binding/-/plugin-transform-optional-catch-binding-7.28.6.tgz. Extracting by manifest.
5298 silly tarball no local data for @babel/plugin-transform-property-literals@https://registry.npmjs.org/@babel/plugin-transform-property-literals/-/plugin-transform-property-literals-7.27.1.tgz. Extracting by manifest.
5299 silly tarball no local data for @babel/plugin-transform-object-super@https://registry.npmjs.org/@babel/plugin-transform-object-super/-/plugin-transform-object-super-7.27.1.tgz. Extracting by manifest.
5300 silly tarball no local data for @babel/plugin-transform-numeric-separator@https://registry.npmjs.org/@babel/plugin-transform-numeric-separator/-/plugin-transform-numeric-separator-7.28.6.tgz. Extracting by manifest.
5301 silly tarball no local data for @babel/plugin-transform-nullish-coalescing-operator@https://registry.npmjs.org/@babel/plugin-transform-nullish-coalescing-operator/-/plugin-transform-nullish-coalescing-operator-7.28.6.tgz. Extracting by manifest.
5302 silly tarball no local data for @babel/plugin-transform-new-target@https://registry.npmjs.org/@babel/plugin-transform-new-target/-/plugin-transform-new-target-7.27.1.tgz. Extracting by manifest.
5303 silly tarball no local data for @babel/plugin-transform-named-capturing-groups-regex@https://registry.npmjs.org/@babel/plugin-transform-named-capturing-groups-regex/-/plugin-transform-named-capturing-groups-regex-7.27.1.tgz. Extracting by manifest.
5304 silly tarball no local data for @babel/plugin-transform-modules-umd@https://registry.npmjs.org/@babel/plugin-transform-modules-umd/-/plugin-transform-modules-umd-7.27.1.tgz. Extracting by manifest.
5305 silly tarball no local data for @babel/plugin-transform-modules-systemjs@https://registry.npmjs.org/@babel/plugin-transform-modules-systemjs/-/plugin-transform-modules-systemjs-7.28.5.tgz. Extracting by manifest.
5306 silly tarball no local data for @babel/plugin-transform-modules-amd@https://registry.npmjs.org/@babel/plugin-transform-modules-amd/-/plugin-transform-modules-amd-7.27.1.tgz. Extracting by manifest.
5307 silly tarball no local data for @babel/plugin-transform-member-expression-literals@https://registry.npmjs.org/@babel/plugin-transform-member-expression-literals/-/plugin-transform-member-expression-literals-7.27.1.tgz. Extracting by manifest.
5308 silly tarball no local data for @babel/plugin-transform-modules-commonjs@https://registry.npmjs.org/@babel/plugin-transform-modules-commonjs/-/plugin-transform-modules-commonjs-7.28.6.tgz. Extracting by manifest.
5309 silly tarball no local data for @babel/plugin-transform-function-name@https://registry.npmjs.org/@babel/plugin-transform-function-name/-/plugin-transform-function-name-7.27.1.tgz. Extracting by manifest.
5310 silly tarball no local data for @babel/plugin-transform-logical-assignment-operators@https://registry.npmjs.org/@babel/plugin-transform-logical-assignment-operators/-/plugin-transform-logical-assignment-operators-7.28.6.tgz. Extracting by manifest.
5311 silly tarball no local data for @babel/plugin-transform-json-strings@https://registry.npmjs.org/@babel/plugin-transform-json-strings/-/plugin-transform-json-strings-7.28.6.tgz. Extracting by manifest.
5312 silly tarball no local data for @babel/plugin-transform-literals@https://registry.npmjs.org/@babel/plugin-transform-literals/-/plugin-transform-literals-7.27.1.tgz. Extracting by manifest.
5313 silly tarball no local data for regexpu-core@https://registry.npmjs.org/regexpu-core/-/regexpu-core-6.4.0.tgz. Extracting by manifest.
5314 silly tarball no local data for @babel/plugin-transform-for-of@https://registry.npmjs.org/@babel/plugin-transform-for-of/-/plugin-transform-for-of-7.27.1.tgz. Extracting by manifest.
5315 silly tarball no local data for @babel/plugin-transform-explicit-resource-management@https://registry.npmjs.org/@babel/plugin-transform-explicit-resource-management/-/plugin-transform-explicit-resource-management-7.28.6.tgz. Extracting by manifest.
5316 silly tarball no local data for @babel/plugin-transform-exponentiation-operator@https://registry.npmjs.org/@babel/plugin-transform-exponentiation-operator/-/plugin-transform-exponentiation-operator-7.28.6.tgz. Extracting by manifest.
5317 silly tarball no local data for @babel/plugin-transform-dynamic-import@https://registry.npmjs.org/@babel/plugin-transform-dynamic-import/-/plugin-transform-dynamic-import-7.27.1.tgz. Extracting by manifest.
5318 silly tarball no local data for @babel/plugin-transform-duplicate-named-capturing-groups-regex@https://registry.npmjs.org/@babel/plugin-transform-duplicate-named-capturing-groups-regex/-/plugin-transform-duplicate-named-capturing-groups-regex-7.28.6.tgz. Extracting by manifest.
5319 silly tarball no local data for @babel/plugin-transform-duplicate-keys@https://registry.npmjs.org/@babel/plugin-transform-duplicate-keys/-/plugin-transform-duplicate-keys-7.27.1.tgz. Extracting by manifest.
5320 silly tarball no local data for @babel/plugin-transform-dotall-regex@https://registry.npmjs.org/@babel/plugin-transform-dotall-regex/-/plugin-transform-dotall-regex-7.28.6.tgz. Extracting by manifest.
5321 silly tarball no local data for @babel/plugin-transform-classes@https://registry.npmjs.org/@babel/plugin-transform-classes/-/plugin-transform-classes-7.28.6.tgz. Extracting by manifest.
5322 silly tarball no local data for @babel/helper-create-regexp-features-plugin@https://registry.npmjs.org/@babel/helper-create-regexp-features-plugin/-/helper-create-regexp-features-plugin-7.28.5.tgz. Extracting by manifest.
5323 silly tarball no local data for @babel/plugin-transform-class-static-block@https://registry.npmjs.org/@babel/plugin-transform-class-static-block/-/plugin-transform-class-static-block-7.28.6.tgz. Extracting by manifest.
5324 silly tarball no local data for @babel/plugin-transform-block-scoped-functions@https://registry.npmjs.org/@babel/plugin-transform-block-scoped-functions/-/plugin-transform-block-scoped-functions-7.27.1.tgz. Extracting by manifest.
5325 silly tarball no local data for @babel/plugin-transform-block-scoping@https://registry.npmjs.org/@babel/plugin-transform-block-scoping/-/plugin-transform-block-scoping-7.28.6.tgz. Extracting by manifest.
5326 silly tarball no local data for @babel/plugin-transform-async-generator-functions@https://registry.npmjs.org/@babel/plugin-transform-async-generator-functions/-/plugin-transform-async-generator-functions-7.28.6.tgz. Extracting by manifest.
5327 silly tarball no local data for @babel/plugin-transform-arrow-functions@https://registry.npmjs.org/@babel/plugin-transform-arrow-functions/-/plugin-transform-arrow-functions-7.27.1.tgz. Extracting by manifest.
5328 silly tarball no local data for @babel/plugin-syntax-unicode-sets-regex@https://registry.npmjs.org/@babel/plugin-syntax-unicode-sets-regex/-/plugin-syntax-unicode-sets-regex-7.18.6.tgz. Extracting by manifest.
5329 silly tarball no local data for @babel/plugin-syntax-import-attributes@https://registry.npmjs.org/@babel/plugin-syntax-import-attributes/-/plugin-syntax-import-attributes-7.28.6.tgz. Extracting by manifest.
5330 silly tarball no local data for @babel/plugin-transform-class-properties@https://registry.npmjs.org/@babel/plugin-transform-class-properties/-/plugin-transform-class-properties-7.28.6.tgz. Extracting by manifest.
5331 silly tarball no local data for @babel/plugin-bugfix-v8-static-class-fields-redefine-readonly@https://registry.npmjs.org/@babel/plugin-bugfix-v8-static-class-fields-redefine-readonly/-/plugin-bugfix-v8-static-class-fields-redefine-readonly-7.28.6.tgz. Extracting by manifest.
5332 silly tarball no local data for @babel/plugin-bugfix-v8-spread-parameters-in-optional-chaining@https://registry.npmjs.org/@babel/plugin-bugfix-v8-spread-parameters-in-optional-chaining/-/plugin-bugfix-v8-spread-parameters-in-optional-chaining-7.27.1.tgz. Extracting by manifest.
5333 silly tarball no local data for @babel/plugin-proposal-private-property-in-object@https://registry.npmjs.org/@babel/plugin-proposal-private-property-in-object/-/plugin-proposal-private-property-in-object-7.21.0-placeholder-for-preset-env.2.tgz. Extracting by manifest.
5334 silly tarball no local data for @babel/plugin-bugfix-safari-id-destructuring-collision-in-function-expression@https://registry.npmjs.org/@babel/plugin-bugfix-safari-id-destructuring-collision-in-function-expression/-/plugin-bugfix-safari-id-destructuring-collision-in-function-expression-7.27.1.tgz. Extracting by manifest.
5335 silly tarball no local data for @babel/plugin-syntax-import-assertions@https://registry.npmjs.org/@babel/plugin-syntax-import-assertions/-/plugin-syntax-import-assertions-7.28.6.tgz. Extracting by manifest.
5336 silly tarball no local data for @babel/plugin-bugfix-safari-class-field-initializer-scope@https://registry.npmjs.org/@babel/plugin-bugfix-safari-class-field-initializer-scope/-/plugin-bugfix-safari-class-field-initializer-scope-7.27.1.tgz. Extracting by manifest.
5337 silly tarball no local data for @babel/plugin-bugfix-firefox-class-in-computed-class-key@https://registry.npmjs.org/@babel/plugin-bugfix-firefox-class-in-computed-class-key/-/plugin-bugfix-firefox-class-in-computed-class-key-7.28.5.tgz. Extracting by manifest.
5338 silly tarball no local data for @babel/plugin-transform-destructuring@https://registry.npmjs.org/@babel/plugin-transform-destructuring/-/plugin-transform-destructuring-7.28.5.tgz. Extracting by manifest.
5339 silly tarball no local data for @babel/helper-skip-transparent-expression-wrappers@https://registry.npmjs.org/@babel/helper-skip-transparent-expression-wrappers/-/helper-skip-transparent-expression-wrappers-7.27.1.tgz. Extracting by manifest.
5340 silly tarball no local data for @babel/helper-replace-supers@https://registry.npmjs.org/@babel/helper-replace-supers/-/helper-replace-supers-7.28.6.tgz. Extracting by manifest.
5341 silly tarball no local data for @babel/helper-optimise-call-expression@https://registry.npmjs.org/@babel/helper-optimise-call-expression/-/helper-optimise-call-expression-7.27.1.tgz. Extracting by manifest.
5342 silly tarball no local data for @babel/plugin-transform-async-to-generator@https://registry.npmjs.org/@babel/plugin-transform-async-to-generator/-/plugin-transform-async-to-generator-7.28.6.tgz. Extracting by manifest.
5343 silly tarball no local data for @babel/helper-annotate-as-pure@https://registry.npmjs.org/@babel/helper-annotate-as-pure/-/helper-annotate-as-pure-7.27.3.tgz. Extracting by manifest.
5344 silly tarball no local data for @babel/helper-create-class-features-plugin@https://registry.npmjs.org/@babel/helper-create-class-features-plugin/-/helper-create-class-features-plugin-7.28.6.tgz. Extracting by manifest.
5345 silly tarball no local data for @babel/helper-plugin-utils@https://registry.npmjs.org/@babel/helper-plugin-utils/-/helper-plugin-utils-7.28.6.tgz. Extracting by manifest.
5346 silly tarball no local data for @babel/helper-member-expression-to-functions@https://registry.npmjs.org/@babel/helper-member-expression-to-functions/-/helper-member-expression-to-functions-7.28.5.tgz. Extracting by manifest.
5347 silly tarball no local data for lru-cache@https://registry.npmjs.org/lru-cache/-/lru-cache-5.1.1.tgz. Extracting by manifest.
5348 silly tarball no local data for @babel/plugin-syntax-decorators@https://registry.npmjs.org/@babel/plugin-syntax-decorators/-/plugin-syntax-decorators-7.28.6.tgz. Extracting by manifest.
5349 silly tarball no local data for @babel/helper-module-imports@https://registry.npmjs.org/@babel/helper-module-imports/-/helper-module-imports-7.28.6.tgz. Extracting by manifest.
5350 silly tarball no local data for browserslist@https://registry.npmjs.org/browserslist/-/browserslist-4.28.1.tgz. Extracting by manifest.
5351 silly tarball no local data for @babel/helper-validator-option@https://registry.npmjs.org/@babel/helper-validator-option/-/helper-validator-option-7.27.1.tgz. Extracting by manifest.
5352 silly tarball no local data for @babel/compat-data@https://registry.npmjs.org/@babel/compat-data/-/compat-data-7.28.6.tgz. Extracting by manifest.
5353 silly tarball no local data for jsesc@https://registry.npmjs.org/jsesc/-/jsesc-3.1.0.tgz. Extracting by manifest.
5354 silly tarball no local data for @jridgewell/trace-mapping@https://registry.npmjs.org/@jridgewell/trace-mapping/-/trace-mapping-0.3.31.tgz. Extracting by manifest.
5355 silly tarball no local data for @jridgewell/gen-mapping@https://registry.npmjs.org/@jridgewell/gen-mapping/-/gen-mapping-0.3.13.tgz. Extracting by manifest.
5356 silly tarball no local data for picocolors@https://registry.npmjs.org/picocolors/-/picocolors-1.1.1.tgz. Extracting by manifest.
5357 silly tarball no local data for @babel/helper-validator-identifier@https://registry.npmjs.org/@babel/helper-validator-identifier/-/helper-validator-identifier-7.28.5.tgz. Extracting by manifest.
5358 silly tarball no local data for js-tokens@https://registry.npmjs.org/js-tokens/-/js-tokens-4.0.0.tgz. Extracting by manifest.
5359 silly tarball no local data for json5@https://registry.npmjs.org/json5/-/json5-2.2.3.tgz. Extracting by manifest.
5360 silly tarball no local data for convert-source-map@https://registry.npmjs.org/convert-source-map/-/convert-source-map-2.0.0.tgz. Extracting by manifest.
5361 silly tarball no local data for @babel/types@https://registry.npmjs.org/@babel/types/-/types-7.28.6.tgz. Extracting by manifest.
5362 silly tarball no local data for @jridgewell/remapping@https://registry.npmjs.org/@jridgewell/remapping/-/remapping-2.3.5.tgz. Extracting by manifest.
5363 silly tarball no local data for gensync@https://registry.npmjs.org/gensync/-/gensync-1.0.0-beta.2.tgz. Extracting by manifest.
5364 silly tarball no local data for @babel/parser@https://registry.npmjs.org/@babel/parser/-/parser-7.28.6.tgz. Extracting by manifest.
5365 silly tarball no local data for @babel/template@https://registry.npmjs.org/@babel/template/-/template-7.28.6.tgz. Extracting by manifest.
5366 silly tarball no local data for @babel/helpers@https://registry.npmjs.org/@babel/helpers/-/helpers-7.28.6.tgz. Extracting by manifest.
5367 silly tarball no local data for @babel/helper-compilation-targets@https://registry.npmjs.org/@babel/helper-compilation-targets/-/helper-compilation-targets-7.28.6.tgz. Extracting by manifest.
5368 silly tarball no local data for @babel/helper-module-transforms@https://registry.npmjs.org/@babel/helper-module-transforms/-/helper-module-transforms-7.28.6.tgz. Extracting by manifest.
5369 silly tarball no local data for @babel/generator@https://registry.npmjs.org/@babel/generator/-/generator-7.28.6.tgz. Extracting by manifest.
5370 silly tarball no local data for @babel/code-frame@https://registry.npmjs.org/@babel/code-frame/-/code-frame-7.28.6.tgz. Extracting by manifest.
5371 silly tarball no local data for react-refresh@https://registry.npmjs.org/react-refresh/-/react-refresh-0.14.0.tgz. Extracting by manifest.
5372 silly tarball no local data for babel-plugin-react-native-web@https://registry.npmjs.org/babel-plugin-react-native-web/-/babel-plugin-react-native-web-0.18.12.tgz. Extracting by manifest.
5373 silly tarball no local data for @react-native/babel-preset@https://registry.npmjs.org/@react-native/babel-preset/-/babel-preset-0.73.21.tgz. Extracting by manifest.
5374 silly tarball no local data for @babel/preset-react@https://registry.npmjs.org/@babel/preset-react/-/preset-react-7.28.5.tgz. Extracting by manifest.
5375 silly tarball no local data for @babel/plugin-transform-parameters@https://registry.npmjs.org/@babel/plugin-transform-parameters/-/plugin-transform-parameters-7.27.7.tgz. Extracting by manifest.
5376 silly tarball no local data for @babel/plugin-transform-computed-properties@https://registry.npmjs.org/@babel/plugin-transform-computed-properties/-/plugin-transform-computed-properties-7.28.6.tgz. Extracting by manifest.
5377 silly tarball no local data for @babel/plugin-transform-object-rest-spread@https://registry.npmjs.org/@babel/plugin-transform-object-rest-spread/-/plugin-transform-object-rest-spread-7.28.6.tgz. Extracting by manifest.
5378 silly tarball no local data for @babel/core@https://registry.npmjs.org/@babel/core/-/core-7.28.6.tgz. Extracting by manifest.
5379 silly tarball no local data for @babel/plugin-proposal-decorators@https://registry.npmjs.org/@babel/plugin-proposal-decorators/-/plugin-proposal-decorators-7.28.6.tgz. Extracting by manifest.
5380 silly tarball no local data for @types/semver@https://registry.npmjs.org/@types/semver/-/semver-7.7.1.tgz. Extracting by manifest.
5381 silly tarball no local data for eslint-visitor-keys@https://registry.npmjs.org/eslint-visitor-keys/-/eslint-visitor-keys-3.4.3.tgz. Extracting by manifest.
5382 silly tarball no local data for @types/json-schema@https://registry.npmjs.org/@types/json-schema/-/json-schema-7.0.15.tgz. Extracting by manifest.
5383 silly tarball no local data for @eslint-community/eslint-utils@https://registry.npmjs.org/@eslint-community/eslint-utils/-/eslint-utils-4.9.1.tgz. Extracting by manifest.
5384 silly tarball no local data for is-glob@https://registry.npmjs.org/is-glob/-/is-glob-4.0.3.tgz. Extracting by manifest.
5385 silly tarball no local data for globby@https://registry.npmjs.org/globby/-/globby-11.1.0.tgz. Extracting by manifest.
5386 silly tarball no local data for @typescript-eslint/typescript-estree@https://registry.npmjs.org/@typescript-eslint/typescript-estree/-/typescript-estree-6.21.0.tgz. Extracting by manifest.
5387 silly tarball no local data for @babel/preset-env@https://registry.npmjs.org/@babel/preset-env/-/preset-env-7.28.6.tgz. Extracting by manifest.
5388 silly tarball no local data for @babel/plugin-transform-export-namespace-from@https://registry.npmjs.org/@babel/plugin-transform-export-namespace-from/-/plugin-transform-export-namespace-from-7.27.1.tgz. Extracting by manifest.
5389 silly tarball no local data for ts-api-utils@https://registry.npmjs.org/ts-api-utils/-/ts-api-utils-1.4.3.tgz. Extracting by manifest.
5390 silly tarball no local data for @babel/traverse@https://registry.npmjs.org/@babel/traverse/-/traverse-7.28.6.tgz. Extracting by manifest.
5391 silly tarball no local data for semver@https://registry.npmjs.org/semver/-/semver-7.7.3.tgz. Extracting by manifest.
5392 silly tarball no local data for natural-compare@https://registry.npmjs.org/natural-compare/-/natural-compare-1.4.0.tgz. Extracting by manifest.
5393 silly tarball no local data for ignore@https://registry.npmjs.org/ignore/-/ignore-5.3.2.tgz. Extracting by manifest.
5394 silly tarball no local data for minimatch@https://registry.npmjs.org/minimatch/-/minimatch-9.0.3.tgz. Extracting by manifest.
5395 silly tarball no local data for graphemer@https://registry.npmjs.org/graphemer/-/graphemer-1.4.0.tgz. Extracting by manifest.
5396 silly tarball no local data for debug@https://registry.npmjs.org/debug/-/debug-4.4.3.tgz. Extracting by manifest.
5397 silly tarball no local data for @typescript-eslint/utils@https://registry.npmjs.org/@typescript-eslint/utils/-/utils-6.21.0.tgz. Extracting by manifest.
5398 silly tarball no local data for @typescript-eslint/visitor-keys@https://registry.npmjs.org/@typescript-eslint/visitor-keys/-/visitor-keys-6.21.0.tgz. Extracting by manifest.
5399 silly tarball no local data for @typescript-eslint/type-utils@https://registry.npmjs.org/@typescript-eslint/type-utils/-/type-utils-6.21.0.tgz. Extracting by manifest.
5400 silly tarball no local data for @typescript-eslint/scope-manager@https://registry.npmjs.org/@typescript-eslint/scope-manager/-/scope-manager-6.21.0.tgz. Extracting by manifest.
5401 silly tarball no local data for csstype@https://registry.npmjs.org/csstype/-/csstype-3.2.3.tgz. Extracting by manifest.
5402 silly tarball no local data for @eslint-community/regexpp@https://registry.npmjs.org/@eslint-community/regexpp/-/regexpp-4.12.2.tgz. Extracting by manifest.
5403 silly tarball no local data for @types/prop-types@https://registry.npmjs.org/@types/prop-types/-/prop-types-15.7.15.tgz. Extracting by manifest.
5404 silly tarball no local data for @react-navigation/elements@https://registry.npmjs.org/@react-navigation/elements/-/elements-1.3.31.tgz. Extracting by manifest.
5405 silly tarball no local data for warn-once@https://registry.npmjs.org/warn-once/-/warn-once-0.1.1.tgz. Extracting by manifest.
5406 silly tarball no local data for use-latest-callback@https://registry.npmjs.org/use-latest-callback/-/use-latest-callback-0.2.6.tgz. Extracting by manifest.
5407 silly tarball no local data for react-is@https://registry.npmjs.org/react-is/-/react-is-16.13.1.tgz. Extracting by manifest.
5408 silly tarball no local data for query-string@https://registry.npmjs.org/query-string/-/query-string-7.1.3.tgz. Extracting by manifest.
5409 silly tarball no local data for @react-navigation/routers@https://registry.npmjs.org/@react-navigation/routers/-/routers-6.1.9.tgz. Extracting by manifest.
5410 silly tarball no local data for nanoid@https://registry.npmjs.org/nanoid/-/nanoid-3.3.11.tgz. Extracting by manifest.
5411 silly tarball no local data for fast-deep-equal@https://registry.npmjs.org/fast-deep-equal/-/fast-deep-equal-3.1.3.tgz. Extracting by manifest.
5412 silly tarball no local data for escape-string-regexp@https://registry.npmjs.org/escape-string-regexp/-/escape-string-regexp-4.0.0.tgz. Extracting by manifest.
5413 silly tarball no local data for typescript@https://registry.npmjs.org/typescript/-/typescript-5.9.3.tgz. Extracting by manifest.
5414 silly tarball no local data for @react-navigation/core@https://registry.npmjs.org/@react-navigation/core/-/core-6.4.17.tgz. Extracting by manifest.
5415 silly tarball no local data for expo-image-picker@https://registry.npmjs.org/expo-image-picker/-/expo-image-picker-15.1.0.tgz. Extracting by manifest.
5416 silly tarball no local data for expo@https://registry.npmjs.org/expo/-/expo-51.0.39.tgz. Extracting by manifest.
5417 silly tarball no local data for @typescript-eslint/parser@https://registry.npmjs.org/@typescript-eslint/parser/-/parser-6.21.0.tgz. Extracting by manifest.
5418 silly tarball no local data for expo-status-bar@https://registry.npmjs.org/expo-status-bar/-/expo-status-bar-1.12.1.tgz. Extracting by manifest.
5419 silly tarball no local data for @typescript-eslint/types@https://registry.npmjs.org/@typescript-eslint/types/-/types-6.21.0.tgz. Extracting by manifest.
5420 silly tarball no local data for eslint@https://registry.npmjs.org/eslint/-/eslint-8.57.1.tgz. Extracting by manifest.
5421 silly tarball no local data for @typescript-eslint/eslint-plugin@https://registry.npmjs.org/@typescript-eslint/eslint-plugin/-/eslint-plugin-6.21.0.tgz. Extracting by manifest.
5422 silly tarball no local data for @types/react@https://registry.npmjs.org/@types/react/-/react-18.3.27.tgz. Extracting by manifest.
5423 silly tarball no local data for @types/react-native@https://registry.npmjs.org/@types/react-native/-/react-native-0.73.0.tgz. Extracting by manifest.
5424 silly tarball no local data for react-native-safe-area-context@https://registry.npmjs.org/react-native-safe-area-context/-/react-native-safe-area-context-4.14.1.tgz. Extracting by manifest.
5425 silly tarball no local data for react-native-screens@https://registry.npmjs.org/react-native-screens/-/react-native-screens-3.37.0.tgz. Extracting by manifest.
5426 silly tarball no local data for @react-navigation/native-stack@https://registry.npmjs.org/@react-navigation/native-stack/-/native-stack-6.11.0.tgz. Extracting by manifest.
5427 silly tarball no local data for react-native@https://registry.npmjs.org/react-native/-/react-native-0.74.1.tgz. Extracting by manifest.
5428 silly tarball no local data for react@https://registry.npmjs.org/react/-/react-18.2.0.tgz. Extracting by manifest.
5429 silly tarball no local data for @react-navigation/native@https://registry.npmjs.org/@react-navigation/native/-/native-6.1.18.tgz. Extracting by manifest.
5430 timing metavuln:cache:get:security-advisory:send:8NP35PpfDEVbqnzPdc9zuVQOxwpjeCWA/vn7Q9SplgLVmZPjGaDssuEM0QllxNS2U4IM79h+Qp8GEO0schn/xw== Completed in 2266ms
5431 timing metavuln:load:security-advisory:send:1109556 Completed in 3ms
5432 timing metavuln:cache:get:security-advisory:tar:XkIoP7Nf5iKP9YjMhFMb4neCa/uLRHRkTYo4Mvfph4wiuO48y3y1Gluh8DODgoAL3QlAsmTvISh8PEMP/u+YXA== Completed in 2270ms
5433 timing metavuln:load:security-advisory:tar:1112255 Completed in 5ms
5434 silly tarball no local data for color-name@https://registry.npmjs.org/color-name/-/color-name-1.1.3.tgz. Extracting by manifest.
5435 silly tarball no local data for color-convert@https://registry.npmjs.org/color-convert/-/color-convert-1.9.3.tgz. Extracting by manifest.
5436 silly tarball no local data for @types/yargs@https://registry.npmjs.org/@types/yargs/-/yargs-13.0.12.tgz. Extracting by manifest.
5437 silly tarball no local data for @types/istanbul-reports@https://registry.npmjs.org/@types/istanbul-reports/-/istanbul-reports-1.1.2.tgz. Extracting by manifest.
5438 silly tarball no local data for ansi-styles@https://registry.npmjs.org/ansi-styles/-/ansi-styles-3.2.1.tgz. Extracting by manifest.
5439 silly tarball no local data for @jest/types@https://registry.npmjs.org/@jest/types/-/types-24.9.0.tgz. Extracting by manifest.
5440 silly tarball no local data for source-map@https://registry.npmjs.org/source-map/-/source-map-0.5.7.tgz. Extracting by manifest.
5441 silly tarball no local data for babel-preset-expo@https://registry.npmjs.org/babel-preset-expo/-/babel-preset-expo-10.0.2.tgz. Extracting by manifest.
5442 silly tarball no local data for jsesc@https://registry.npmjs.org/jsesc/-/jsesc-2.5.2.tgz. Extracting by manifest.
5443 silly tarball no local data for callsites@https://registry.npmjs.org/callsites/-/callsites-2.0.0.tgz. Extracting by manifest.
5444 silly tarball no local data for pretty-format@https://registry.npmjs.org/pretty-format/-/pretty-format-24.9.0.tgz. Extracting by manifest.
5445 silly tarball no local data for is-fullwidth-code-point@https://registry.npmjs.org/is-fullwidth-code-point/-/is-fullwidth-code-point-3.0.0.tgz. Extracting by manifest.
5446 silly tarball no local data for ansi-styles@https://registry.npmjs.org/ansi-styles/-/ansi-styles-6.2.3.tgz. Extracting by manifest.
5447 silly tarball no local data for ansi-regex@https://registry.npmjs.org/ansi-regex/-/ansi-regex-6.2.2.tgz. Extracting by manifest.
5448 silly tarball no local data for emoji-regex@https://registry.npmjs.org/emoji-regex/-/emoji-regex-9.2.2.tgz. Extracting by manifest.
5449 silly tarball no local data for wrap-ansi@https://registry.npmjs.org/wrap-ansi/-/wrap-ansi-8.1.0.tgz. Extracting by manifest.
5450 silly tarball no local data for strip-ansi@https://registry.npmjs.org/strip-ansi/-/strip-ansi-7.1.2.tgz. Extracting by manifest.
5451 silly tarball no local data for string-width@https://registry.npmjs.org/string-width/-/string-width-5.1.2.tgz. Extracting by manifest.
5452 silly tarball no local data for lru-cache@https://registry.npmjs.org/lru-cache/-/lru-cache-10.4.3.tgz. Extracting by manifest.
5453 silly tarball no local data for signal-exit@https://registry.npmjs.org/signal-exit/-/signal-exit-4.1.0.tgz. Extracting by manifest.
5454 silly tarball no local data for readable-stream@https://registry.npmjs.org/readable-stream/-/readable-stream-3.6.2.tgz. Extracting by manifest.
5455 silly tarball no local data for has-flag@https://registry.npmjs.org/has-flag/-/has-flag-3.0.0.tgz. Extracting by manifest.
5456 silly tarball no local data for color-convert@https://registry.npmjs.org/color-convert/-/color-convert-1.9.3.tgz. Extracting by manifest.
5457 silly tarball no local data for color-name@https://registry.npmjs.org/color-name/-/color-name-1.1.3.tgz. Extracting by manifest.
5458 silly tarball no local data for @babel/generator@https://registry.npmjs.org/@babel/generator/-/generator-7.2.0.tgz. Extracting by manifest.
5459 silly tarball no local data for supports-color@https://registry.npmjs.org/supports-color/-/supports-color-5.5.0.tgz. Extracting by manifest.
5460 silly tarball no local data for escape-string-regexp@https://registry.npmjs.org/escape-string-regexp/-/escape-string-regexp-1.0.5.tgz. Extracting by manifest.
5461 silly tarball no local data for chalk@https://registry.npmjs.org/chalk/-/chalk-2.4.2.tgz. Extracting by manifest.
5462 silly tarball no local data for ansi-styles@https://registry.npmjs.org/ansi-styles/-/ansi-styles-3.2.1.tgz. Extracting by manifest.
5463 silly tarball no local data for xmlbuilder@https://registry.npmjs.org/xmlbuilder/-/xmlbuilder-15.1.1.tgz. Extracting by manifest.
5464 silly tarball no local data for @xmldom/xmldom@https://registry.npmjs.org/@xmldom/xmldom/-/xmldom-0.8.11.tgz. Extracting by manifest.
5465 silly tarball no local data for bplist-parser@https://registry.npmjs.org/bplist-parser/-/bplist-parser-0.3.1.tgz. Extracting by manifest.
5466 silly tarball no local data for is-fullwidth-code-point@https://registry.npmjs.org/is-fullwidth-code-point/-/is-fullwidth-code-point-3.0.0.tgz. Extracting by manifest.
5467 silly tarball no local data for bplist-creator@https://registry.npmjs.org/bplist-creator/-/bplist-creator-0.1.0.tgz. Extracting by manifest.
5468 silly tarball no local data for clone@https://registry.npmjs.org/clone/-/clone-1.0.4.tgz. Extracting by manifest.
5469 silly tarball no local data for isarray@https://registry.npmjs.org/isarray/-/isarray-2.0.5.tgz. Extracting by manifest.
5470 silly tarball no local data for isarray@https://registry.npmjs.org/isarray/-/isarray-2.0.5.tgz. Extracting by manifest.
5471 silly tarball no local data for isarray@https://registry.npmjs.org/isarray/-/isarray-2.0.5.tgz. Extracting by manifest.
5472 silly tarball no local data for safe-buffer@https://registry.npmjs.org/safe-buffer/-/safe-buffer-5.1.2.tgz. Extracting by manifest.
5473 silly tarball no local data for type-fest@https://registry.npmjs.org/type-fest/-/type-fest-0.21.3.tgz. Extracting by manifest.
5474 silly tarball no local data for yallist@https://registry.npmjs.org/yallist/-/yallist-4.0.0.tgz. Extracting by manifest.
5475 silly tarball no local data for minipass@https://registry.npmjs.org/minipass/-/minipass-3.3.6.tgz. Extracting by manifest.
5476 silly tarball no local data for statuses@https://registry.npmjs.org/statuses/-/statuses-2.0.1.tgz. Extracting by manifest.
5477 silly tarball no local data for safe-buffer@https://registry.npmjs.org/safe-buffer/-/safe-buffer-5.1.2.tgz. Extracting by manifest.
5478 silly tarball no local data for commander@https://registry.npmjs.org/commander/-/commander-2.20.3.tgz. Extracting by manifest.
5479 silly tarball no local data for picomatch@https://registry.npmjs.org/picomatch/-/picomatch-2.3.1.tgz. Extracting by manifest.
5480 silly tarball no local data for react-is@https://registry.npmjs.org/react-is/-/react-is-18.3.1.tgz. Extracting by manifest.
5481 silly tarball no local data for ansi-styles@https://registry.npmjs.org/ansi-styles/-/ansi-styles-5.2.0.tgz. Extracting by manifest.
5482 silly tarball no local data for pretty-format@https://registry.npmjs.org/pretty-format/-/pretty-format-29.7.0.tgz. Extracting by manifest.
5483 silly tarball no local data for source-map@https://registry.npmjs.org/source-map/-/source-map-0.5.7.tgz. Extracting by manifest.
5484 silly tarball no local data for debug@https://registry.npmjs.org/debug/-/debug-2.6.9.tgz. Extracting by manifest.
5485 silly tarball no local data for strip-json-comments@https://registry.npmjs.org/strip-json-comments/-/strip-json-comments-2.0.1.tgz. Extracting by manifest.
5486 silly tarball no local data for hermes-parser@https://registry.npmjs.org/hermes-parser/-/hermes-parser-0.23.1.tgz. Extracting by manifest.
5487 silly tarball no local data for hermes-estree@https://registry.npmjs.org/hermes-estree/-/hermes-estree-0.23.1.tgz. Extracting by manifest.
5488 silly tarball no local data for supports-color@https://registry.npmjs.org/supports-color/-/supports-color-8.1.1.tgz. Extracting by manifest.
5489 silly tarball no local data for color-name@https://registry.npmjs.org/color-name/-/color-name-1.1.3.tgz. Extracting by manifest.
5490 silly tarball no local data for color-convert@https://registry.npmjs.org/color-convert/-/color-convert-1.9.3.tgz. Extracting by manifest.
5491 silly tarball no local data for ms@https://registry.npmjs.org/ms/-/ms-2.0.0.tgz. Extracting by manifest.
5492 silly tarball no local data for ansi-regex@https://registry.npmjs.org/ansi-regex/-/ansi-regex-4.1.1.tgz. Extracting by manifest.
5493 silly tarball no local data for ansi-styles@https://registry.npmjs.org/ansi-styles/-/ansi-styles-3.2.1.tgz. Extracting by manifest.
5494 silly tarball no local data for strip-ansi@https://registry.npmjs.org/strip-ansi/-/strip-ansi-5.2.0.tgz. Extracting by manifest.
5495 silly tarball no local data for escape-string-regexp@https://registry.npmjs.org/escape-string-regexp/-/escape-string-regexp-2.0.0.tgz. Extracting by manifest.
5496 silly tarball no local data for ansi-styles@https://registry.npmjs.org/ansi-styles/-/ansi-styles-5.2.0.tgz. Extracting by manifest.
5497 silly tarball no local data for react-is@https://registry.npmjs.org/react-is/-/react-is-18.3.1.tgz. Extracting by manifest.
5498 silly tarball no local data for picomatch@https://registry.npmjs.org/picomatch/-/picomatch-2.3.1.tgz. Extracting by manifest.
5499 silly tarball no local data for hermes-estree@https://registry.npmjs.org/hermes-estree/-/hermes-estree-0.23.1.tgz. Extracting by manifest.
5500 silly tarball no local data for pretty-format@https://registry.npmjs.org/pretty-format/-/pretty-format-29.7.0.tgz. Extracting by manifest.
5501 silly tarball no local data for ms@https://registry.npmjs.org/ms/-/ms-2.0.0.tgz. Extracting by manifest.
5502 silly tarball no local data for ws@https://registry.npmjs.org/ws/-/ws-7.5.10.tgz. Extracting by manifest.
5503 silly tarball no local data for source-map@https://registry.npmjs.org/source-map/-/source-map-0.5.7.tgz. Extracting by manifest.
5504 silly tarball no local data for hermes-parser@https://registry.npmjs.org/hermes-parser/-/hermes-parser-0.23.1.tgz. Extracting by manifest.
5505 silly tarball no local data for ci-info@https://registry.npmjs.org/ci-info/-/ci-info-2.0.0.tgz. Extracting by manifest.
5506 silly tarball no local data for debug@https://registry.npmjs.org/debug/-/debug-2.6.9.tgz. Extracting by manifest.
5507 silly tarball no local data for @react-native/codegen@https://registry.npmjs.org/@react-native/codegen/-/codegen-0.74.83.tgz. Extracting by manifest.
5508 silly tarball no local data for @react-native/babel-plugin-codegen@https://registry.npmjs.org/@react-native/babel-plugin-codegen/-/babel-plugin-codegen-0.74.83.tgz. Extracting by manifest.
5509 silly tarball no local data for @react-native/babel-preset@https://registry.npmjs.org/@react-native/babel-preset/-/babel-preset-0.74.83.tgz. Extracting by manifest.
5510 silly tarball no local data for ms@https://registry.npmjs.org/ms/-/ms-2.0.0.tgz. Extracting by manifest.
5511 silly tarball no local data for negotiator@https://registry.npmjs.org/negotiator/-/negotiator-0.6.4.tgz. Extracting by manifest.
5512 silly tarball no local data for ansi-regex@https://registry.npmjs.org/ansi-regex/-/ansi-regex-4.1.1.tgz. Extracting by manifest.
5513 silly tarball no local data for p-locate@https://registry.npmjs.org/p-locate/-/p-locate-4.1.0.tgz. Extracting by manifest.
5514 silly tarball no local data for locate-path@https://registry.npmjs.org/locate-path/-/locate-path-5.0.0.tgz. Extracting by manifest.
5515 silly tarball no local data for camelcase@https://registry.npmjs.org/camelcase/-/camelcase-5.3.1.tgz. Extracting by manifest.
5516 silly tarball no local data for wrap-ansi@https://registry.npmjs.org/wrap-ansi/-/wrap-ansi-6.2.0.tgz. Extracting by manifest.
5517 silly tarball no local data for yargs-parser@https://registry.npmjs.org/yargs-parser/-/yargs-parser-18.1.3.tgz. Extracting by manifest.
5518 silly tarball no local data for y18n@https://registry.npmjs.org/y18n/-/y18n-4.0.3.tgz. Extracting by manifest.
5519 silly tarball no local data for find-up@https://registry.npmjs.org/find-up/-/find-up-4.1.0.tgz. Extracting by manifest.
5520 silly tarball no local data for cliui@https://registry.npmjs.org/cliui/-/cliui-6.0.0.tgz. Extracting by manifest.
5521 silly tarball no local data for yargs@https://registry.npmjs.org/yargs/-/yargs-15.4.1.tgz. Extracting by manifest.
5522 silly tarball no local data for restore-cursor@https://registry.npmjs.org/restore-cursor/-/restore-cursor-3.1.0.tgz. Extracting by manifest.
5523 silly tarball no local data for cli-cursor@https://registry.npmjs.org/cli-cursor/-/cli-cursor-3.1.0.tgz. Extracting by manifest.
5524 silly tarball no local data for onetime@https://registry.npmjs.org/onetime/-/onetime-5.1.2.tgz. Extracting by manifest.
5525 silly tarball no local data for mimic-fn@https://registry.npmjs.org/mimic-fn/-/mimic-fn-2.1.0.tgz. Extracting by manifest.
5526 silly tarball no local data for npm-run-path@https://registry.npmjs.org/npm-run-path/-/npm-run-path-4.0.1.tgz. Extracting by manifest.
5527 silly tarball no local data for log-symbols@https://registry.npmjs.org/log-symbols/-/log-symbols-4.1.0.tgz. Extracting by manifest.
5528 silly tarball no local data for is-stream@https://registry.npmjs.org/is-stream/-/is-stream-2.0.1.tgz. Extracting by manifest.
5529 silly tarball no local data for p-limit@https://registry.npmjs.org/p-limit/-/p-limit-2.3.0.tgz. Extracting by manifest.
5530 silly tarball no local data for get-stream@https://registry.npmjs.org/get-stream/-/get-stream-6.0.1.tgz. Extracting by manifest.
5531 silly tarball no local data for ora@https://registry.npmjs.org/ora/-/ora-5.4.1.tgz. Extracting by manifest.
5532 silly tarball no local data for argparse@https://registry.npmjs.org/argparse/-/argparse-1.0.10.tgz. Extracting by manifest.
5533 silly tarball no local data for execa@https://registry.npmjs.org/execa/-/execa-5.1.1.tgz. Extracting by manifest.
5534 silly tarball no local data for resolve-from@https://registry.npmjs.org/resolve-from/-/resolve-from-3.0.0.tgz. Extracting by manifest.
5535 silly tarball no local data for js-yaml@https://registry.npmjs.org/js-yaml/-/js-yaml-3.14.2.tgz. Extracting by manifest.
5536 silly tarball no local data for restore-cursor@https://registry.npmjs.org/restore-cursor/-/restore-cursor-3.1.0.tgz. Extracting by manifest.
5537 silly tarball no local data for log-symbols@https://registry.npmjs.org/log-symbols/-/log-symbols-4.1.0.tgz. Extracting by manifest.
5538 silly tarball no local data for import-fresh@https://registry.npmjs.org/import-fresh/-/import-fresh-2.0.0.tgz. Extracting by manifest.
5539 silly tarball no local data for cli-cursor@https://registry.npmjs.org/cli-cursor/-/cli-cursor-3.1.0.tgz. Extracting by manifest.
5540 silly tarball no local data for is-wsl@https://registry.npmjs.org/is-wsl/-/is-wsl-1.1.0.tgz. Extracting by manifest.
5541 silly tarball no local data for onetime@https://registry.npmjs.org/onetime/-/onetime-5.1.2.tgz. Extracting by manifest.
5542 silly tarball no local data for mimic-fn@https://registry.npmjs.org/mimic-fn/-/mimic-fn-2.1.0.tgz. Extracting by manifest.
5543 silly tarball no local data for npm-run-path@https://registry.npmjs.org/npm-run-path/-/npm-run-path-4.0.1.tgz. Extracting by manifest.
5544 silly tarball no local data for get-stream@https://registry.npmjs.org/get-stream/-/get-stream-6.0.1.tgz. Extracting by manifest.
5545 silly tarball no local data for ora@https://registry.npmjs.org/ora/-/ora-5.4.1.tgz. Extracting by manifest.
5546 silly tarball no local data for is-stream@https://registry.npmjs.org/is-stream/-/is-stream-2.0.1.tgz. Extracting by manifest.
5547 silly tarball no local data for open@https://registry.npmjs.org/open/-/open-6.4.0.tgz. Extracting by manifest.
5548 silly tarball no local data for execa@https://registry.npmjs.org/execa/-/execa-5.1.1.tgz. Extracting by manifest.
5549 silly tarball no local data for log-symbols@https://registry.npmjs.org/log-symbols/-/log-symbols-4.1.0.tgz. Extracting by manifest.
5550 silly tarball no local data for restore-cursor@https://registry.npmjs.org/restore-cursor/-/restore-cursor-3.1.0.tgz. Extracting by manifest.
5551 silly tarball no local data for cli-cursor@https://registry.npmjs.org/cli-cursor/-/cli-cursor-3.1.0.tgz. Extracting by manifest.
5552 silly tarball no local data for onetime@https://registry.npmjs.org/onetime/-/onetime-5.1.2.tgz. Extracting by manifest.
5553 silly tarball no local data for ws@https://registry.npmjs.org/ws/-/ws-6.2.3.tgz. Extracting by manifest.
5554 silly tarball no local data for mimic-fn@https://registry.npmjs.org/mimic-fn/-/mimic-fn-2.1.0.tgz. Extracting by manifest.
5555 silly tarball no local data for is-stream@https://registry.npmjs.org/is-stream/-/is-stream-2.0.1.tgz. Extracting by manifest.
5556 silly tarball no local data for get-stream@https://registry.npmjs.org/get-stream/-/get-stream-6.0.1.tgz. Extracting by manifest.
5557 silly tarball no local data for strip-ansi@https://registry.npmjs.org/strip-ansi/-/strip-ansi-5.2.0.tgz. Extracting by manifest.
5558 silly tarball no local data for npm-run-path@https://registry.npmjs.org/npm-run-path/-/npm-run-path-4.0.1.tgz. Extracting by manifest.
5559 silly tarball no local data for ora@https://registry.npmjs.org/ora/-/ora-5.4.1.tgz. Extracting by manifest.
5560 silly tarball no local data for ansi-regex@https://registry.npmjs.org/ansi-regex/-/ansi-regex-4.1.1.tgz. Extracting by manifest.
5561 silly tarball no local data for strip-ansi@https://registry.npmjs.org/strip-ansi/-/strip-ansi-6.0.1.tgz. Extracting by manifest.
5562 silly tarball no local data for mimic-fn@https://registry.npmjs.org/mimic-fn/-/mimic-fn-2.1.0.tgz. Extracting by manifest.
5563 silly tarball no local data for onetime@https://registry.npmjs.org/onetime/-/onetime-5.1.2.tgz. Extracting by manifest.
5564 silly tarball no local data for is-stream@https://registry.npmjs.org/is-stream/-/is-stream-2.0.1.tgz. Extracting by manifest.
5565 silly tarball no local data for execa@https://registry.npmjs.org/execa/-/execa-5.1.1.tgz. Extracting by manifest.
5566 silly tarball no local data for npm-run-path@https://registry.npmjs.org/npm-run-path/-/npm-run-path-4.0.1.tgz. Extracting by manifest.
5567 silly tarball no local data for get-stream@https://registry.npmjs.org/get-stream/-/get-stream-6.0.1.tgz. Extracting by manifest.
5568 silly tarball no local data for execa@https://registry.npmjs.org/execa/-/execa-5.1.1.tgz. Extracting by manifest.
5569 silly tarball no local data for ws@https://registry.npmjs.org/ws/-/ws-7.5.10.tgz. Extracting by manifest.
5570 silly tarball no local data for @types/yargs@https://registry.npmjs.org/@types/yargs/-/yargs-15.0.20.tgz. Extracting by manifest.
5571 silly tarball no local data for source-map@https://registry.npmjs.org/source-map/-/source-map-0.5.7.tgz. Extracting by manifest.
5572 silly tarball no local data for onetime@https://registry.npmjs.org/onetime/-/onetime-5.1.2.tgz. Extracting by manifest.
5573 silly tarball no local data for mimic-fn@https://registry.npmjs.org/mimic-fn/-/mimic-fn-2.1.0.tgz. Extracting by manifest.
5574 silly tarball no local data for npm-run-path@https://registry.npmjs.org/npm-run-path/-/npm-run-path-4.0.1.tgz. Extracting by manifest.
5575 silly tarball no local data for ms@https://registry.npmjs.org/ms/-/ms-2.0.0.tgz. Extracting by manifest.
5576 silly tarball no local data for react-is@https://registry.npmjs.org/react-is/-/react-is-17.0.2.tgz. Extracting by manifest.
5577 silly tarball no local data for get-stream@https://registry.npmjs.org/get-stream/-/get-stream-6.0.1.tgz. Extracting by manifest.
5578 silly tarball no local data for @jest/types@https://registry.npmjs.org/@jest/types/-/types-26.6.2.tgz. Extracting by manifest.
5579 silly tarball no local data for debug@https://registry.npmjs.org/debug/-/debug-2.6.9.tgz. Extracting by manifest.
5580 silly tarball no local data for debug@https://registry.npmjs.org/debug/-/debug-2.6.9.tgz. Extracting by manifest.
5581 silly tarball no local data for ws@https://registry.npmjs.org/ws/-/ws-6.2.3.tgz. Extracting by manifest.
5582 silly tarball no local data for execa@https://registry.npmjs.org/execa/-/execa-5.1.1.tgz. Extracting by manifest.
5583 silly tarball no local data for open@https://registry.npmjs.org/open/-/open-7.4.2.tgz. Extracting by manifest.
5584 silly tarball no local data for @react-native/debugger-frontend@https://registry.npmjs.org/@react-native/debugger-frontend/-/debugger-frontend-0.74.83.tgz. Extracting by manifest.
5585 silly tarball no local data for @react-native/dev-middleware@https://registry.npmjs.org/@react-native/dev-middleware/-/dev-middleware-0.74.83.tgz. Extracting by manifest.
5586 silly tarball no local data for mimic-fn@https://registry.npmjs.org/mimic-fn/-/mimic-fn-2.1.0.tgz. Extracting by manifest.
5587 silly tarball no local data for onetime@https://registry.npmjs.org/onetime/-/onetime-5.1.2.tgz. Extracting by manifest.
5588 silly tarball no local data for is-stream@https://registry.npmjs.org/is-stream/-/is-stream-2.0.1.tgz. Extracting by manifest.
5589 silly tarball no local data for npm-run-path@https://registry.npmjs.org/npm-run-path/-/npm-run-path-4.0.1.tgz. Extracting by manifest.
5590 silly tarball no local data for execa@https://registry.npmjs.org/execa/-/execa-5.1.1.tgz. Extracting by manifest.
5591 silly tarball no local data for get-stream@https://registry.npmjs.org/get-stream/-/get-stream-6.0.1.tgz. Extracting by manifest.
5592 silly tarball no local data for mimic-fn@https://registry.npmjs.org/mimic-fn/-/mimic-fn-2.1.0.tgz. Extracting by manifest.
5593 silly tarball no local data for p-limit@https://registry.npmjs.org/p-limit/-/p-limit-2.3.0.tgz. Extracting by manifest.
5594 silly tarball no local data for locate-path@https://registry.npmjs.org/locate-path/-/locate-path-5.0.0.tgz. Extracting by manifest.
5595 silly tarball no local data for p-locate@https://registry.npmjs.org/p-locate/-/p-locate-4.1.0.tgz. Extracting by manifest.
5596 silly tarball no local data for onetime@https://registry.npmjs.org/onetime/-/onetime-5.1.2.tgz. Extracting by manifest.
5597 silly tarball no local data for is-stream@https://registry.npmjs.org/is-stream/-/is-stream-2.0.1.tgz. Extracting by manifest.
5598 silly tarball no local data for get-stream@https://registry.npmjs.org/get-stream/-/get-stream-6.0.1.tgz. Extracting by manifest.
5599 silly tarball no local data for npm-run-path@https://registry.npmjs.org/npm-run-path/-/npm-run-path-4.0.1.tgz. Extracting by manifest.
5600 silly tarball no local data for find-up@https://registry.npmjs.org/find-up/-/find-up-4.1.0.tgz. Extracting by manifest.
5601 silly tarball no local data for execa@https://registry.npmjs.org/execa/-/execa-5.1.1.tgz. Extracting by manifest.
5602 silly tarball no local data for commander@https://registry.npmjs.org/commander/-/commander-9.5.0.tgz. Extracting by manifest.
5603 silly tarball no local data for color-name@https://registry.npmjs.org/color-name/-/color-name-1.1.3.tgz. Extracting by manifest.
5604 silly tarball no local data for color-convert@https://registry.npmjs.org/color-convert/-/color-convert-1.9.3.tgz. Extracting by manifest.
5605 silly tarball no local data for has-flag@https://registry.npmjs.org/has-flag/-/has-flag-3.0.0.tgz. Extracting by manifest.
5606 silly tarball no local data for supports-color@https://registry.npmjs.org/supports-color/-/supports-color-5.5.0.tgz. Extracting by manifest.
5607 silly tarball no local data for escape-string-regexp@https://registry.npmjs.org/escape-string-regexp/-/escape-string-regexp-1.0.5.tgz. Extracting by manifest.
5608 silly tarball no local data for ansi-styles@https://registry.npmjs.org/ansi-styles/-/ansi-styles-3.2.1.tgz. Extracting by manifest.
5609 silly tarball no local data for chalk@https://registry.npmjs.org/chalk/-/chalk-2.4.2.tgz. Extracting by manifest.
5610 silly tarball no local data for yallist@https://registry.npmjs.org/yallist/-/yallist-4.0.0.tgz. Extracting by manifest.
5611 silly tarball no local data for lru-cache@https://registry.npmjs.org/lru-cache/-/lru-cache-6.0.0.tgz. Extracting by manifest.
5612 silly tarball no local data for is-glob@https://registry.npmjs.org/is-glob/-/is-glob-2.0.1.tgz. Extracting by manifest.
5613 silly tarball no local data for p-limit@https://registry.npmjs.org/p-limit/-/p-limit-2.3.0.tgz. Extracting by manifest.
5614 silly tarball no local data for p-locate@https://registry.npmjs.org/p-locate/-/p-locate-3.0.0.tgz. Extracting by manifest.
5615 silly tarball no local data for find-up@https://registry.npmjs.org/find-up/-/find-up-3.0.0.tgz. Extracting by manifest.
5616 silly tarball no local data for locate-path@https://registry.npmjs.org/locate-path/-/locate-path-3.0.0.tgz. Extracting by manifest.
5617 silly tarball no local data for semver@https://registry.npmjs.org/semver/-/semver-5.7.2.tgz. Extracting by manifest.
5618 silly tarball no local data for rimraf@https://registry.npmjs.org/rimraf/-/rimraf-2.6.3.tgz. Extracting by manifest.
5619 silly tarball no local data for is-extglob@https://registry.npmjs.org/is-extglob/-/is-extglob-1.0.0.tgz. Extracting by manifest.
5620 silly tarball no local data for brace-expansion@https://registry.npmjs.org/brace-expansion/-/brace-expansion-1.1.12.tgz. Extracting by manifest.
5621 silly tarball no local data for minimatch@https://registry.npmjs.org/minimatch/-/minimatch-3.1.2.tgz. Extracting by manifest.
5622 silly tarball no local data for path-exists@https://registry.npmjs.org/path-exists/-/path-exists-3.0.0.tgz. Extracting by manifest.
5623 silly tarball no local data for source-map@https://registry.npmjs.org/source-map/-/source-map-0.6.1.tgz. Extracting by manifest.
5624 silly tarball no local data for path-key@https://registry.npmjs.org/path-key/-/path-key-2.0.1.tgz. Extracting by manifest.
5625 silly tarball no local data for shebang-regex@https://registry.npmjs.org/shebang-regex/-/shebang-regex-1.0.0.tgz. Extracting by manifest.
5626 silly tarball no local data for semver@https://registry.npmjs.org/semver/-/semver-5.7.2.tgz. Extracting by manifest.
5627 silly tarball no local data for path-key@https://registry.npmjs.org/path-key/-/path-key-2.0.1.tgz. Extracting by manifest.
5628 silly tarball no local data for picomatch@https://registry.npmjs.org/picomatch/-/picomatch-2.3.1.tgz. Extracting by manifest.
5629 silly tarball no local data for ms@https://registry.npmjs.org/ms/-/ms-2.0.0.tgz. Extracting by manifest.
5630 silly tarball no local data for which@https://registry.npmjs.org/which/-/which-1.3.1.tgz. Extracting by manifest.
5631 silly tarball no local data for debug@https://registry.npmjs.org/debug/-/debug-2.6.9.tgz. Extracting by manifest.
5632 silly tarball no local data for minipass@https://registry.npmjs.org/minipass/-/minipass-3.3.6.tgz. Extracting by manifest.
5633 silly tarball no local data for yallist@https://registry.npmjs.org/yallist/-/yallist-4.0.0.tgz. Extracting by manifest.
5634 silly tarball no local data for minipass@https://registry.npmjs.org/minipass/-/minipass-3.3.6.tgz. Extracting by manifest.
5635 silly tarball no local data for ms@https://registry.npmjs.org/ms/-/ms-2.0.0.tgz. Extracting by manifest.
5636 silly tarball no local data for shebang-command@https://registry.npmjs.org/shebang-command/-/shebang-command-1.2.0.tgz. Extracting by manifest.
5637 silly tarball no local data for mime@https://registry.npmjs.org/mime/-/mime-1.6.0.tgz. Extracting by manifest.
5638 silly tarball no local data for cross-spawn@https://registry.npmjs.org/cross-spawn/-/cross-spawn-6.0.6.tgz. Extracting by manifest.
5639 silly tarball no local data for statuses@https://registry.npmjs.org/statuses/-/statuses-2.0.2.tgz. Extracting by manifest.
5640 silly tarball no local data for debug@https://registry.npmjs.org/debug/-/debug-2.6.9.tgz. Extracting by manifest.
5641 silly tarball no local data for ms@https://registry.npmjs.org/ms/-/ms-2.0.0.tgz. Extracting by manifest.
5642 silly tarball no local data for send@https://registry.npmjs.org/send/-/send-0.19.2.tgz. Extracting by manifest.
5643 silly tarball no local data for xmlbuilder@https://registry.npmjs.org/xmlbuilder/-/xmlbuilder-11.0.1.tgz. Extracting by manifest.
5644 silly tarball no local data for encodeurl@https://registry.npmjs.org/encodeurl/-/encodeurl-2.0.0.tgz. Extracting by manifest.
5645 silly tarball no local data for uuid@https://registry.npmjs.org/uuid/-/uuid-7.0.3.tgz. Extracting by manifest.
5646 silly tarball no local data for mkdirp@https://registry.npmjs.org/mkdirp/-/mkdirp-1.0.4.tgz. Extracting by manifest.
5647 silly tarball no local data for brace-expansion@https://registry.npmjs.org/brace-expansion/-/brace-expansion-1.1.12.tgz. Extracting by manifest.
5648 silly tarball no local data for http-errors@https://registry.npmjs.org/http-errors/-/http-errors-2.0.1.tgz. Extracting by manifest.
5649 silly tarball no local data for glob@https://registry.npmjs.org/glob/-/glob-7.1.6.tgz. Extracting by manifest.
5650 silly tarball no local data for minimatch@https://registry.npmjs.org/minimatch/-/minimatch-3.1.2.tgz. Extracting by manifest.
5651 silly tarball no local data for commander@https://registry.npmjs.org/commander/-/commander-4.1.1.tgz. Extracting by manifest.
5652 silly tarball no local data for type-fest@https://registry.npmjs.org/type-fest/-/type-fest-0.16.0.tgz. Extracting by manifest.
5653 silly tarball no local data for mkdirp@https://registry.npmjs.org/mkdirp/-/mkdirp-1.0.4.tgz. Extracting by manifest.
5654 silly tarball no local data for is-stream@https://registry.npmjs.org/is-stream/-/is-stream-2.0.1.tgz. Extracting by manifest.
5655 silly tarball no local data for fs-minipass@https://registry.npmjs.org/fs-minipass/-/fs-minipass-2.1.0.tgz. Extracting by manifest.
5656 silly tarball no local data for minipass@https://registry.npmjs.org/minipass/-/minipass-3.3.6.tgz. Extracting by manifest.
5657 silly tarball no local data for minipass@https://registry.npmjs.org/minipass/-/minipass-5.0.0.tgz. Extracting by manifest.
5658 silly tarball no local data for debug@https://registry.npmjs.org/debug/-/debug-2.6.9.tgz. Extracting by manifest.
5659 silly tarball no local data for source-map@https://registry.npmjs.org/source-map/-/source-map-0.6.1.tgz. Extracting by manifest.
5660 silly tarball no local data for on-finished@https://registry.npmjs.org/on-finished/-/on-finished-2.4.1.tgz. Extracting by manifest.
5661 silly tarball no local data for statuses@https://registry.npmjs.org/statuses/-/statuses-2.0.1.tgz. Extracting by manifest.
5662 silly tarball no local data for debug@https://registry.npmjs.org/debug/-/debug-2.6.9.tgz. Extracting by manifest.
5663 silly tarball no local data for ms@https://registry.npmjs.org/ms/-/ms-2.0.0.tgz. Extracting by manifest.
5664 silly tarball no local data for mime@https://registry.npmjs.org/mime/-/mime-1.6.0.tgz. Extracting by manifest.
5665 silly tarball no local data for has-flag@https://registry.npmjs.org/has-flag/-/has-flag-3.0.0.tgz. Extracting by manifest.
5666 silly tarball no local data for ansi-regex@https://registry.npmjs.org/ansi-regex/-/ansi-regex-4.1.1.tgz. Extracting by manifest.
5667 silly tarball no local data for type-fest@https://registry.npmjs.org/type-fest/-/type-fest-0.7.1.tgz. Extracting by manifest.
5668 silly tarball no local data for color-name@https://registry.npmjs.org/color-name/-/color-name-1.1.3.tgz. Extracting by manifest.
5669 silly tarball no local data for resolve@https://registry.npmjs.org/resolve/-/resolve-1.7.1.tgz. Extracting by manifest.
5670 silly tarball no local data for supports-color@https://registry.npmjs.org/supports-color/-/supports-color-5.5.0.tgz. Extracting by manifest.
5671 silly tarball no local data for on-finished@https://registry.npmjs.org/on-finished/-/on-finished-2.4.1.tgz. Extracting by manifest.
5672 silly tarball no local data for color-convert@https://registry.npmjs.org/color-convert/-/color-convert-1.9.3.tgz. Extracting by manifest.
5673 silly tarball no local data for escape-string-regexp@https://registry.npmjs.org/escape-string-regexp/-/escape-string-regexp-1.0.5.tgz. Extracting by manifest.
5674 silly tarball no local data for ansi-styles@https://registry.npmjs.org/ansi-styles/-/ansi-styles-3.2.1.tgz. Extracting by manifest.
5675 silly tarball no local data for strip-ansi@https://registry.npmjs.org/strip-ansi/-/strip-ansi-5.2.0.tgz. Extracting by manifest.
5676 silly tarball no local data for chalk@https://registry.npmjs.org/chalk/-/chalk-2.4.2.tgz. Extracting by manifest.
5677 silly tarball no local data for semver@https://registry.npmjs.org/semver/-/semver-5.7.2.tgz. Extracting by manifest.
5678 silly tarball no local data for md5@https://registry.npmjs.org/md5/-/md5-2.2.1.tgz. Extracting by manifest.
5679 silly tarball no local data for glob-parent@https://registry.npmjs.org/glob-parent/-/glob-parent-5.1.2.tgz. Extracting by manifest.
5680 silly tarball no local data for ms@https://registry.npmjs.org/ms/-/ms-2.0.0.tgz. Extracting by manifest.
5681 silly tarball no local data for debug@https://registry.npmjs.org/debug/-/debug-2.6.9.tgz. Extracting by manifest.
5682 silly tarball no local data for yallist@https://registry.npmjs.org/yallist/-/yallist-4.0.0.tgz. Extracting by manifest.
5683 silly tarball no local data for minimatch@https://registry.npmjs.org/minimatch/-/minimatch-9.0.5.tgz. Extracting by manifest.
5684 silly tarball no local data for ms@https://registry.npmjs.org/ms/-/ms-2.0.0.tgz. Extracting by manifest.
5685 silly tarball no local data for lru-cache@https://registry.npmjs.org/lru-cache/-/lru-cache-10.4.3.tgz. Extracting by manifest.
5686 silly tarball no local data for ws@https://registry.npmjs.org/ws/-/ws-6.2.3.tgz. Extracting by manifest.
5687 silly tarball no local data for open@https://registry.npmjs.org/open/-/open-7.4.2.tgz. Extracting by manifest.
5688 silly tarball no local data for debug@https://registry.npmjs.org/debug/-/debug-2.6.9.tgz. Extracting by manifest.
5689 silly tarball no local data for glob@https://registry.npmjs.org/glob/-/glob-10.5.0.tgz. Extracting by manifest.
5690 silly tarball no local data for universalify@https://registry.npmjs.org/universalify/-/universalify-2.0.1.tgz. Extracting by manifest.
5691 silly tarball no local data for jsonfile@https://registry.npmjs.org/jsonfile/-/jsonfile-6.2.0.tgz. Extracting by manifest.
5692 silly tarball no local data for fs-extra@https://registry.npmjs.org/fs-extra/-/fs-extra-9.1.0.tgz. Extracting by manifest.
5693 silly tarball no local data for lru-cache@https://registry.npmjs.org/lru-cache/-/lru-cache-10.4.3.tgz. Extracting by manifest.
5694 silly tarball no local data for @babel/code-frame@https://registry.npmjs.org/@babel/code-frame/-/code-frame-7.10.4.tgz. Extracting by manifest.
5695 silly tarball no local data for validate-npm-package-name@https://registry.npmjs.org/validate-npm-package-name/-/validate-npm-package-name-5.0.1.tgz. Extracting by manifest.
5696 silly tarball no local data for @babel/code-frame@https://registry.npmjs.org/@babel/code-frame/-/code-frame-7.10.4.tgz. Extracting by manifest.
5697 silly tarball no local data for @babel/code-frame@https://registry.npmjs.org/@babel/code-frame/-/code-frame-7.10.4.tgz. Extracting by manifest.
5698 silly tarball no local data for npm-package-arg@https://registry.npmjs.org/npm-package-arg/-/npm-package-arg-11.0.3.tgz. Extracting by manifest.
5699 silly tarball no local data for @expo/json-file@https://registry.npmjs.org/@expo/json-file/-/json-file-10.0.8.tgz. Extracting by manifest.
5700 silly tarball no local data for hosted-git-info@https://registry.npmjs.org/hosted-git-info/-/hosted-git-info-7.0.2.tgz. Extracting by manifest.
5701 silly tarball no local data for crypto-random-string@https://registry.npmjs.org/crypto-random-string/-/crypto-random-string-1.0.0.tgz. Extracting by manifest.
5702 silly tarball no local data for unique-string@https://registry.npmjs.org/unique-string/-/unique-string-1.0.0.tgz. Extracting by manifest.
5703 silly tarball no local data for type-fest@https://registry.npmjs.org/type-fest/-/type-fest-0.3.1.tgz. Extracting by manifest.
5704 silly tarball no local data for temp-dir@https://registry.npmjs.org/temp-dir/-/temp-dir-1.0.0.tgz. Extracting by manifest.
5705 silly tarball no local data for jsonfile@https://registry.npmjs.org/jsonfile/-/jsonfile-6.2.0.tgz. Extracting by manifest.
5706 silly tarball no local data for universalify@https://registry.npmjs.org/universalify/-/universalify-2.0.1.tgz. Extracting by manifest.
5707 silly tarball no local data for universalify@https://registry.npmjs.org/universalify/-/universalify-1.0.0.tgz. Extracting by manifest.
5708 silly tarball no local data for tempy@https://registry.npmjs.org/tempy/-/tempy-0.3.0.tgz. Extracting by manifest.
5709 silly tarball no local data for fs-extra@https://registry.npmjs.org/fs-extra/-/fs-extra-9.0.0.tgz. Extracting by manifest.
5710 silly tarball no local data for fs-extra@https://registry.npmjs.org/fs-extra/-/fs-extra-9.1.0.tgz. Extracting by manifest.
5711 silly tarball no local data for debug@https://registry.npmjs.org/debug/-/debug-3.2.7.tgz. Extracting by manifest.
5712 silly tarball no local data for webidl-conversions@https://registry.npmjs.org/webidl-conversions/-/webidl-conversions-5.0.0.tgz. Extracting by manifest.
5713 silly tarball no local data for universalify@https://registry.npmjs.org/universalify/-/universalify-2.0.1.tgz. Extracting by manifest.
5714 silly tarball no local data for jsonfile@https://registry.npmjs.org/jsonfile/-/jsonfile-6.2.0.tgz. Extracting by manifest.
5715 silly tarball no local data for universalify@https://registry.npmjs.org/universalify/-/universalify-2.0.1.tgz. Extracting by manifest.
5716 silly tarball no local data for jsonfile@https://registry.npmjs.org/jsonfile/-/jsonfile-6.2.0.tgz. Extracting by manifest.
5717 silly tarball no local data for yallist@https://registry.npmjs.org/yallist/-/yallist-4.0.0.tgz. Extracting by manifest.
5718 silly tarball no local data for is-stream@https://registry.npmjs.org/is-stream/-/is-stream-2.0.1.tgz. Extracting by manifest.
5719 silly tarball no local data for fs-extra@https://registry.npmjs.org/fs-extra/-/fs-extra-9.1.0.tgz. Extracting by manifest.
5720 silly tarball no local data for brace-expansion@https://registry.npmjs.org/brace-expansion/-/brace-expansion-1.1.12.tgz. Extracting by manifest.
5721 silly tarball no local data for minimatch@https://registry.npmjs.org/minimatch/-/minimatch-3.1.2.tgz. Extracting by manifest.
5722 silly tarball no local data for glob@https://registry.npmjs.org/glob/-/glob-7.1.6.tgz. Extracting by manifest.
5723 silly tarball no local data for glob@https://registry.npmjs.org/glob/-/glob-7.1.6.tgz. Extracting by manifest.
5724 silly tarball no local data for minimatch@https://registry.npmjs.org/minimatch/-/minimatch-3.1.2.tgz. Extracting by manifest.
5725 silly tarball no local data for brace-expansion@https://registry.npmjs.org/brace-expansion/-/brace-expansion-1.1.12.tgz. Extracting by manifest.
5726 silly tarball no local data for @babel/code-frame@https://registry.npmjs.org/@babel/code-frame/-/code-frame-7.10.4.tgz. Extracting by manifest.
5727 silly tarball no local data for js-yaml@https://registry.npmjs.org/js-yaml/-/js-yaml-3.14.2.tgz. Extracting by manifest.
5728 silly tarball no local data for minimatch@https://registry.npmjs.org/minimatch/-/minimatch-3.1.2.tgz. Extracting by manifest.
5729 silly tarball no local data for argparse@https://registry.npmjs.org/argparse/-/argparse-1.0.10.tgz. Extracting by manifest.
5730 silly tarball no local data for brace-expansion@https://registry.npmjs.org/brace-expansion/-/brace-expansion-1.1.12.tgz. Extracting by manifest.
5731 silly tarball no local data for minimatch@https://registry.npmjs.org/minimatch/-/minimatch-3.1.2.tgz. Extracting by manifest.
5732 silly tarball no local data for brace-expansion@https://registry.npmjs.org/brace-expansion/-/brace-expansion-1.1.12.tgz. Extracting by manifest.
5733 silly tarball no local data for minimatch@https://registry.npmjs.org/minimatch/-/minimatch-3.1.2.tgz. Extracting by manifest.
5734 silly tarball no local data for brace-expansion@https://registry.npmjs.org/brace-expansion/-/brace-expansion-1.1.12.tgz. Extracting by manifest.
5735 silly tarball no local data for minimatch@https://registry.npmjs.org/minimatch/-/minimatch-3.1.2.tgz. Extracting by manifest.
5736 silly tarball no local data for resolve-from@https://registry.npmjs.org/resolve-from/-/resolve-from-4.0.0.tgz. Extracting by manifest.
5737 silly tarball no local data for semver@https://registry.npmjs.org/semver/-/semver-6.3.1.tgz. Extracting by manifest.
5738 silly tarball no local data for semver@https://registry.npmjs.org/semver/-/semver-6.3.1.tgz. Extracting by manifest.
5739 silly tarball no local data for semver@https://registry.npmjs.org/semver/-/semver-6.3.1.tgz. Extracting by manifest.
5740 silly tarball no local data for semver@https://registry.npmjs.org/semver/-/semver-6.3.1.tgz. Extracting by manifest.
5741 silly tarball no local data for semver@https://registry.npmjs.org/semver/-/semver-6.3.1.tgz. Extracting by manifest.
5742 silly tarball no local data for semver@https://registry.npmjs.org/semver/-/semver-6.3.1.tgz. Extracting by manifest.
5743 silly tarball no local data for semver@https://registry.npmjs.org/semver/-/semver-6.3.1.tgz. Extracting by manifest.
5744 silly tarball no local data for react-refresh@https://registry.npmjs.org/react-refresh/-/react-refresh-0.14.2.tgz. Extracting by manifest.
5745 silly tarball no local data for @react-native/codegen@https://registry.npmjs.org/@react-native/codegen/-/codegen-0.74.87.tgz. Extracting by manifest.
5746 silly tarball no local data for @react-native/babel-plugin-codegen@https://registry.npmjs.org/@react-native/babel-plugin-codegen/-/babel-plugin-codegen-0.74.87.tgz. Extracting by manifest.
5747 silly tarball no local data for brace-expansion@https://registry.npmjs.org/brace-expansion/-/brace-expansion-1.1.12.tgz. Extracting by manifest.
5748 silly tarball no local data for babel-plugin-react-native-web@https://registry.npmjs.org/babel-plugin-react-native-web/-/babel-plugin-react-native-web-0.19.13.tgz. Extracting by manifest.
5749 silly tarball no local data for @react-native/babel-preset@https://registry.npmjs.org/@react-native/babel-preset/-/babel-preset-0.74.87.tgz. Extracting by manifest.
5750 silly tarball no local data for babel-preset-expo@https://registry.npmjs.org/babel-preset-expo/-/babel-preset-expo-11.0.15.tgz. Extracting by manifest.
5751 silly tarball no local data for minimatch@https://registry.npmjs.org/minimatch/-/minimatch-3.1.2.tgz. Extracting by manifest.
5752 silly tarball no local data for brace-expansion@https://registry.npmjs.org/brace-expansion/-/brace-expansion-1.1.12.tgz. Extracting by manifest.
5753 silly tarball no local data for ws@https://registry.npmjs.org/ws/-/ws-6.2.3.tgz. Extracting by manifest.
5754 silly tarball no local data for @react-native/normalize-colors@https://registry.npmjs.org/@react-native/normalize-colors/-/normalize-colors-0.74.83.tgz. Extracting by manifest.
5755 silly tarball no local data for @react-native/codegen@https://registry.npmjs.org/@react-native/codegen/-/codegen-0.74.83.tgz. Extracting by manifest.
5756 silly tarball no local data for promise@https://registry.npmjs.org/promise/-/promise-8.3.0.tgz. Extracting by manifest.
5757 timing metavuln:cache:put:security-advisory:tar:XkIoP7Nf5iKP9YjMhFMb4neCa/uLRHRkTYo4Mvfph4wiuO48y3y1Gluh8DODgoAL3QlAsmTvISh8PEMP/u+YXA== Completed in 2881ms
5758 timing metavuln:calculate:security-advisory:tar:1112255 Completed in 5156ms
5759 timing metavuln:cache:put:security-advisory:send:8NP35PpfDEVbqnzPdc9zuVQOxwpjeCWA/vn7Q9SplgLVmZPjGaDssuEM0QllxNS2U4IM79h+Qp8GEO0schn/xw== Completed in 2887ms
5760 timing metavuln:calculate:security-advisory:send:1109556 Completed in 5157ms
5761 timing metavuln:packument:@expo/cli Completed in 0ms
5762 http fetch GET 200 https://registry.npmjs.org/require-main-filename/-/require-main-filename-2.0.0.tgz 5154ms (cache miss)
5763 timing reifyNode:node_modules/require-main-filename Completed in 7201ms
5764 http fetch GET 200 https://registry.npmjs.org/trim-right/-/trim-right-1.0.1.tgz 5147ms (cache miss)
5765 timing reifyNode:node_modules/trim-right Completed in 7201ms
5766 http fetch GET 200 https://registry.npmjs.org/which-module/-/which-module-2.0.1.tgz 5150ms (cache miss)
5767 timing reifyNode:node_modules/which-module Completed in 7204ms
5768 timing metavuln:cache:get:security-advisory:@expo/cli:PrXOrLmV5nnCn+Z0srlkyEHCyjYPrbghxAa3X3SeXGenvL7qY/qd8mSfEVF8X6H0HjXTcgoZzmqgOb8u2CEndQ== Completed in 118ms
5769 timing metavuln:load:security-advisory:@expo/cli:8NP35PpfDEVbqnzPdc9zuVQOxwpjeCWA/vn7Q9SplgLVmZPjGaDssuEM0QllxNS2U4IM79h+Qp8GEO0schn/xw== Completed in 49ms
5770 http fetch GET 200 https://registry.npmjs.org/zod-validation-error/-/zod-validation-error-2.1.0.tgz 5202ms (cache miss)
5771 http fetch GET 200 https://registry.npmjs.org/nice-try/-/nice-try-1.0.5.tgz 5198ms (cache miss)
5772 timing reifyNode:node_modules/nice-try Completed in 7256ms
5773 http fetch GET 200 https://registry.npmjs.org/eastasianwidth/-/eastasianwidth-0.2.0.tgz 5200ms (cache miss)
5774 timing reifyNode:node_modules/eastasianwidth Completed in 7257ms
5775 http fetch GET 200 https://registry.npmjs.org/caller-callsite/-/caller-callsite-2.0.0.tgz 5202ms (cache miss)
5776 timing reifyNode:node_modules/caller-callsite Completed in 7258ms
5777 http fetch GET 200 https://registry.npmjs.org/strip-ansi/-/strip-ansi-6.0.1.tgz 5193ms (cache miss)
5778 timing reifyNode:node_modules/strip-ansi-cjs Completed in 7265ms
5779 http fetch GET 200 https://registry.npmjs.org/string-width/-/string-width-4.2.3.tgz 5166ms (cache miss)
5780 timing reifyNode:node_modules/string-width-cjs Completed in 7274ms
5781 http fetch GET 200 https://registry.npmjs.org/decamelize/-/decamelize-1.2.0.tgz 5236ms (cache miss)
5782 timing reifyNode:node_modules/decamelize Completed in 7293ms
5783 http fetch GET 200 https://registry.npmjs.org/async-limiter/-/async-limiter-1.0.1.tgz 5264ms (cache miss)
5784 timing reifyNode:node_modules/async-limiter Completed in 7394ms
5785 http fetch GET 200 https://registry.npmjs.org/package-json-from-dist/-/package-json-from-dist-1.0.1.tgz 5282ms (cache miss)
5786 http fetch GET 200 https://registry.npmjs.org/caller-path/-/caller-path-2.0.0.tgz 5283ms (cache miss)
5787 timing reifyNode:node_modules/caller-path Completed in 7408ms
5788 http fetch GET 200 https://registry.npmjs.org/p-try/-/p-try-2.2.0.tgz 5266ms (cache miss)
5789 timing reifyNode:node_modules/p-try Completed in 7398ms
5790 http fetch GET 200 https://registry.npmjs.org/is-interactive/-/is-interactive-1.0.0.tgz 5268ms (cache miss)
5791 timing reifyNode:node_modules/is-interactive Completed in 7401ms
5792 http fetch GET 200 https://registry.npmjs.org/is-unicode-supported/-/is-unicode-supported-0.1.0.tgz 5270ms (cache miss)
5793 timing reifyNode:node_modules/is-unicode-supported Completed in 7402ms
5794 http fetch GET 200 https://registry.npmjs.org/wrap-ansi/-/wrap-ansi-7.0.0.tgz 5516ms (cache miss)
5795 timing reifyNode:node_modules/wrap-ansi-cjs Completed in 7584ms
5796 http fetch GET 200 https://registry.npmjs.org/strip-final-newline/-/strip-final-newline-2.0.0.tgz 5441ms (cache miss)
5797 timing reifyNode:node_modules/strip-final-newline Completed in 7577ms
5798 http fetch GET 200 https://registry.npmjs.org/bl/-/bl-4.1.0.tgz 5446ms (cache miss)
5799 http fetch GET 200 https://registry.npmjs.org/set-blocking/-/set-blocking-2.0.0.tgz 5681ms (cache miss)
5800 timing reifyNode:node_modules/set-blocking Completed in 7732ms
5801 http fetch GET 200 https://registry.npmjs.org/at-least-node/-/at-least-node-1.0.0.tgz 5585ms (cache miss)
5802 timing reifyNode:node_modules/at-least-node Completed in 7721ms
5803 http fetch GET 200 https://registry.npmjs.org/require-directory/-/require-directory-2.1.1.tgz 5581ms (cache miss)
5804 timing reifyNode:node_modules/require-directory Completed in 7719ms
5805 http fetch GET 200 https://registry.npmjs.org/concat-map/-/concat-map-0.0.1.tgz 5585ms (cache miss)
5806 timing reifyNode:node_modules/concat-map Completed in 7721ms
5807 http fetch GET 200 https://registry.npmjs.org/proc-log/-/proc-log-4.2.0.tgz 5594ms (cache miss)
5808 timing reifyNode:node_modules/proc-log Completed in 7731ms
5809 http fetch GET 200 https://registry.npmjs.org/@babel/plugin-syntax-logical-assignment-operators/-/plugin-syntax-logical-assignment-operators-7.10.4.tgz 5621ms (cache miss)
5810 timing reifyNode:node_modules/@babel/plugin-syntax-logical-assignment-operators Completed in 7738ms
5811 http fetch GET 200 https://registry.npmjs.org/@babel/plugin-proposal-logical-assignment-operators/-/plugin-proposal-logical-assignment-operators-7.20.7.tgz 5621ms (cache miss)
5812 warn deprecated @babel/plugin-proposal-logical-assignment-operators@7.20.7: This proposal has been merged to the ECMAScript standard and thus this plugin is no longer maintained. Please use @babel/plugin-transform-logical-assignment-operators instead.
5813 timing reifyNode:node_modules/@babel/plugin-proposal-logical-assignment-operators Completed in 7741ms
5814 http fetch GET 200 https://registry.npmjs.org/cliui/-/cliui-8.0.1.tgz 5600ms (cache miss)
5815 http fetch GET 200 https://registry.npmjs.org/string-width/-/string-width-4.2.3.tgz 5876ms (cache miss)
5816 timing reifyNode:node_modules/string-width Completed in 8017ms
5817 http fetch GET 200 https://registry.npmjs.org/human-signals/-/human-signals-2.1.0.tgz 5895ms (cache miss)
5818 http fetch GET 200 https://registry.npmjs.org/get-caller-file/-/get-caller-file-2.0.5.tgz 5898ms (cache miss)
5819 timing reifyNode:node_modules/get-caller-file Completed in 8039ms
5820 http fetch GET 200 https://registry.npmjs.org/emoji-regex/-/emoji-regex-8.0.0.tgz 5899ms (cache miss)
5821 http fetch GET 200 https://registry.npmjs.org/is-weakmap/-/is-weakmap-2.0.2.tgz 5897ms (cache miss)
5822 http fetch GET 200 https://registry.npmjs.org/sax/-/sax-1.4.4.tgz 5908ms (cache miss)
5823 timing reifyNode:node_modules/sax Completed in 8048ms
5824 http fetch GET 200 https://registry.npmjs.org/sprintf-js/-/sprintf-js-1.0.3.tgz 5913ms (cache miss)
5825 http fetch GET 200 https://registry.npmjs.org/y18n/-/y18n-5.0.8.tgz 6075ms (cache miss)
5826 timing reifyNode:node_modules/cliui Completed in 8213ms
5827 http fetch GET 200 https://registry.npmjs.org/which-collection/-/which-collection-1.0.2.tgz 6065ms (cache miss)
5828 timing reifyNode:node_modules/emoji-regex Completed in 8216ms
5829 http fetch GET 200 https://registry.npmjs.org/async-function/-/async-function-1.0.0.tgz 6070ms (cache miss)
5830 http fetch GET 200 https://registry.npmjs.org/is-weakset/-/is-weakset-2.0.4.tgz 6079ms (cache miss)
5831 http fetch GET 200 https://registry.npmjs.org/generator-function/-/generator-function-2.0.1.tgz 6301ms (cache miss)
5832 http fetch GET 200 https://registry.npmjs.org/is-async-function/-/is-async-function-2.1.1.tgz 6298ms (cache miss)
5833 http fetch GET 200 https://registry.npmjs.org/is-finalizationregistry/-/is-finalizationregistry-1.1.1.tgz 6299ms (cache miss)
5834 http fetch GET 200 https://registry.npmjs.org/@babel/highlight/-/highlight-7.25.9.tgz 6321ms (cache miss)
5835 timing reifyNode:node_modules/@babel/highlight Completed in 8461ms
5836 http fetch GET 200 https://registry.npmjs.org/is-generator-function/-/is-generator-function-1.1.2.tgz 6310ms (cache miss)
5837 http fetch GET 200 https://registry.npmjs.org/is-number-object/-/is-number-object-1.1.1.tgz 6311ms (cache miss)
5838 http fetch GET 200 https://registry.npmjs.org/webidl-conversions/-/webidl-conversions-3.0.1.tgz 6380ms (cache miss)
5839 timing reifyNode:node_modules/webidl-conversions Completed in 8547ms
5840 http fetch GET 200 https://registry.npmjs.org/ieee754/-/ieee754-1.2.1.tgz 6385ms (cache miss)
5841 timing reifyNode:node_modules/ieee754 Completed in 8547ms
5842 http fetch GET 200 https://registry.npmjs.org/isexe/-/isexe-2.0.0.tgz 6387ms (cache miss)
5843 timing reifyNode:node_modules/isexe Completed in 8548ms
5844 timing reifyNode:node_modules/package-json-from-dist Completed in 8608ms
5845 timing reifyNode:node_modules/bl Completed in 8649ms
5846 timing reifyNode:node_modules/y18n Completed in 8662ms
5847 http fetch GET 200 https://registry.npmjs.org/is-map/-/is-map-2.0.3.tgz 6530ms (cache miss)
5848 http fetch GET 200 https://registry.npmjs.org/defaults/-/defaults-1.0.4.tgz 6510ms (cache miss)
5849 timing reifyNode:node_modules/defaults Completed in 8679ms
5850 http fetch GET 200 https://registry.npmjs.org/is-bigint/-/is-bigint-1.1.0.tgz 6517ms (cache miss)
5851 http fetch GET 200 https://registry.npmjs.org/builtins/-/builtins-1.0.3.tgz 6509ms (cache miss)
5852 timing reifyNode:node_modules/builtins Completed in 8674ms
5853 http fetch GET 200 https://registry.npmjs.org/tmpl/-/tmpl-1.0.5.tgz 6518ms (cache miss)
5854 timing reifyNode:node_modules/tmpl Completed in 8684ms
5855 http fetch GET 200 https://registry.npmjs.org/makeerror/-/makeerror-1.0.12.tgz 6518ms (cache miss)
5856 timing reifyNode:node_modules/makeerror Completed in 8678ms
5857 http fetch GET 200 https://registry.npmjs.org/punycode/-/punycode-2.3.1.tgz 6515ms (cache miss)
5858 timing reifyNode:node_modules/punycode Completed in 8680ms
5859 http fetch GET 200 https://registry.npmjs.org/@isaacs/cliui/-/cliui-8.0.2.tgz 6549ms (cache miss)
5860 http fetch GET 200 https://registry.npmjs.org/crypto-random-string/-/crypto-random-string-2.0.0.tgz 6524ms (cache miss)
5861 timing reifyNode:node_modules/crypto-random-string Completed in 8688ms
5862 timing reifyNode:node_modules/is-weakmap Completed in 8947ms
5863 timing reifyNode:node_modules/which-collection Completed in 8949ms
5864 timing reifyNode:node_modules/is-async-function Completed in 8951ms
5865 http fetch GET 200 https://registry.npmjs.org/is-boolean-object/-/is-boolean-object-1.2.2.tgz 6799ms (cache miss)
5866 timing reifyNode:node_modules/@isaacs/cliui Completed in 8970ms
5867 http fetch GET 200 https://registry.npmjs.org/unicode-canonical-property-names-ecmascript/-/unicode-canonical-property-names-ecmascript-2.0.1.tgz 6777ms (cache miss)
5868 timing reifyNode:node_modules/unicode-canonical-property-names-ecmascript Completed in 8944ms
5869 http fetch GET 200 https://registry.npmjs.org/has-bigints/-/has-bigints-1.1.0.tgz 6777ms (cache miss)
5870 http fetch GET 200 https://registry.npmjs.org/unicode-property-aliases-ecmascript/-/unicode-property-aliases-ecmascript-2.2.0.tgz 6779ms (cache miss)
5871 timing reifyNode:node_modules/unicode-property-aliases-ecmascript Completed in 8945ms
5872 http fetch GET 200 https://registry.npmjs.org/which-boxed-primitive/-/which-boxed-primitive-1.1.1.tgz 6777ms (cache miss)
5873 http fetch GET 200 https://registry.npmjs.org/reflect.getprototypeof/-/reflect.getprototypeof-1.0.10.tgz 7043ms (cache miss)
5874 timing reifyNode:node_modules/is-finalizationregistry Completed in 9231ms
5875 http fetch GET 200 https://registry.npmjs.org/buffer/-/buffer-5.7.1.tgz 7066ms (cache miss)
5876 timing reifyNode:node_modules/buffer Completed in 9230ms
5877 http fetch GET 200 https://registry.npmjs.org/side-channel-weakmap/-/side-channel-weakmap-1.0.2.tgz 7048ms (cache miss)
5878 http fetch GET 200 https://registry.npmjs.org/for-each/-/for-each-0.3.5.tgz 7052ms (cache miss)
5879 http fetch GET 200 https://registry.npmjs.org/which-builtin-type/-/which-builtin-type-1.2.1.tgz 7050ms (cache miss)
5880 http fetch GET 200 https://registry.npmjs.org/side-channel-map/-/side-channel-map-1.0.1.tgz 7047ms (cache miss)
5881 timing reifyNode:node_modules/is-weakset Completed in 9328ms
5882 timing reifyNode:node_modules/async-function Completed in 9329ms
5883 timing reifyNode:node_modules/is-generator-function Completed in 9330ms
5884 timing reifyNode:node_modules/is-number-object Completed in 9332ms
5885 timing reifyNode:node_modules/is-map Completed in 9334ms
5886 timing reifyNode:node_modules/is-bigint Completed in 9344ms
5887 http fetch GET 200 https://registry.npmjs.org/side-channel-list/-/side-channel-list-1.0.0.tgz 7163ms (cache miss)
5888 http fetch GET 200 https://registry.npmjs.org/set-function-name/-/set-function-name-2.0.2.tgz 7163ms (cache miss)
5889 timing reifyNode:node_modules/set-function-name Completed in 9339ms
5890 http fetch GET 200 https://registry.npmjs.org/functions-have-names/-/functions-have-names-1.2.3.tgz 7162ms (cache miss)
5891 http fetch GET 200 https://registry.npmjs.org/escalade/-/escalade-3.2.0.tgz 7156ms (cache miss)
5892 http fetch GET 200 https://registry.npmjs.org/unbox-primitive/-/unbox-primitive-1.1.0.tgz 7157ms (cache miss)
5893 http fetch GET 200 https://registry.npmjs.org/side-channel/-/side-channel-1.1.0.tgz 7175ms (cache miss)
5894 http fetch GET 200 https://registry.npmjs.org/is-symbol/-/is-symbol-1.1.1.tgz 7248ms (cache miss)
5895 timing reifyNode:node_modules/is-boolean-object Completed in 9526ms
5896 http fetch GET 200 https://registry.npmjs.org/unique-slug/-/unique-slug-4.0.0.tgz 7351ms (cache miss)
5897 timing reifyNode:node_modules/unique-slug Completed in 9518ms
5898 http fetch GET 200 https://registry.npmjs.org/typed-array-length/-/typed-array-length-1.0.7.tgz 7328ms (cache miss)
5899 http fetch GET 200 https://registry.npmjs.org/safe-array-concat/-/safe-array-concat-1.1.3.tgz 7333ms (cache miss)
5900 http fetch GET 200 https://registry.npmjs.org/set-proto/-/set-proto-1.0.0.tgz 7335ms (cache miss)
5901 http fetch GET 200 https://registry.npmjs.org/string.prototype.trim/-/string.prototype.trim-1.2.10.tgz 7337ms (cache miss)
5902 http fetch GET 200 https://registry.npmjs.org/safe-push-apply/-/safe-push-apply-1.0.0.tgz 7333ms (cache miss)
5903 http fetch GET 200 https://registry.npmjs.org/@pkgjs/parseargs/-/parseargs-0.11.0.tgz 7579ms (cache miss)
5904 http fetch GET 200 https://registry.npmjs.org/yargs-parser/-/yargs-parser-21.1.1.tgz 7550ms (cache miss)
5905 timing reifyNode:node_modules/human-signals Completed in 9694ms
5906 timing reifyNode:node_modules/has-bigints Completed in 9675ms
5907 timing reifyNode:node_modules/side-channel-weakmap Completed in 9678ms
5908 http fetch GET 200 https://registry.npmjs.org/typed-array-byte-length/-/typed-array-byte-length-1.0.3.tgz 7490ms (cache miss)
5909 timing reifyNode:node_modules/escalade Completed in 9688ms
5910 http fetch GET 200 https://registry.npmjs.org/regexp.prototype.flags/-/regexp.prototype.flags-1.5.4.tgz 7589ms (cache miss)
5911 http fetch GET 200 https://registry.npmjs.org/simple-plist/-/simple-plist-1.3.1.tgz 7700ms (cache miss)
5912 timing reifyNode:node_modules/generator-function Completed in 9847ms
5913 timing reifyNode:node_modules/which-boxed-primitive Completed in 9837ms
5914 timing reifyNode:node_modules/which-builtin-type Completed in 9849ms
5915 timing reifyNode:node_modules/side-channel-list Completed in 9849ms
5916 timing reifyNode:node_modules/functions-have-names Completed in 9855ms
5917 timing reifyNode:node_modules/typed-array-length Completed in 9864ms
5918 timing reifyNode:node_modules/safe-push-apply Completed in 9863ms
5919 timing reifyNode:node_modules/typed-array-byte-length Completed in 9870ms
5920 http fetch GET 200 https://registry.npmjs.org/own-keys/-/own-keys-1.0.1.tgz 7695ms (cache miss)
5921 http fetch GET 200 https://registry.npmjs.org/is-string/-/is-string-1.1.1.tgz 7653ms (cache miss)
5922 http fetch GET 200 https://registry.npmjs.org/is-weakref/-/is-weakref-1.1.1.tgz 7655ms (cache miss)
5923 http fetch GET 200 https://registry.npmjs.org/is-data-view/-/is-data-view-1.0.2.tgz 7650ms (cache miss)
5924 http fetch GET 200 https://registry.npmjs.org/is-shared-array-buffer/-/is-shared-array-buffer-1.0.4.tgz 7659ms (cache miss)
5925 http fetch GET 200 https://registry.npmjs.org/is-set/-/is-set-2.0.3.tgz 7676ms (cache miss)
5926 timing reifyNode:node_modules/side-channel-map Completed in 10057ms
5927 http fetch GET 200 https://registry.npmjs.org/is-date-object/-/is-date-object-1.1.0.tgz 7879ms (cache miss)
5928 http fetch GET 200 https://registry.npmjs.org/string.prototype.trimend/-/string.prototype.trimend-1.0.9.tgz 7866ms (cache miss)
5929 http fetch GET 200 https://registry.npmjs.org/stop-iteration-iterator/-/stop-iteration-iterator-1.1.0.tgz 7943ms (cache miss)
5930 http fetch GET 200 https://registry.npmjs.org/is-regex/-/is-regex-1.2.1.tgz 7956ms (cache miss)
5931 http fetch GET 200 https://registry.npmjs.org/is-array-buffer/-/is-array-buffer-3.0.5.tgz 7943ms (cache miss)
5932 http fetch GET 200 https://registry.npmjs.org/safe-regex-test/-/safe-regex-test-1.1.0.tgz 7947ms (cache miss)
5933 http fetch GET 200 https://registry.npmjs.org/possible-typed-array-names/-/possible-typed-array-names-1.1.0.tgz 7950ms (cache miss)
5934 http fetch GET 200 https://registry.npmjs.org/get-symbol-description/-/get-symbol-description-1.1.0.tgz 7955ms (cache miss)
5935 timing metavuln:cache:put:security-advisory:@expo/cli:PrXOrLmV5nnCn+Z0srlkyEHCyjYPrbghxAa3X3SeXGenvL7qY/qd8mSfEVF8X6H0HjXTcgoZzmqgOb8u2CEndQ== Completed in 3186ms
5936 timing metavuln:calculate:security-advisory:@expo/cli:8NP35PpfDEVbqnzPdc9zuVQOxwpjeCWA/vn7Q9SplgLVmZPjGaDssuEM0QllxNS2U4IM79h+Qp8GEO0schn/xw== Completed in 3354ms
5937 timing metavuln:packument:cacache Completed in 0ms
5938 timing reifyNode:node_modules/@pkgjs/parseargs Completed in 10437ms
5939 timing reifyNode:node_modules/yargs-parser Completed in 10427ms
5940 timing reifyNode:node_modules/reflect.getprototypeof Completed in 10411ms
5941 timing reifyNode:node_modules/unbox-primitive Completed in 10408ms
5942 timing reifyNode:node_modules/side-channel Completed in 10409ms
5943 timing reifyNode:node_modules/is-symbol Completed in 10409ms
5944 timing reifyNode:node_modules/safe-array-concat Completed in 10401ms
5945 http fetch GET 200 https://registry.npmjs.org/is-typed-array/-/is-typed-array-1.1.15.tgz 8188ms (cache miss)
5946 http fetch GET 200 https://registry.npmjs.org/is-negative-zero/-/is-negative-zero-2.0.3.tgz 8185ms (cache miss)
5947 timing reifyNode:node_modules/possible-typed-array-names Completed in 10548ms
5948 http fetch GET 200 https://registry.npmjs.org/data-view-buffer/-/data-view-buffer-1.0.2.tgz 8197ms (cache miss)
5949 http fetch GET 200 https://registry.npmjs.org/arraybuffer.prototype.slice/-/arraybuffer.prototype.slice-1.0.4.tgz 8199ms (cache miss)
5950 http fetch GET 200 https://registry.npmjs.org/data-view-byte-length/-/data-view-byte-length-1.0.2.tgz 8202ms (cache miss)
5951 http fetch GET 200 https://registry.npmjs.org/data-view-byte-offset/-/data-view-byte-offset-1.0.1.tgz 8232ms (cache miss)
5952 timing metavuln:cache:get:security-advisory:@expo/cli:iOciXN1/uxN12UxeTmJim8cO8yvbc5u91MLvytlbSyGcTY+CAD+nsubNF7Emo3vCF07vbLUc09FJoSpHZoNu7Q== Completed in 196ms
5953 timing metavuln:load:security-advisory:@expo/cli:XkIoP7Nf5iKP9YjMhFMb4neCa/uLRHRkTYo4Mvfph4wiuO48y3y1Gluh8DODgoAL3QlAsmTvISh8PEMP/u+YXA== Completed in 33ms
5954 timing metavuln:cache:get:security-advisory:cacache:ZKKH6FeXVezCkmJxNdr8cb+cWhdTHbx9sSvBVh7Bt05r2WZFpcN8lnj7uzmuMTQ5c3MUcojkQiyKj2o2hwlvNQ== Completed in 230ms
5955 timing metavuln:load:security-advisory:cacache:XkIoP7Nf5iKP9YjMhFMb4neCa/uLRHRkTYo4Mvfph4wiuO48y3y1Gluh8DODgoAL3QlAsmTvISh8PEMP/u+YXA== Completed in 72ms
5956 timing reifyNode:node_modules/simple-plist Completed in 10723ms
5957 timing reifyNode:node_modules/sprintf-js Completed in 10732ms
5958 timing reifyNode:node_modules/own-keys Completed in 10706ms
5959 timing reifyNode:node_modules/is-weakref Completed in 10832ms
5960 timing reifyNode:node_modules/is-typed-array Completed in 10832ms
5961 http fetch GET 200 https://registry.npmjs.org/is-callable/-/is-callable-1.2.7.tgz 8507ms (cache miss)
5962 timing reifyNode:node_modules/stop-iteration-iterator Completed in 10840ms
5963 timing reifyNode:node_modules/safe-regex-test Completed in 10837ms
5964 http fetch GET 200 https://registry.npmjs.org/call-bound/-/call-bound-1.0.4.tgz 8492ms (cache miss)
5965 http fetch GET 200 https://registry.npmjs.org/typed-array-buffer/-/typed-array-buffer-1.0.3.tgz 8489ms (cache miss)
5966 http fetch GET 200 https://registry.npmjs.org/set-function-length/-/set-function-length-1.2.2.tgz 8490ms (cache miss)
5967 http fetch GET 200 https://registry.npmjs.org/define-data-property/-/define-data-property-1.1.4.tgz 8492ms (cache miss)
5968 http fetch GET 200 https://registry.npmjs.org/array-buffer-byte-length/-/array-buffer-byte-length-1.0.2.tgz 8495ms (cache miss)
5969 timing reifyNode:node_modules/for-each Completed in 10875ms
5970 timing reifyNode:node_modules/string.prototype.trimend Completed in 10871ms
5971 timing reifyNode:node_modules/is-date-object Completed in 10874ms
5972 http fetch GET 200 https://registry.npmjs.org/string.prototype.trimstart/-/string.prototype.trimstart-1.0.8.tgz 8926ms (cache miss)
5973 timing reifyNode:node_modules/is-shared-array-buffer Completed in 11114ms
5974 timing reifyNode:node_modules/is-regex Completed in 11115ms
5975 http fetch GET 200 https://registry.npmjs.org/internal-slot/-/internal-slot-1.1.0.tgz 8787ms (cache miss)
5976 http fetch GET 200 https://registry.npmjs.org/has-property-descriptors/-/has-property-descriptors-1.0.2.tgz 8781ms (cache miss)
5977 http fetch GET 200 https://registry.npmjs.org/object-keys/-/object-keys-1.1.1.tgz 8766ms (cache miss)
5978 http fetch GET 200 https://registry.npmjs.org/typed-array-byte-offset/-/typed-array-byte-offset-1.0.4.tgz 8780ms (cache miss)
5979 http fetch GET 200 https://registry.npmjs.org/has-proto/-/has-proto-1.2.0.tgz 8769ms (cache miss)
5980 http fetch GET 200 https://registry.npmjs.org/globalthis/-/globalthis-1.0.4.tgz 8776ms (cache miss)
5981 http fetch GET 200 https://registry.npmjs.org/string_decoder/-/string_decoder-1.1.1.tgz 8767ms (cache miss)
5982 timing reifyNode:node_modules/string_decoder Completed in 11130ms
5983 http fetch GET 200 https://registry.npmjs.org/util-deprecate/-/util-deprecate-1.0.2.tgz 8775ms (cache miss)
5984 timing reifyNode:node_modules/util-deprecate Completed in 11135ms
5985 http fetch GET 200 https://registry.npmjs.org/is-number/-/is-number-7.0.0.tgz 8806ms (cache miss)
5986 timing reifyNode:node_modules/is-number Completed in 11162ms
5987 http fetch GET 200 https://registry.npmjs.org/call-bind/-/call-bind-1.0.8.tgz 8815ms (cache miss)
5988 timing reifyNode:node_modules/is-string Completed in 11402ms
5989 timing reifyNode:node_modules/is-data-view Completed in 11401ms
5990 timing reifyNode:node_modules/is-negative-zero Completed in 11402ms
5991 timing reifyNode:node_modules/is-array-buffer Completed in 11402ms
5992 timing reifyNode:node_modules/call-bound Completed in 11402ms
5993 timing reifyNode:node_modules/typed-array-byte-offset Completed in 11402ms
5994 timing reifyNode:node_modules/typed-array-buffer Completed in 11402ms
5995 timing reifyNode:node_modules/has-property-descriptors Completed in 11407ms
5996 http fetch GET 200 https://registry.npmjs.org/unique-string/-/unique-string-2.0.0.tgz 9037ms (cache miss)
5997 timing reifyNode:node_modules/unique-string Completed in 11408ms
5998 http fetch GET 200 https://registry.npmjs.org/ansi-escapes/-/ansi-escapes-4.3.2.tgz 9043ms (cache miss)
5999 timing reifyNode:node_modules/ansi-escapes Completed in 11409ms
6000 http fetch GET 200 https://registry.npmjs.org/isarray/-/isarray-1.0.0.tgz 9048ms (cache miss)
6001 timing reifyNode:node_modules/isarray Completed in 11411ms
6002 http fetch GET 200 https://registry.npmjs.org/process-nextick-args/-/process-nextick-args-2.0.1.tgz 9050ms (cache miss)
6003 timing reifyNode:node_modules/process-nextick-args Completed in 11412ms
6004 http fetch GET 200 https://registry.npmjs.org/is-path-cwd/-/is-path-cwd-2.2.0.tgz 9043ms (cache miss)
6005 timing reifyNode:node_modules/is-path-cwd Completed in 11412ms
6006 http fetch GET 200 https://registry.npmjs.org/xtend/-/xtend-4.0.2.tgz 9050ms (cache miss)
6007 timing reifyNode:node_modules/xtend Completed in 11414ms
6008 http fetch GET 200 https://registry.npmjs.org/supports-hyperlinks/-/supports-hyperlinks-2.3.0.tgz 9047ms (cache miss)
6009 timing reifyNode:node_modules/supports-hyperlinks Completed in 11415ms
6010 http fetch GET 200 https://registry.npmjs.org/available-typed-arrays/-/available-typed-arrays-1.0.7.tgz 9056ms (cache miss)
6011 timing reifyNode:node_modules/set-proto Completed in 11426ms
6012 timing reifyNode:node_modules/string.prototype.trimstart Completed in 11825ms
6013 timing reifyNode:node_modules/is-callable Completed in 11828ms
6014 timing reifyNode:node_modules/is-set Completed in 11829ms
6015 timing reifyNode:node_modules/data-view-byte-length Completed in 11829ms
6016 timing reifyNode:node_modules/data-view-buffer Completed in 11831ms
6017 timing reifyNode:node_modules/data-view-byte-offset Completed in 11832ms
6018 http fetch GET 200 https://registry.npmjs.org/thenify/-/thenify-3.3.1.tgz 9466ms (cache miss)
6019 timing reifyNode:node_modules/thenify Completed in 11834ms
6020 http fetch GET 200 https://registry.npmjs.org/chownr/-/chownr-2.0.0.tgz 9462ms (cache miss)
6021 timing reifyNode:node_modules/chownr Completed in 11844ms
6022 http fetch GET 200 https://registry.npmjs.org/thenify-all/-/thenify-all-1.6.0.tgz 9460ms (cache miss)
6023 timing reifyNode:node_modules/thenify-all Completed in 11845ms
6024 http fetch GET 200 https://registry.npmjs.org/has-flag/-/has-flag-4.0.0.tgz 9464ms (cache miss)
6025 timing reifyNode:node_modules/has-flag Completed in 11849ms
6026 http fetch GET 200 https://registry.npmjs.org/ts-interface-checker/-/ts-interface-checker-0.1.13.tgz 9464ms (cache miss)
6027 http fetch GET 200 https://registry.npmjs.org/core-util-is/-/core-util-is-1.0.3.tgz 9488ms (cache miss)
6028 timing reifyNode:node_modules/core-util-is Completed in 11853ms
6029 http fetch GET 200 https://registry.npmjs.org/minizlib/-/minizlib-2.1.2.tgz 9473ms (cache miss)
6030 timing reifyNode:node_modules/minizlib Completed in 11854ms
6031 timing reifyNode:node_modules/get-symbol-description Completed in 12755ms
6032 timing reifyNode:node_modules/internal-slot Completed in 12757ms
6033 timing reifyNode:node_modules/array-buffer-byte-length Completed in 12755ms
6034 timing reifyNode:node_modules/set-function-length Completed in 12760ms
6035 http fetch GET 200 https://registry.npmjs.org/del/-/del-6.1.1.tgz 10393ms (cache miss)
6036 timing reifyNode:node_modules/del Completed in 12773ms
6037 http fetch GET 200 https://registry.npmjs.org/mz/-/mz-2.7.0.tgz 10385ms (cache miss)
6038 http fetch GET 200 https://registry.npmjs.org/setprototypeof/-/setprototypeof-1.2.0.tgz 10379ms (cache miss)
6039 timing reifyNode:node_modules/setprototypeof Completed in 12772ms
6040 timing reifyNode:node_modules/mz Completed in 12780ms
6041 http fetch GET 200 https://registry.npmjs.org/buffer-from/-/buffer-from-1.1.2.tgz 10396ms (cache miss)
6042 timing reifyNode:node_modules/buffer-from Completed in 12786ms
6043 http fetch GET 200 https://registry.npmjs.org/range-parser/-/range-parser-1.2.1.tgz 10401ms (cache miss)
6044 timing reifyNode:node_modules/range-parser Completed in 12793ms
6045 http fetch GET 200 https://registry.npmjs.org/is-fullwidth-code-point/-/is-fullwidth-code-point-2.0.0.tgz 10405ms (cache miss)
6046 timing reifyNode:node_modules/is-fullwidth-code-point Completed in 12797ms
6047 http fetch GET 200 https://registry.npmjs.org/astral-regex/-/astral-regex-1.0.0.tgz 10411ms (cache miss)
6048 timing reifyNode:node_modules/astral-regex Completed in 12803ms
6049 http fetch GET 200 https://registry.npmjs.org/tr46/-/tr46-0.0.3.tgz 10666ms (cache miss)
6050 timing reifyNode:node_modules/tr46 Completed in 12835ms
6051 http fetch GET 200 https://registry.npmjs.org/lines-and-columns/-/lines-and-columns-1.2.4.tgz 10422ms (cache miss)
6052 timing reifyNode:node_modules/lines-and-columns Completed in 12811ms
6053 http fetch GET 200 https://registry.npmjs.org/any-promise/-/any-promise-1.3.0.tgz 10426ms (cache miss)
6054 timing reifyNode:node_modules/string.prototype.trim Completed in 12830ms
6055 http fetch GET 200 https://registry.npmjs.org/fresh/-/fresh-0.5.2.tgz 10662ms (cache miss)
6056 timing reifyNode:node_modules/fresh Completed in 13066ms
6057 http fetch GET 200 https://registry.npmjs.org/toidentifier/-/toidentifier-1.0.1.tgz 10674ms (cache miss)
6058 timing reifyNode:node_modules/toidentifier Completed in 13068ms
6059 timing reifyNode:node_modules/arraybuffer.prototype.slice Completed in 13443ms
6060 timing reifyNode:node_modules/define-data-property Completed in 13444ms
6061 http fetch GET 200 https://registry.npmjs.org/typedarray.prototype.slice/-/typedarray.prototype.slice-1.0.5.tgz 11091ms (cache miss)
6062 timing reifyNode:node_modules/call-bind Completed in 13446ms
6063 timing reifyNode:node_modules/object-keys Completed in 13497ms
6064 http fetch GET 200 https://registry.npmjs.org/depd/-/depd-2.0.0.tgz 11093ms (cache miss)
6065 timing reifyNode:node_modules/depd Completed in 13488ms
6066 http fetch GET 200 https://registry.npmjs.org/http-errors/-/http-errors-2.0.0.tgz 11098ms (cache miss)
6067 timing reifyNode:node_modules/http-errors Completed in 13491ms
6068 timing reifyNode:node_modules/available-typed-arrays Completed in 13500ms
6069 http fetch GET 200 https://registry.npmjs.org/queue-microtask/-/queue-microtask-1.2.3.tgz 11116ms (cache miss)
6070 timing reifyNode:node_modules/queue-microtask Completed in 13514ms
6071 http fetch GET 200 https://registry.npmjs.org/onetime/-/onetime-2.0.1.tgz 11113ms (cache miss)
6072 timing reifyNode:node_modules/onetime Completed in 13515ms
6073 http fetch GET 200 https://registry.npmjs.org/deep-extend/-/deep-extend-0.6.0.tgz 11116ms (cache miss)
6074 timing reifyNode:node_modules/deep-extend Completed in 13515ms
6075 http fetch GET 200 https://registry.npmjs.org/supports-preserve-symlinks-flag/-/supports-preserve-symlinks-flag-1.0.0.tgz 11119ms (cache miss)
6076 http fetch GET 200 https://registry.npmjs.org/path-parse/-/path-parse-1.0.7.tgz 11120ms (cache miss)
6077 timing reifyNode:node_modules/path-parse Completed in 13524ms
6078 http fetch GET 200 https://registry.npmjs.org/unicode-match-property-value-ecmascript/-/unicode-match-property-value-ecmascript-2.2.1.tgz 11103ms (cache miss)
6079 timing reifyNode:node_modules/unicode-match-property-value-ecmascript Completed in 13565ms
6080 http fetch GET 200 https://registry.npmjs.org/nested-error-stacks/-/nested-error-stacks-2.0.1.tgz 11148ms (cache miss)
6081 timing reifyNode:node_modules/nested-error-stacks Completed in 13569ms
6082 http fetch GET 200 https://registry.npmjs.org/ini/-/ini-1.3.8.tgz 11200ms (cache miss)
6083 timing reifyNode:node_modules/ini Completed in 13601ms
6084 timing reifyNode:node_modules/regexp.prototype.flags Completed in 14252ms
6085 http fetch GET 200 https://registry.npmjs.org/which-typed-array/-/which-typed-array-1.1.20.tgz 11898ms (cache miss)
6086 http fetch GET 200 https://registry.npmjs.org/etag/-/etag-1.8.1.tgz 11854ms (cache miss)
6087 timing reifyNode:node_modules/etag Completed in 14258ms
6088 http fetch GET 200 https://registry.npmjs.org/@jridgewell/source-map/-/source-map-0.3.11.tgz 11896ms (cache miss)
6089 timing reifyNode:node_modules/supports-preserve-symlinks-flag Completed in 14277ms
6090 http fetch GET 200 https://registry.npmjs.org/regjsgen/-/regjsgen-0.8.0.tgz 11857ms (cache miss)
6091 timing reifyNode:node_modules/regjsgen Completed in 14329ms
6092 http fetch GET 200 https://registry.npmjs.org/is-core-module/-/is-core-module-2.16.1.tgz 11920ms (cache miss)
6093 http fetch GET 200 https://registry.npmjs.org/unicode-match-property-ecmascript/-/unicode-match-property-ecmascript-2.0.0.tgz 11909ms (cache miss)
6094 timing reifyNode:node_modules/unicode-match-property-ecmascript Completed in 14333ms
6095 http fetch GET 200 https://registry.npmjs.org/regenerate/-/regenerate-1.4.2.tgz 11900ms (cache miss)
6096 timing reifyNode:node_modules/regenerate Completed in 14329ms
6097 http fetch GET 200 https://registry.npmjs.org/json-parse-better-errors/-/json-parse-better-errors-1.0.2.tgz 11900ms (cache miss)
6098 timing reifyNode:node_modules/json-parse-better-errors Completed in 14333ms
6099 http fetch GET 200 https://registry.npmjs.org/shebang-regex/-/shebang-regex-3.0.0.tgz 11957ms (cache miss)
6100 timing reifyNode:node_modules/shebang-regex Completed in 14349ms
6101 http fetch GET 200 https://registry.npmjs.org/@types/node-forge/-/node-forge-1.3.14.tgz 11951ms (cache miss)
6102 timing reifyNode:node_modules/@types/node-forge Completed in 14347ms
6103 http fetch GET 200 https://registry.npmjs.org/destroy/-/destroy-1.2.0.tgz 11956ms (cache miss)
6104 timing reifyNode:node_modules/destroy Completed in 14353ms
6105 timing reifyNode:node_modules/has-proto Completed in 14559ms
6106 timing reifyNode:node_modules/ts-interface-checker Completed in 14555ms
6107 http fetch GET 200 https://registry.npmjs.org/mimic-fn/-/mimic-fn-1.2.0.tgz 12158ms (cache miss)
6108 timing reifyNode:node_modules/mimic-fn Completed in 14558ms
6109 http fetch GET 200 https://registry.npmjs.org/rc/-/rc-1.2.8.tgz 12154ms (cache miss)
6110 http fetch GET 200 https://registry.npmjs.org/regjsparser/-/regjsparser-0.13.0.tgz 12121ms (cache miss)
6111 timing reifyNode:node_modules/regjsparser Completed in 14556ms
6112 http fetch GET 200 https://registry.npmjs.org/react-freeze/-/react-freeze-1.0.4.tgz 12106ms (cache miss)
6113 http fetch GET 200 https://registry.npmjs.org/is-arrayish/-/is-arrayish-0.2.1.tgz 12121ms (cache miss)
6114 timing reifyNode:node_modules/is-arrayish Completed in 14553ms
6115 http fetch GET 200 https://registry.npmjs.org/metro-minify-terser/-/metro-minify-terser-0.80.12.tgz 12116ms (cache miss)
6116 timing reifyNode:node_modules/metro-minify-terser Completed in 14553ms
6117 http fetch GET 200 https://registry.npmjs.org/node-int64/-/node-int64-0.4.0.tgz 12108ms (cache miss)
6118 timing reifyNode:node_modules/node-int64 Completed in 14554ms
6119 http fetch GET 200 https://registry.npmjs.org/error-ex/-/error-ex-1.3.4.tgz 12121ms (cache miss)
6120 timing reifyNode:node_modules/error-ex Completed in 14555ms
6121 http fetch GET 200 https://registry.npmjs.org/through2/-/through2-2.0.5.tgz 12113ms (cache miss)
6122 timing reifyNode:node_modules/through2 Completed in 14555ms
6123 http fetch GET 200 https://registry.npmjs.org/ob1/-/ob1-0.80.12.tgz 12112ms (cache miss)
6124 timing reifyNode:node_modules/ob1 Completed in 14557ms
6125 timing reifyNode:node_modules/typedarray.prototype.slice Completed in 15060ms
6126 timing reifyNode:node_modules/zod-validation-error Completed in 15129ms
6127 timing reifyNode:node_modules/is-core-module Completed in 15078ms
6128 http fetch GET 200 https://registry.npmjs.org/bser/-/bser-2.1.1.tgz 12623ms (cache miss)
6129 timing reifyNode:node_modules/bser Completed in 15070ms
6130 http fetch GET 200 https://registry.npmjs.org/anymatch/-/anymatch-3.1.3.tgz 12619ms (cache miss)
6131 timing reifyNode:node_modules/anymatch Completed in 15072ms
6132 http fetch GET 200 https://registry.npmjs.org/node-abort-controller/-/node-abort-controller-3.1.1.tgz 12625ms (cache miss)
6133 http fetch GET 200 https://registry.npmjs.org/walker/-/walker-1.0.8.tgz 12627ms (cache miss)
6134 timing reifyNode:node_modules/walker Completed in 15075ms
6135 http fetch GET 200 https://registry.npmjs.org/fb-watchman/-/fb-watchman-2.0.2.tgz 12625ms (cache miss)
6136 timing reifyNode:node_modules/fb-watchman Completed in 15075ms
6137 http fetch GET 200 https://registry.npmjs.org/normalize-path/-/normalize-path-3.0.0.tgz 12629ms (cache miss)
6138 timing reifyNode:node_modules/normalize-path Completed in 15079ms
6139 timing reifyNode:node_modules/globalthis Completed in 16005ms
6140 timing reifyNode:node_modules/which-typed-array Completed in 16003ms
6141 timing reifyNode:node_modules/@jridgewell/source-map Completed in 16006ms
6142 timing reifyNode:node_modules/react-freeze Completed in 15993ms
6143 http fetch GET 200 https://registry.npmjs.org/jest-get-type/-/jest-get-type-29.6.3.tgz 13539ms (cache miss)
6144 timing reifyNode:node_modules/jest-get-type Completed in 15991ms
6145 http fetch GET 200 https://registry.npmjs.org/stackframe/-/stackframe-1.3.4.tgz 13522ms (cache miss)
6146 timing reifyNode:node_modules/stackframe Completed in 15992ms
6147 http fetch GET 200 https://registry.npmjs.org/leven/-/leven-3.1.0.tgz 13545ms (cache miss)
6148 timing reifyNode:node_modules/leven Completed in 15996ms
6149 http fetch GET 200 https://registry.npmjs.org/jest-validate/-/jest-validate-29.7.0.tgz 13543ms (cache miss)
6150 http fetch GET 200 https://registry.npmjs.org/exponential-backoff/-/exponential-backoff-3.1.3.tgz 13527ms (cache miss)
6151 http fetch GET 200 https://registry.npmjs.org/metro-transform-worker/-/metro-transform-worker-0.80.12.tgz 13524ms (cache miss)
6152 http fetch GET 200 https://registry.npmjs.org/camelcase/-/camelcase-6.3.0.tgz 13541ms (cache miss)
6153 timing reifyNode:node_modules/camelcase Completed in 15997ms
6154 http fetch GET 200 https://registry.npmjs.org/merge-stream/-/merge-stream-2.0.0.tgz 13544ms (cache miss)
6155 timing reifyNode:node_modules/merge-stream Completed in 16001ms
6156 http fetch GET 200 https://registry.npmjs.org/function.prototype.name/-/function.prototype.name-1.1.8.tgz 14128ms (cache miss)
6157 timing reifyNode:node_modules/rc Completed in 16453ms
6158 http fetch GET 200 https://registry.npmjs.org/throat/-/throat-5.0.0.tgz 13976ms (cache miss)
6159 timing reifyNode:node_modules/throat Completed in 16449ms
6160 http fetch GET 200 https://registry.npmjs.org/queue/-/queue-6.0.2.tgz 13973ms (cache miss)
6161 timing reifyNode:node_modules/queue Completed in 16452ms
6162 http fetch GET 200 https://registry.npmjs.org/metro-cache-key/-/metro-cache-key-0.80.12.tgz 14296ms (cache miss)
6163 timing reifyNode:node_modules/metro-cache-key Completed in 16775ms
6164 http fetch GET 200 https://registry.npmjs.org/vlq/-/vlq-1.0.1.tgz 14297ms (cache miss)
6165 timing reifyNode:node_modules/vlq Completed in 16782ms
6166 http fetch GET 200 https://registry.npmjs.org/lodash.throttle/-/lodash.throttle-4.1.1.tgz 14296ms (cache miss)
6167 timing reifyNode:node_modules/lodash.throttle Completed in 16779ms
6168 http fetch GET 200 https://registry.npmjs.org/metro-babel-transformer/-/metro-babel-transformer-0.80.12.tgz 14302ms (cache miss)
6169 timing reifyNode:node_modules/metro-babel-transformer Completed in 16784ms
6170 http fetch GET 200 https://registry.npmjs.org/metro-cache/-/metro-cache-0.80.12.tgz 14305ms (cache miss)
6171 http fetch GET 200 https://registry.npmjs.org/colorette/-/colorette-1.4.0.tgz 14610ms (cache miss)
6172 timing reifyNode:node_modules/colorette Completed in 17105ms
6173 http fetch GET 200 https://registry.npmjs.org/ansi-fragments/-/ansi-fragments-0.2.1.tgz 14617ms (cache miss)
6174 http fetch GET 200 https://registry.npmjs.org/denodeify/-/denodeify-1.2.1.tgz 14626ms (cache miss)
6175 http fetch GET 200 https://registry.npmjs.org/error-stack-parser/-/error-stack-parser-2.1.4.tgz 14625ms (cache miss)
6176 http fetch GET 200 https://registry.npmjs.org/slice-ansi/-/slice-ansi-2.1.0.tgz 14623ms (cache miss)
6177 timing reifyNode:node_modules/slice-ansi Completed in 17109ms
6178 http fetch GET 200 https://registry.npmjs.org/serialize-error/-/serialize-error-2.1.0.tgz 14621ms (cache miss)
6179 timing reifyNode:node_modules/serialize-error Completed in 17112ms
6180 timing reifyNode:node_modules/function.prototype.name Completed in 17367ms
6181 http fetch GET 200 https://registry.npmjs.org/jest-util/-/jest-util-29.7.0.tgz 14954ms (cache miss)
6182 http fetch GET 200 https://registry.npmjs.org/jest-message-util/-/jest-message-util-29.7.0.tgz 14974ms (cache miss)
6183 timing reifyNode:node_modules/jest-message-util Completed in 17482ms
6184 http fetch GET 200 https://registry.npmjs.org/@sideway/formula/-/formula-3.0.1.tgz 14996ms (cache miss)
6185 timing reifyNode:node_modules/@sideway/formula Completed in 17490ms
6186 http fetch GET 200 https://registry.npmjs.org/stack-utils/-/stack-utils-2.0.6.tgz 14999ms (cache miss)
6187 timing reifyNode:node_modules/stack-utils Completed in 17494ms
6188 http fetch GET 200 https://registry.npmjs.org/type-detect/-/type-detect-4.0.8.tgz 15000ms (cache miss)
6189 timing reifyNode:node_modules/type-detect Completed in 17495ms
6190 timing metavuln:cache:put:security-advisory:cacache:ZKKH6FeXVezCkmJxNdr8cb+cWhdTHbx9sSvBVh7Bt05r2WZFpcN8lnj7uzmuMTQ5c3MUcojkQiyKj2o2hwlvNQ== Completed in 6999ms
6191 timing metavuln:calculate:security-advisory:cacache:XkIoP7Nf5iKP9YjMhFMb4neCa/uLRHRkTYo4Mvfph4wiuO48y3y1Gluh8DODgoAL3QlAsmTvISh8PEMP/u+YXA== Completed in 7301ms
6192 timing metavuln:cache:put:security-advisory:@expo/cli:iOciXN1/uxN12UxeTmJim8cO8yvbc5u91MLvytlbSyGcTY+CAD+nsubNF7Emo3vCF07vbLUc09FJoSpHZoNu7Q== Completed in 7073ms
6193 timing metavuln:calculate:security-advisory:@expo/cli:XkIoP7Nf5iKP9YjMhFMb4neCa/uLRHRkTYo4Mvfph4wiuO48y3y1Gluh8DODgoAL3QlAsmTvISh8PEMP/u+YXA== Completed in 7302ms
6194 timing metavuln:packument:expo Completed in 3ms
6195 timing reifyNode:node_modules/metro-transform-worker Completed in 17749ms
6196 http fetch GET 200 https://registry.npmjs.org/fsevents/-/fsevents-2.3.3.tgz 15304ms (cache miss)
6197 timing reifyNode:node_modules/error-stack-parser Completed in 17750ms
6198 http fetch GET 200 https://registry.npmjs.org/vary/-/vary-1.1.2.tgz 15231ms (cache miss)
6199 timing reifyNode:node_modules/vary Completed in 17749ms
6200 http fetch GET 200 https://registry.npmjs.org/jest-mock/-/jest-mock-29.7.0.tgz 15242ms (cache miss)
6201 timing reifyNode:node_modules/jest-mock Completed in 17752ms
6202 http fetch GET 200 https://registry.npmjs.org/@sideway/pinpoint/-/pinpoint-2.0.0.tgz 15265ms (cache miss)
6203 timing reifyNode:node_modules/@sideway/pinpoint Completed in 17756ms
6204 http fetch GET 200 https://registry.npmjs.org/object.assign/-/object.assign-4.1.7.tgz 15866ms (cache miss)
6205 timing metavuln:cache:get:security-advisory:expo:33NbuAqv8hznUypphrex7pcAK7E8kQjmYniAH2Swt5AcM1Zjdlgq6GaJZoDo2u0EOYM5e62mAxW7AiwnNY3a2A== Completed in 367ms
6206 timing metavuln:load:security-advisory:expo:PrXOrLmV5nnCn+Z0srlkyEHCyjYPrbghxAa3X3SeXGenvL7qY/qd8mSfEVF8X6H0HjXTcgoZzmqgOb8u2CEndQ== Completed in 999ms
6207 timing reifyNode:node_modules/node-abort-controller Completed in 19189ms
6208 timing reifyNode:node_modules/denodeify Completed in 19188ms
6209 http fetch GET 200 https://registry.npmjs.org/@jest/fake-timers/-/fake-timers-29.7.0.tgz 16674ms (cache miss)
6210 timing reifyNode:node_modules/@jest/fake-timers Completed in 19186ms
6211 http fetch GET 200 https://registry.npmjs.org/@hapi/topo/-/topo-5.1.0.tgz 16696ms (cache miss)
6212 timing reifyNode:node_modules/@hapi/topo Completed in 19189ms
6213 http fetch GET 200 https://registry.npmjs.org/strnum/-/strnum-1.1.2.tgz 16673ms (cache miss)
6214 timing reifyNode:node_modules/strnum Completed in 19190ms
6215 http fetch GET 200 https://registry.npmjs.org/parse-json/-/parse-json-4.0.0.tgz 16672ms (cache miss)
6216 timing reifyNode:node_modules/parse-json Completed in 19192ms
6217 http fetch GET 200 https://registry.npmjs.org/@jest/environment/-/environment-29.7.0.tgz 16674ms (cache miss)
6218 timing reifyNode:node_modules/@jest/environment Completed in 19194ms
6219 http fetch GET 200 https://registry.npmjs.org/is-directory/-/is-directory-0.3.1.tgz 16673ms (cache miss)
6220 timing reifyNode:node_modules/is-directory Completed in 19194ms
6221 http fetch GET 200 https://registry.npmjs.org/define-properties/-/define-properties-1.2.1.tgz 16670ms (cache miss)
6222 http fetch GET 200 https://registry.npmjs.org/compressible/-/compressible-2.0.18.tgz 16671ms (cache miss)
6223 timing reifyNode:node_modules/compressible Completed in 19194ms
6224 http fetch GET 200 https://registry.npmjs.org/safe-buffer/-/safe-buffer-5.2.1.tgz 16680ms (cache miss)
6225 timing reifyNode:node_modules/safe-buffer Completed in 19201ms
6226 http fetch GET 200 https://registry.npmjs.org/on-headers/-/on-headers-1.1.0.tgz 16681ms (cache miss)
6227 timing reifyNode:node_modules/on-headers Completed in 19204ms
6228 http fetch GET 200 https://registry.npmjs.org/jackspeak/-/jackspeak-3.4.3.tgz 17421ms (cache miss)
6229 timing reifyNode:node_modules/define-properties Completed in 19543ms
6230 http fetch GET 200 https://registry.npmjs.org/bytes/-/bytes-3.1.2.tgz 16989ms (cache miss)
6231 timing reifyNode:node_modules/bytes Completed in 19510ms
6232 http fetch GET 200 https://registry.npmjs.org/metro-config/-/metro-config-0.80.12.tgz 16981ms (cache miss)
6233 http fetch GET 200 https://registry.npmjs.org/querystring/-/querystring-0.2.1.tgz 16987ms (cache miss)
6234 http fetch GET 200 https://registry.npmjs.org/@types/istanbul-lib-report/-/istanbul-lib-report-3.0.3.tgz 16991ms (cache miss)
6235 timing reifyNode:node_modules/@types/istanbul-lib-report Completed in 19516ms
6236 http fetch GET 200 https://registry.npmjs.org/@types/yargs-parser/-/yargs-parser-21.0.3.tgz 16992ms (cache miss)
6237 timing reifyNode:node_modules/@types/yargs-parser Completed in 19517ms
6238 timing reifyNode:node_modules/fsevents Completed in 19788ms
6239 warn deprecated querystring@0.2.1: The querystring API is considered Legacy. new code should use the URLSearchParams API instead.
6240 timing reifyNode:node_modules/querystring Completed in 19921ms
6241 http fetch GET 200 https://registry.npmjs.org/appdirsjs/-/appdirsjs-1.2.7.tgz 17381ms (cache miss)
6242 timing reifyNode:node_modules/appdirsjs Completed in 19938ms
6243 http fetch GET 200 https://registry.npmjs.org/shell-quote/-/shell-quote-1.8.3.tgz 17409ms (cache miss)
6244 http fetch GET 200 https://registry.npmjs.org/nocache/-/nocache-3.0.4.tgz 17393ms (cache miss)
6245 timing reifyNode:node_modules/nocache Completed in 19940ms
6246 http fetch GET 200 https://registry.npmjs.org/errorhandler/-/errorhandler-1.5.2.tgz 17386ms (cache miss)
6247 timing reifyNode:node_modules/errorhandler Completed in 19941ms
6248 timing reifyNode:node_modules/object.assign Completed in 20143ms
6249 http fetch GET 200 https://registry.npmjs.org/es-to-primitive/-/es-to-primitive-1.3.0.tgz 17810ms (cache miss)
6250 http fetch GET 200 https://registry.npmjs.org/foreground-child/-/foreground-child-3.3.1.tgz 18072ms (cache miss)
6251 timing reifyNode:node_modules/jest-validate Completed in 20128ms
6252 http fetch GET 200 https://registry.npmjs.org/@sideway/address/-/address-4.1.5.tgz 17663ms (cache miss)
6253 http fetch GET 200 https://registry.npmjs.org/sudo-prompt/-/sudo-prompt-9.2.1.tgz 17619ms (cache miss)
6254 warn deprecated sudo-prompt@9.2.1: Package no longer supported. Contact Support at https://www.npmjs.com/support for more info.
6255 timing reifyNode:node_modules/sudo-prompt Completed in 20156ms
6256 http fetch GET 200 https://registry.npmjs.org/deepmerge/-/deepmerge-4.3.1.tgz 17606ms (cache miss)
6257 http fetch GET 200 https://registry.npmjs.org/command-exists/-/command-exists-1.2.9.tgz 17612ms (cache miss)
6258 http fetch GET 200 https://registry.npmjs.org/cosmiconfig/-/cosmiconfig-5.2.1.tgz 17611ms (cache miss)
6259 http fetch GET 200 https://registry.npmjs.org/@react-native/metro-babel-transformer/-/metro-babel-transformer-0.74.83.tgz 17651ms (cache miss)
6260 timing reifyNode:node_modules/@react-native/metro-babel-transformer Completed in 20180ms
6261 http fetch GET 200 https://registry.npmjs.org/node-stream-zip/-/node-stream-zip-1.15.0.tgz 17622ms (cache miss)
6262 timing reifyNode:node_modules/node-stream-zip Completed in 20179ms
6263 http fetch GET 200 https://registry.npmjs.org/@types/stack-utils/-/stack-utils-2.0.3.tgz 17654ms (cache miss)
6264 timing reifyNode:node_modules/@types/stack-utils Completed in 20193ms
6265 timing reifyNode:node_modules/jackspeak Completed in 20551ms
6266 http fetch GET 200 https://registry.npmjs.org/@sinonjs/fake-timers/-/fake-timers-10.3.0.tgz 17982ms (cache miss)
6267 timing reifyNode:node_modules/@sinonjs/fake-timers Completed in 20491ms
6268 http fetch GET 200 https://registry.npmjs.org/metro-symbolicate/-/metro-symbolicate-0.80.12.tgz 18271ms (cache miss)
6269 http fetch GET 200 https://registry.npmjs.org/mime/-/mime-2.6.0.tgz 18210ms (cache miss)
6270 http fetch GET 200 https://registry.npmjs.org/compression/-/compression-1.8.1.tgz 18181ms (cache miss)
6271 timing reifyNode:node_modules/compression Completed in 20750ms
6272 http fetch GET 200 https://registry.npmjs.org/@react-native-community/cli-types/-/cli-types-13.6.6.tgz 18182ms (cache miss)
6273 http fetch GET 200 https://registry.npmjs.org/@jest/schemas/-/schemas-29.6.3.tgz 18173ms (cache miss)
6274 timing reifyNode:node_modules/@jest/schemas Completed in 20675ms
6275 http fetch GET 200 https://registry.npmjs.org/@types/istanbul-reports/-/istanbul-reports-3.0.4.tgz 18166ms (cache miss)
6276 timing reifyNode:node_modules/@types/istanbul-reports Completed in 20680ms
6277 timing reifyNode:node_modules/es-to-primitive Completed in 21011ms
6278 timing reifyNode:node_modules/foreground-child Completed in 21048ms
6279 timing reifyNode:node_modules/@sideway/address Completed in 20987ms
6280 timing reifyNode:node_modules/cosmiconfig Completed in 20975ms
6281 http fetch GET 200 https://registry.npmjs.org/@types/yargs/-/yargs-17.0.35.tgz 18403ms (cache miss)
6282 http fetch GET 200 https://registry.npmjs.org/regenerator-runtime/-/regenerator-runtime-0.13.11.tgz 18360ms (cache miss)
6283 timing reifyNode:node_modules/regenerator-runtime Completed in 20904ms
6284 http fetch GET 200 https://registry.npmjs.org/@react-native-community/cli-hermes/-/cli-hermes-13.6.6.tgz 18415ms (cache miss)
6285 http fetch GET 200 https://registry.npmjs.org/@react-native-community/cli-clean/-/cli-clean-13.6.6.tgz 18408ms (cache miss)
6286 http fetch GET 200 https://registry.npmjs.org/@types/istanbul-lib-coverage/-/istanbul-lib-coverage-2.0.6.tgz 18404ms (cache miss)
6287 timing reifyNode:node_modules/@types/istanbul-lib-coverage Completed in 20923ms
6288 timing reifyNode:node_modules/mime Completed in 21238ms
6289 http fetch GET 200 https://registry.npmjs.org/envinfo/-/envinfo-7.21.0.tgz 18677ms (cache miss)
6290 http fetch GET 200 https://registry.npmjs.org/whatwg-fetch/-/whatwg-fetch-3.6.20.tgz 18526ms (cache miss)
6291 http fetch GET 200 https://registry.npmjs.org/@jest/types/-/types-29.6.3.tgz 18636ms (cache miss)
6292 http fetch GET 200 https://registry.npmjs.org/flow-enums-runtime/-/flow-enums-runtime-0.0.6.tgz 18518ms (cache miss)
6293 timing reifyNode:node_modules/flow-enums-runtime Completed in 21166ms
6294 http fetch GET 200 https://registry.npmjs.org/jest-environment-node/-/jest-environment-node-29.7.0.tgz 18523ms (cache miss)
6295 timing reifyNode:node_modules/jest-environment-node Completed in 21167ms
6296 http fetch GET 200 https://registry.npmjs.org/memoize-one/-/memoize-one-5.2.1.tgz 18529ms (cache miss)
6297 timing reifyNode:node_modules/metro-symbolicate Completed in 21592ms
6298 http fetch GET 200 https://registry.npmjs.org/esprima/-/esprima-4.0.1.tgz 19171ms (cache miss)
6299 timing reifyNode:node_modules/command-exists Completed in 21582ms
6300 timing reifyNode:node_modules/deepmerge Completed in 21582ms
6301 timing reifyNode:node_modules/@types/yargs Completed in 21514ms
6302 timing reifyNode:node_modules/@jest/types Completed in 21515ms
6303 http fetch GET 200 https://registry.npmjs.org/anser/-/anser-1.4.10.tgz 18865ms (cache miss)
6304 timing reifyNode:node_modules/anser Completed in 21514ms
6305 http fetch GET 200 https://registry.npmjs.org/ansi-regex/-/ansi-regex-5.0.1.tgz 18866ms (cache miss)
6306 timing reifyNode:node_modules/ansi-regex Completed in 21515ms
6307 http fetch GET 200 https://registry.npmjs.org/path-scurry/-/path-scurry-1.11.1.tgz 19834ms (cache miss)
6308 http fetch GET 200 https://registry.npmjs.org/readable-stream/-/readable-stream-2.3.8.tgz 19532ms (cache miss)
6309 timing reifyNode:node_modules/@react-native-community/cli-clean Completed in 21891ms
6310 timing reifyNode:node_modules/whatwg-fetch Completed in 21826ms
6311 http fetch GET 200 https://registry.npmjs.org/split-on-first/-/split-on-first-1.1.0.tgz 18927ms (cache miss)
6312 timing reifyNode:node_modules/split-on-first Completed in 21807ms
6313 http fetch GET 200 https://registry.npmjs.org/@react-native/assets-registry/-/assets-registry-0.74.83.tgz 19175ms (cache miss)
6314 timing reifyNode:node_modules/@react-native/assets-registry Completed in 21821ms
6315 http fetch GET 200 https://registry.npmjs.org/@react-native/js-polyfills/-/js-polyfills-0.74.83.tgz 19178ms (cache miss)
6316 timing reifyNode:node_modules/@react-native/js-polyfills Completed in 21826ms
6317 http fetch GET 200 https://registry.npmjs.org/strict-uri-encode/-/strict-uri-encode-2.0.0.tgz 18936ms (cache miss)
6318 timing reifyNode:node_modules/strict-uri-encode Completed in 21813ms
6319 http fetch GET 200 https://registry.npmjs.org/@react-native-community/cli-platform-ios/-/cli-platform-ios-13.6.6.tgz 19275ms (cache miss)
6320 http fetch GET 200 https://registry.npmjs.org/filter-obj/-/filter-obj-1.1.0.tgz 19024ms (cache miss)
6321 timing reifyNode:node_modules/filter-obj Completed in 21915ms
6322 http fetch GET 200 https://registry.npmjs.org/metro-transform-plugins/-/metro-transform-plugins-0.80.12.tgz 19639ms (cache miss)
6323 timing reifyNode:node_modules/path-scurry Completed in 22175ms
6324 timing reifyNode:node_modules/esprima Completed in 22138ms
6325 timing reifyNode:node_modules/envinfo Completed in 22123ms
6326 http fetch GET 200 https://registry.npmjs.org/@jest/create-cache-key-function/-/create-cache-key-function-29.7.0.tgz 19381ms (cache miss)
6327 timing reifyNode:node_modules/@jest/create-cache-key-function Completed in 22029ms
6328 http fetch GET 200 https://registry.npmjs.org/end-of-stream/-/end-of-stream-1.4.5.tgz 19125ms (cache miss)
6329 timing reifyNode:node_modules/end-of-stream Completed in 22032ms
6330 http fetch GET 200 https://registry.npmjs.org/callsites/-/callsites-3.1.0.tgz 19112ms (cache miss)
6331 timing reifyNode:node_modules/callsites Completed in 22036ms
6332 http fetch GET 200 https://registry.npmjs.org/asap/-/asap-2.0.6.tgz 19129ms (cache miss)
6333 timing reifyNode:node_modules/asap Completed in 22037ms
6334 http fetch GET 200 https://registry.npmjs.org/decode-uri-component/-/decode-uri-component-0.2.2.tgz 19136ms (cache miss)
6335 timing reifyNode:node_modules/decode-uri-component Completed in 22039ms
6336 http fetch GET 200 https://registry.npmjs.org/indent-string/-/indent-string-4.0.0.tgz 19115ms (cache miss)
6337 timing reifyNode:node_modules/indent-string Completed in 22041ms
6338 http fetch GET 200 https://registry.npmjs.org/aggregate-error/-/aggregate-error-3.1.0.tgz 19115ms (cache miss)
6339 timing reifyNode:node_modules/aggregate-error Completed in 22042ms
6340 http fetch GET 200 https://registry.npmjs.org/clean-stack/-/clean-stack-2.2.0.tgz 19117ms (cache miss)
6341 timing reifyNode:node_modules/clean-stack Completed in 22043ms
6342 http fetch GET 200 https://registry.npmjs.org/metro-core/-/metro-core-0.80.12.tgz 19888ms (cache miss)
6343 http fetch GET 200 https://registry.npmjs.org/react-shallow-renderer/-/react-shallow-renderer-16.15.0.tgz 19703ms (cache miss)
6344 timing reifyNode:node_modules/memoize-one Completed in 22345ms
6345 http fetch GET 200 https://registry.npmjs.org/sisteransi/-/sisteransi-1.0.5.tgz 19532ms (cache miss)
6346 timing reifyNode:node_modules/sisteransi Completed in 22441ms
6347 http fetch GET 200 https://registry.npmjs.org/p-limit/-/p-limit-3.1.0.tgz 19514ms (cache miss)
6348 timing reifyNode:node_modules/p-limit Completed in 22442ms
6349 http fetch GET 200 https://registry.npmjs.org/os-homedir/-/os-homedir-1.0.2.tgz 19510ms (cache miss)
6350 timing reifyNode:node_modules/os-homedir Completed in 22432ms
6351 http fetch GET 200 https://registry.npmjs.org/yocto-queue/-/yocto-queue-0.1.0.tgz 19516ms (cache miss)
6352 timing reifyNode:node_modules/yocto-queue Completed in 22443ms
6353 http fetch GET 200 https://registry.npmjs.org/kleur/-/kleur-3.0.3.tgz 19535ms (cache miss)
6354 timing reifyNode:node_modules/kleur Completed in 22445ms
6355 http fetch GET 200 https://registry.npmjs.org/wcwidth/-/wcwidth-1.0.1.tgz 19510ms (cache miss)
6356 http fetch GET 200 https://registry.npmjs.org/restore-cursor/-/restore-cursor-2.0.0.tgz 19509ms (cache miss)
6357 timing reifyNode:node_modules/restore-cursor Completed in 22433ms
6358 http fetch GET 200 https://registry.npmjs.org/os-tmpdir/-/os-tmpdir-1.0.2.tgz 19516ms (cache miss)
6359 timing reifyNode:node_modules/os-tmpdir Completed in 22437ms
6360 timing reifyNode:node_modules/readable-stream Completed in 22810ms
6361 http fetch GET 200 https://registry.npmjs.org/cli-spinners/-/cli-spinners-2.9.2.tgz 19736ms (cache miss)
6362 timing reifyNode:node_modules/cli-spinners Completed in 22748ms
6363 timing reifyNode:node_modules/wcwidth Completed in 22752ms
6364 http fetch GET 200 https://registry.npmjs.org/cli-cursor/-/cli-cursor-2.1.0.tgz 19753ms (cache miss)
6365 timing reifyNode:node_modules/cli-cursor Completed in 22751ms
6366 http fetch GET 200 https://registry.npmjs.org/word-wrap/-/word-wrap-1.2.5.tgz 19765ms (cache miss)
6367 timing reifyNode:node_modules/word-wrap Completed in 22757ms
6368 http fetch GET 200 https://registry.npmjs.org/deep-is/-/deep-is-0.1.4.tgz 19755ms (cache miss)
6369 timing reifyNode:node_modules/deep-is Completed in 22759ms
6370 http fetch GET 200 https://registry.npmjs.org/ee-first/-/ee-first-1.1.1.tgz 19756ms (cache miss)
6371 timing reifyNode:node_modules/ee-first Completed in 22760ms
6372 http fetch GET 200 https://registry.npmjs.org/osenv/-/osenv-0.1.5.tgz 19754ms (cache miss)
6373 warn deprecated osenv@0.1.5: This package is no longer supported.
6374 timing reifyNode:node_modules/osenv Completed in 22760ms
6375 http fetch GET 200 https://registry.npmjs.org/validate-npm-package-name/-/validate-npm-package-name-3.0.0.tgz 19768ms (cache miss)
6376 http fetch GET 200 https://registry.npmjs.org/define-lazy-prop/-/define-lazy-prop-2.0.0.tgz 19774ms (cache miss)
6377 timing reifyNode:node_modules/define-lazy-prop Completed in 22776ms
6378 timing reifyNode:node_modules/metro-transform-plugins Completed in 23183ms
6379 timing reifyNode:node_modules/metro-config Completed in 23332ms
6380 http fetch GET 200 https://registry.npmjs.org/hosted-git-info/-/hosted-git-info-3.0.8.tgz 20227ms (cache miss)
6381 timing reifyNode:node_modules/hosted-git-info Completed in 23237ms
6382 http fetch GET 200 https://registry.npmjs.org/buffer-alloc-unsafe/-/buffer-alloc-unsafe-1.1.0.tgz 20218ms (cache miss)
6383 timing reifyNode:node_modules/buffer-alloc-unsafe Completed in 23233ms
6384 http fetch GET 200 https://registry.npmjs.org/brace-expansion/-/brace-expansion-2.0.2.tgz 20227ms (cache miss)
6385 timing reifyNode:node_modules/brace-expansion Completed in 23236ms
6386 http fetch GET 200 https://registry.npmjs.org/fast-levenshtein/-/fast-levenshtein-2.0.6.tgz 20223ms (cache miss)
6387 timing reifyNode:node_modules/fast-levenshtein Completed in 23242ms
6388 http fetch GET 200 https://registry.npmjs.org/@react-native/community-cli-plugin/-/community-cli-plugin-0.74.83.tgz 20245ms (cache miss)
6389 http fetch GET 200 https://registry.npmjs.org/fill-range/-/fill-range-7.1.1.tgz 20241ms (cache miss)
6390 timing reifyNode:node_modules/fill-range Completed in 23255ms
6391 http fetch GET 200 https://registry.npmjs.org/balanced-match/-/balanced-match-1.0.2.tgz 20246ms (cache miss)
6392 timing reifyNode:node_modules/balanced-match Completed in 23258ms
6393 http fetch GET 200 https://registry.npmjs.org/braces/-/braces-3.0.3.tgz 20243ms (cache miss)
6394 http fetch GET 200 https://registry.npmjs.org/object-inspect/-/object-inspect-1.13.4.tgz 21379ms (cache miss)
6395 http fetch GET 200 https://registry.npmjs.org/jest-worker/-/jest-worker-29.7.0.tgz 21188ms (cache miss)
6396 timing reifyNode:node_modules/metro-core Completed in 23668ms
6397 timing reifyNode:node_modules/@react-native-community/cli-types Completed in 23799ms
6398 timing reifyNode:node_modules/react-shallow-renderer Completed in 23725ms
6399 timing reifyNode:node_modules/validate-npm-package-name Completed in 23695ms
6400 http fetch GET 200 https://registry.npmjs.org/buffer-alloc/-/buffer-alloc-1.2.0.tgz 20571ms (cache miss)
6401 timing reifyNode:node_modules/buffer-alloc Completed in 23691ms
6402 http fetch GET 200 https://registry.npmjs.org/is-buffer/-/is-buffer-1.1.6.tgz 20561ms (cache miss)
6403 timing reifyNode:node_modules/is-buffer Completed in 23692ms
6404 http fetch GET 200 https://registry.npmjs.org/buffer-fill/-/buffer-fill-1.0.0.tgz 20564ms (cache miss)
6405 timing reifyNode:node_modules/buffer-fill Completed in 23693ms
6406 http fetch GET 200 https://registry.npmjs.org/charenc/-/charenc-0.0.2.tgz 20562ms (cache miss)
6407 timing reifyNode:node_modules/charenc Completed in 23694ms
6408 timing reifyNode:node_modules/any-promise Completed in 24003ms
6409 timing reifyNode:node_modules/shell-quote Completed in 23977ms
6410 http fetch GET 200 https://registry.npmjs.org/abort-controller/-/abort-controller-3.0.0.tgz 21254ms (cache miss)
6411 http fetch GET 200 https://registry.npmjs.org/whatwg-url/-/whatwg-url-5.0.0.tgz 20867ms (cache miss)
6412 http fetch GET 200 https://registry.npmjs.org/p-locate/-/p-locate-5.0.0.tgz 20717ms (cache miss)
6413 timing reifyNode:node_modules/p-locate Completed in 23874ms
6414 http fetch GET 200 https://registry.npmjs.org/pify/-/pify-4.0.1.tgz 20730ms (cache miss)
6415 timing reifyNode:node_modules/pify Completed in 23876ms
6416 http fetch GET 200 https://registry.npmjs.org/yallist/-/yallist-3.1.1.tgz 20738ms (cache miss)
6417 timing reifyNode:node_modules/yallist Completed in 23876ms
6418 http fetch GET 200 https://registry.npmjs.org/detect-libc/-/detect-libc-1.0.3.tgz 20712ms (cache miss)
6419 timing reifyNode:node_modules/detect-libc Completed in 23876ms
6420 http fetch GET 200 https://registry.npmjs.org/json-buffer/-/json-buffer-3.0.1.tgz 20711ms (cache miss)
6421 timing reifyNode:node_modules/json-buffer Completed in 23876ms
6422 http fetch GET 200 https://registry.npmjs.org/is-invalid-path/-/is-invalid-path-0.1.0.tgz 20685ms (cache miss)
6423 timing reifyNode:node_modules/is-invalid-path Completed in 23878ms
6424 timing metavuln:cache:put:security-advisory:expo:33NbuAqv8hznUypphrex7pcAK7E8kQjmYniAH2Swt5AcM1Zjdlgq6GaJZoDo2u0EOYM5e62mAxW7AiwnNY3a2A== Completed in 5316ms
6425 timing metavuln:calculate:security-advisory:expo:PrXOrLmV5nnCn+Z0srlkyEHCyjYPrbghxAa3X3SeXGenvL7qY/qd8mSfEVF8X6H0HjXTcgoZzmqgOb8u2CEndQ== Completed in 6683ms
6426 timing reifyNode:node_modules/jest-worker Completed in 24354ms
6427 http fetch GET 200 https://registry.npmjs.org/prelude-ls/-/prelude-ls-1.2.1.tgz 21075ms (cache miss)
6428 http fetch GET 200 https://registry.npmjs.org/valid-url/-/valid-url-1.0.9.tgz 21073ms (cache miss)
6429 timing reifyNode:node_modules/valid-url Completed in 24239ms
6430 http fetch GET 200 https://registry.npmjs.org/dag-map/-/dag-map-1.0.2.tgz 21027ms (cache miss)
6431 http fetch GET 200 https://registry.npmjs.org/clone/-/clone-2.1.2.tgz 21024ms (cache miss)
6432 timing reifyNode:node_modules/clone Completed in 24241ms
6433 http fetch GET 200 https://registry.npmjs.org/pkg-dir/-/pkg-dir-3.0.0.tgz 21013ms (cache miss)
6434 timing reifyNode:node_modules/pkg-dir Completed in 24240ms
6435 http fetch GET 200 https://registry.npmjs.org/isobject/-/isobject-3.0.1.tgz 21021ms (cache miss)
6436 timing reifyNode:node_modules/isobject Completed in 24245ms
6437 http fetch GET 200 https://registry.npmjs.org/shallow-clone/-/shallow-clone-3.0.1.tgz 21014ms (cache miss)
6438 timing reifyNode:node_modules/shallow-clone Completed in 24244ms
6439 http fetch GET 200 https://registry.npmjs.org/memory-cache/-/memory-cache-0.2.0.tgz 21046ms (cache miss)
6440 http fetch GET 200 https://registry.npmjs.org/commondir/-/commondir-1.0.1.tgz 21018ms (cache miss)
6441 timing reifyNode:node_modules/commondir Completed in 24245ms
6442 http fetch GET 200 https://registry.npmjs.org/is-valid-path/-/is-valid-path-0.1.1.tgz 21040ms (cache miss)
6443 timing reifyNode:node_modules/is-valid-path Completed in 24249ms
6444 timing reifyNode:node_modules/object-inspect Completed in 24617ms
6445 timing metavuln:cache:get:security-advisory:@expo/cli:2EmvjjBSSau+e+HG6reOXlH55N7kMKBSe9VvH3KT9hDiU8ESZrtaLDDSY3yJ3dCmomsJrhftyG5bU3pOJUv5SA== Completed in 236ms
6446 timing metavuln:load:security-advisory:@expo/cli:ZKKH6FeXVezCkmJxNdr8cb+cWhdTHbx9sSvBVh7Bt05r2WZFpcN8lnj7uzmuMTQ5c3MUcojkQiyKj2o2hwlvNQ== Completed in 99ms
6447 timing reifyNode:node_modules/braces Completed in 24642ms
6448 timing reifyNode:node_modules/whatwg-url Completed in 24644ms
6449 http fetch GET 200 https://registry.npmjs.org/marky/-/marky-1.3.0.tgz 21482ms (cache miss)
6450 http fetch GET 200 https://registry.npmjs.org/is-plain-object/-/is-plain-object-2.0.4.tgz 21404ms (cache miss)
6451 timing reifyNode:node_modules/is-plain-object Completed in 24639ms
6452 http fetch GET 200 https://registry.npmjs.org/make-dir/-/make-dir-2.1.0.tgz 21400ms (cache miss)
6453 timing reifyNode:node_modules/make-dir Completed in 24640ms
6454 http fetch GET 200 https://registry.npmjs.org/pirates/-/pirates-4.0.7.tgz 21399ms (cache miss)
6455 timing reifyNode:node_modules/pirates Completed in 24640ms
6456 timing reifyNode:node_modules/memory-cache Completed in 24644ms
6457 http fetch GET 200 https://registry.npmjs.org/source-map/-/source-map-0.7.6.tgz 22409ms (cache miss)
6458 timing reifyNode:node_modules/abort-controller Completed in 24887ms
6459 http fetch GET 200 https://registry.npmjs.org/kind-of/-/kind-of-6.0.3.tgz 21613ms (cache miss)
6460 timing reifyNode:node_modules/kind-of Completed in 24847ms
6461 http fetch GET 200 https://registry.npmjs.org/find-cache-dir/-/find-cache-dir-2.1.0.tgz 21605ms (cache miss)
6462 timing reifyNode:node_modules/find-cache-dir Completed in 24848ms
6463 http fetch GET 200 https://registry.npmjs.org/crypt/-/crypt-0.0.2.tgz 21525ms (cache miss)
6464 timing reifyNode:node_modules/crypt Completed in 24857ms
6465 http fetch GET 200 https://registry.npmjs.org/node-dir/-/node-dir-0.1.17.tgz 21542ms (cache miss)
6466 http fetch GET 200 https://registry.npmjs.org/babel-core/-/babel-core-7.0.0-bridge.0.tgz 21531ms (cache miss)
6467 timing reifyNode:node_modules/babel-core Completed in 24851ms
6468 timing reifyNode:node_modules/node-dir Completed in 24854ms
6469 http fetch GET 200 https://registry.npmjs.org/clone-deep/-/clone-deep-4.0.1.tgz 21611ms (cache miss)
6470 timing reifyNode:node_modules/clone-deep Completed in 24855ms
6471 http fetch GET 200 https://registry.npmjs.org/temp/-/temp-0.8.4.tgz 21598ms (cache miss)
6472 timing reifyNode:node_modules/temp Completed in 24857ms
6473 timing reifyNode:node_modules/jest-util Completed in 25437ms
6474 http fetch GET 200 https://registry.npmjs.org/mime-db/-/mime-db-1.52.0.tgz 22372ms (cache miss)
6475 timing reifyNode:node_modules/prelude-ls Completed in 25384ms
6476 http fetch GET 200 https://registry.npmjs.org/type-check/-/type-check-0.4.0.tgz 22150ms (cache miss)
6477 timing reifyNode:node_modules/type-check Completed in 25402ms
6478 http fetch GET 200 https://registry.npmjs.org/pump/-/pump-3.0.3.tgz 22073ms (cache miss)
6479 timing reifyNode:node_modules/pump Completed in 25399ms
6480 http fetch GET 200 https://registry.npmjs.org/@babel/preset-flow/-/preset-flow-7.27.1.tgz 22077ms (cache miss)
6481 timing reifyNode:node_modules/@babel/preset-flow Completed in 25400ms
6482 http fetch GET 200 https://registry.npmjs.org/@babel/preset-typescript/-/preset-typescript-7.28.5.tgz 22079ms (cache miss)
6483 timing reifyNode:node_modules/@babel/preset-typescript Completed in 25402ms
6484 timing reifyNode:node_modules/source-map Completed in 25857ms
6485 http fetch GET 200 https://registry.npmjs.org/event-target-shim/-/event-target-shim-5.0.1.tgz 23132ms (cache miss)
6486 timing reifyNode:node_modules/marky Completed in 25740ms
6487 http fetch GET 200 https://registry.npmjs.org/parent-module/-/parent-module-1.0.1.tgz 22399ms (cache miss)
6488 timing reifyNode:node_modules/parent-module Completed in 25747ms
6489 http fetch GET 200 https://registry.npmjs.org/log-symbols/-/log-symbols-2.2.0.tgz 22415ms (cache miss)
6490 timing reifyNode:node_modules/log-symbols Completed in 25769ms
6491 http fetch GET 200 https://registry.npmjs.org/npm-run-path/-/npm-run-path-2.0.2.tgz 22423ms (cache miss)
6492 timing reifyNode:node_modules/npm-run-path Completed in 25752ms
6493 http fetch GET 200 https://registry.npmjs.org/get-stream/-/get-stream-4.1.0.tgz 22421ms (cache miss)
6494 timing reifyNode:node_modules/get-stream Completed in 25752ms
6495 http fetch GET 200 https://registry.npmjs.org/wrappy/-/wrappy-1.0.2.tgz 22419ms (cache miss)
6496 timing reifyNode:node_modules/wrappy Completed in 25749ms
6497 http fetch GET 200 https://registry.npmjs.org/agent-base/-/agent-base-6.0.2.tgz 22415ms (cache miss)
6498 http fetch GET 200 https://registry.npmjs.org/p-finally/-/p-finally-1.0.0.tgz 22424ms (cache miss)
6499 timing reifyNode:node_modules/p-finally Completed in 25758ms
6500 http fetch GET 200 https://registry.npmjs.org/strip-eof/-/strip-eof-1.0.0.tgz 22431ms (cache miss)
6501 timing reifyNode:node_modules/strip-eof Completed in 25759ms
6502 http fetch GET 200 https://registry.npmjs.org/ip-regex/-/ip-regex-2.1.0.tgz 22428ms (cache miss)
6503 timing reifyNode:node_modules/ip-regex Completed in 25759ms
6504 http fetch GET 200 https://registry.npmjs.org/is-stream/-/is-stream-1.1.0.tgz 22442ms (cache miss)
6505 timing reifyNode:node_modules/is-stream Completed in 25772ms
6506 http fetch GET 200 https://registry.npmjs.org/scheduler/-/scheduler-0.24.0-canary-efb381bbf-20230505.tgz 23518ms (cache miss)
6507 http fetch GET 200 https://registry.npmjs.org/is-extglob/-/is-extglob-2.1.1.tgz 22686ms (cache miss)
6508 timing reifyNode:node_modules/is-extglob Completed in 26016ms
6509 http fetch GET 200 https://registry.npmjs.org/ipaddr.js/-/ipaddr.js-1.9.1.tgz 22684ms (cache miss)
6510 http fetch GET 200 https://registry.npmjs.org/signal-exit/-/signal-exit-3.0.7.tgz 22689ms (cache miss)
6511 timing reifyNode:node_modules/signal-exit Completed in 26017ms
6512 timing reifyNode:node_modules/ipaddr.js Completed in 26014ms
6513 http fetch GET 200 https://registry.npmjs.org/array-union/-/array-union-2.1.0.tgz 22673ms (cache miss)
6514 timing reifyNode:node_modules/array-union Completed in 26014ms
6515 http fetch GET 200 https://registry.npmjs.org/metro-runtime/-/metro-runtime-0.80.12.tgz 23644ms (cache miss)
6516 timing reifyNode:node_modules/mime-db Completed in 26267ms
6517 timing reifyNode:node_modules/dag-map Completed in 26262ms
6518 http fetch GET 200 https://registry.npmjs.org/math-intrinsics/-/math-intrinsics-1.1.0.tgz 22909ms (cache miss)
6519 http fetch GET 200 https://registry.npmjs.org/default-gateway/-/default-gateway-4.2.0.tgz 22919ms (cache miss)
6520 http fetch GET 200 https://registry.npmjs.org/inherits/-/inherits-2.0.4.tgz 22918ms (cache miss)
6521 timing reifyNode:node_modules/inherits Completed in 26262ms
6522 http fetch GET 200 https://registry.npmjs.org/path-is-absolute/-/path-is-absolute-1.0.1.tgz 22921ms (cache miss)
6523 timing reifyNode:node_modules/path-is-absolute Completed in 26263ms
6524 http fetch GET 200 https://registry.npmjs.org/inflight/-/inflight-1.0.6.tgz 22919ms (cache miss)
6525 warn deprecated inflight@1.0.6: This module is not supported, and leaks memory. Do not use it. Check out lru-cache if you want a good and tested way to coalesce async requests by a key value, which is much more comprehensive and powerful.
6526 timing reifyNode:node_modules/inflight Completed in 26264ms
6527 http fetch GET 200 https://registry.npmjs.org/gopd/-/gopd-1.2.0.tgz 22916ms (cache miss)
6528 http fetch GET 200 https://registry.npmjs.org/dunder-proto/-/dunder-proto-1.0.1.tgz 22918ms (cache miss)
6529 http fetch GET 200 https://registry.npmjs.org/once/-/once-1.4.0.tgz 22920ms (cache miss)
6530 timing reifyNode:node_modules/once Completed in 26267ms
6531 http fetch GET 200 https://registry.npmjs.org/dir-glob/-/dir-glob-3.0.1.tgz 22927ms (cache miss)
6532 timing reifyNode:node_modules/dir-glob Completed in 26422ms
6533 http fetch GET 200 https://registry.npmjs.org/fs.realpath/-/fs.realpath-1.0.0.tgz 23077ms (cache miss)
6534 timing reifyNode:node_modules/fs.realpath Completed in 26419ms
6535 http fetch GET 200 https://registry.npmjs.org/@hapi/hoek/-/hoek-9.3.0.tgz 24174ms (cache miss)
6536 timing reifyNode:node_modules/event-target-shim Completed in 26592ms
6537 http fetch GET 200 https://registry.npmjs.org/execa/-/execa-1.0.0.tgz 23351ms (cache miss)
6538 timing reifyNode:node_modules/execa Completed in 26698ms
6539 http fetch GET 200 https://registry.npmjs.org/function-bind/-/function-bind-1.1.2.tgz 23342ms (cache miss)
6540 http fetch GET 200 https://registry.npmjs.org/get-proto/-/get-proto-1.0.1.tgz 23342ms (cache miss)
6541 http fetch GET 200 https://registry.npmjs.org/es-object-atoms/-/es-object-atoms-1.1.1.tgz 23343ms (cache miss)
6542 http fetch GET 200 https://registry.npmjs.org/universalify/-/universalify-0.1.2.tgz 23342ms (cache miss)
6543 timing reifyNode:node_modules/universalify Completed in 26694ms
6544 http fetch GET 200 https://registry.npmjs.org/es-define-property/-/es-define-property-1.0.1.tgz 23345ms (cache miss)
6545 http fetch GET 200 https://registry.npmjs.org/has-tostringtag/-/has-tostringtag-1.0.2.tgz 23343ms (cache miss)
6546 http fetch GET 200 https://registry.npmjs.org/path-type/-/path-type-4.0.0.tgz 23338ms (cache miss)
6547 timing reifyNode:node_modules/path-type Completed in 26704ms
6548 http fetch GET 200 https://registry.npmjs.org/hasown/-/hasown-2.0.2.tgz 23342ms (cache miss)
6549 timing reifyNode:node_modules/hasown Completed in 26696ms
6550 http fetch GET 200 https://registry.npmjs.org/es-errors/-/es-errors-1.3.0.tgz 23344ms (cache miss)
6551 timing reifyNode:node_modules/metro-cache Completed in 27139ms
6552 timing reifyNode:node_modules/scheduler Completed in 27055ms
6553 http fetch GET 200 https://registry.npmjs.org/graceful-fs/-/graceful-fs-4.2.11.tgz 23656ms (cache miss)
6554 timing reifyNode:node_modules/graceful-fs Completed in 27008ms
6555 http fetch GET 200 https://registry.npmjs.org/get-intrinsic/-/get-intrinsic-1.3.0.tgz 23655ms (cache miss)
6556 http fetch GET 200 https://registry.npmjs.org/combined-stream/-/combined-stream-1.0.8.tgz 23652ms (cache miss)
6557 timing reifyNode:node_modules/combined-stream Completed in 27011ms
6558 http fetch GET 200 https://registry.npmjs.org/asynckit/-/asynckit-0.4.0.tgz 23652ms (cache miss)
6559 http fetch GET 200 https://registry.npmjs.org/es-set-tostringtag/-/es-set-tostringtag-2.1.0.tgz 23660ms (cache miss)
6560 http fetch GET 200 https://registry.npmjs.org/delayed-stream/-/delayed-stream-1.0.0.tgz 23667ms (cache miss)
6561 timing reifyNode:node_modules/delayed-stream Completed in 27021ms
6562 timing reifyNode:node_modules/@hapi/hoek Completed in 27431ms
6563 http fetch GET 200 https://registry.npmjs.org/hermes-estree/-/hermes-estree-0.19.1.tgz 24916ms (cache miss)
6564 timing reifyNode:node_modules/metro-runtime Completed in 27380ms
6565 timing reifyNode:node_modules/default-gateway Completed in 27340ms
6566 timing reifyNode:node_modules/es-set-tostringtag Completed in 27335ms
6567 http fetch GET 200 https://registry.npmjs.org/path-exists/-/path-exists-4.0.0.tgz 23953ms (cache miss)
6568 timing reifyNode:node_modules/path-exists Completed in 27335ms
6569 http fetch GET 200 https://registry.npmjs.org/flat-cache/-/flat-cache-3.2.0.tgz 23928ms (cache miss)
6570 timing reifyNode:node_modules/flat-cache Completed in 27343ms
6571 http fetch GET 200 https://registry.npmjs.org/statuses/-/statuses-1.5.0.tgz 23956ms (cache miss)
6572 timing reifyNode:node_modules/statuses Completed in 27343ms
6573 http fetch GET 200 https://registry.npmjs.org/escape-html/-/escape-html-1.0.3.tgz 23951ms (cache miss)
6574 timing reifyNode:node_modules/escape-html Completed in 27344ms
6575 http fetch GET 200 https://registry.npmjs.org/locate-path/-/locate-path-6.0.0.tgz 23968ms (cache miss)
6576 timing reifyNode:node_modules/locate-path Completed in 27357ms
6577 http fetch GET 200 https://registry.npmjs.org/keyv/-/keyv-4.5.4.tgz 23985ms (cache miss)
6578 timing reifyNode:node_modules/keyv Completed in 27359ms
6579 http fetch GET 200 https://registry.npmjs.org/unpipe/-/unpipe-1.0.0.tgz 23973ms (cache miss)
6580 timing reifyNode:node_modules/unpipe Completed in 27359ms
6581 timing reifyNode:node_modules/@react-native-community/cli-hermes Completed in 28403ms
6582 timing reifyNode:node_modules/agent-base Completed in 28511ms
6583 http fetch GET 200 https://registry.npmjs.org/argparse/-/argparse-2.0.1.tgz 25179ms (cache miss)
6584 http fetch GET 200 https://registry.npmjs.org/jsonfile/-/jsonfile-4.0.0.tgz 25169ms (cache miss)
6585 timing reifyNode:node_modules/jsonfile Completed in 28533ms
6586 http fetch GET 200 https://registry.npmjs.org/setimmediate/-/setimmediate-1.0.5.tgz 25115ms (cache miss)
6587 timing reifyNode:node_modules/setimmediate Completed in 28663ms
6588 http fetch GET 200 https://registry.npmjs.org/on-finished/-/on-finished-2.3.0.tgz 25273ms (cache miss)
6589 timing reifyNode:node_modules/on-finished Completed in 28664ms
6590 http fetch GET 200 https://registry.npmjs.org/object-assign/-/object-assign-4.1.1.tgz 25232ms (cache miss)
6591 timing reifyNode:node_modules/object-assign Completed in 28663ms
6592 http fetch GET 200 https://registry.npmjs.org/loose-envify/-/loose-envify-1.4.0.tgz 25232ms (cache miss)
6593 timing reifyNode:node_modules/loose-envify Completed in 28669ms
6594 http fetch GET 200 https://registry.npmjs.org/encodeurl/-/encodeurl-1.0.2.tgz 25270ms (cache miss)
6595 timing reifyNode:node_modules/encodeurl Completed in 28684ms
6596 timing reifyNode:node_modules/hermes-estree Completed in 29642ms
6597 http fetch GET 200 https://registry.npmjs.org/source-map-js/-/source-map-js-1.2.1.tgz 26658ms (cache miss)
6598 timing reifyNode:node_modules/gopd Completed in 29548ms
6599 timing reifyNode:node_modules/es-define-property Completed in 29574ms
6600 timing reifyNode:node_modules/get-intrinsic Completed in 29586ms
6601 http fetch GET 200 https://registry.npmjs.org/reusify/-/reusify-1.1.0.tgz 26151ms (cache miss)
6602 http fetch GET 200 https://registry.npmjs.org/merge2/-/merge2-1.4.1.tgz 26149ms (cache miss)
6603 timing reifyNode:node_modules/merge2 Completed in 29571ms
6604 http fetch GET 200 https://registry.npmjs.org/expo-image-loader/-/expo-image-loader-4.7.0.tgz 26148ms (cache miss)
6605 http fetch GET 200 https://registry.npmjs.org/to-regex-range/-/to-regex-range-5.0.1.tgz 26156ms (cache miss)
6606 timing reifyNode:node_modules/to-regex-range Completed in 29618ms
6607 timing reifyNode:node_modules/dunder-proto Completed in 29793ms
6608 http fetch GET 200 https://registry.npmjs.org/finalhandler/-/finalhandler-1.1.2.tgz 26417ms (cache miss)
6609 timing reifyNode:node_modules/finalhandler Completed in 29844ms
6610 http fetch GET 200 https://registry.npmjs.org/fbjs-css-vars/-/fbjs-css-vars-1.0.2.tgz 26424ms (cache miss)
6611 timing reifyNode:node_modules/fbjs-css-vars Completed in 29872ms
6612 http fetch GET 200 https://registry.npmjs.org/micromatch/-/micromatch-4.0.8.tgz 26439ms (cache miss)
6613 timing reifyNode:node_modules/micromatch Completed in 29869ms
6614 http fetch GET 200 https://registry.npmjs.org/parseurl/-/parseurl-1.3.3.tgz 26425ms (cache miss)
6615 timing reifyNode:node_modules/parseurl Completed in 29848ms
6616 http fetch GET 200 https://registry.npmjs.org/unique-filename/-/unique-filename-3.0.0.tgz 26426ms (cache miss)
6617 timing reifyNode:node_modules/unique-filename Completed in 29850ms
6618 http fetch GET 200 https://registry.npmjs.org/utils-merge/-/utils-merge-1.0.1.tgz 26435ms (cache miss)
6619 timing reifyNode:node_modules/utils-merge Completed in 29854ms
6620 http fetch GET 200 https://registry.npmjs.org/metro-resolver/-/metro-resolver-0.80.12.tgz 27653ms (cache miss)
6621 timing reifyNode:node_modules/argparse Completed in 30026ms
6622 http fetch GET 200 https://registry.npmjs.org/fontfaceobserver/-/fontfaceobserver-2.3.0.tgz 26568ms (cache miss)
6623 timing reifyNode:node_modules/fontfaceobserver Completed in 29989ms
6624 http fetch GET 200 https://registry.npmjs.org/minipass-collect/-/minipass-collect-2.0.1.tgz 26562ms (cache miss)
6625 timing reifyNode:node_modules/minipass-collect Completed in 29986ms
6626 http fetch GET 200 https://registry.npmjs.org/minipass-pipeline/-/minipass-pipeline-1.2.4.tgz 26562ms (cache miss)
6627 timing reifyNode:node_modules/minipass-pipeline Completed in 29993ms
6628 http fetch GET 200 https://registry.npmjs.org/ssri/-/ssri-10.0.6.tgz 26572ms (cache miss)
6629 timing reifyNode:node_modules/ssri Completed in 29995ms
6630 http fetch GET 200 https://registry.npmjs.org/p-map/-/p-map-4.0.0.tgz 26705ms (cache miss)
6631 timing reifyNode:node_modules/p-map Completed in 30131ms
6632 timing reifyNode:node_modules/source-map-js Completed in 30428ms
6633 timing reifyNode:node_modules/es-object-atoms Completed in 30395ms
6634 timing reifyNode:node_modules/function-bind Completed in 30401ms
6635 http fetch GET 200 https://registry.npmjs.org/minipass-flush/-/minipass-flush-1.0.5.tgz 26935ms (cache miss)
6636 timing reifyNode:node_modules/minipass-flush Completed in 30361ms
6637 http fetch GET 200 https://registry.npmjs.org/mime-types/-/mime-types-2.1.35.tgz 26931ms (cache miss)
6638 timing reifyNode:node_modules/mime-types Completed in 30360ms
6639 http fetch GET 200 https://registry.npmjs.org/fs-minipass/-/fs-minipass-3.0.3.tgz 26939ms (cache miss)
6640 timing reifyNode:node_modules/fs-minipass Completed in 30366ms
6641 http fetch GET 200 https://registry.npmjs.org/negotiator/-/negotiator-0.6.3.tgz 26936ms (cache miss)
6642 http fetch GET 200 https://registry.npmjs.org/@graphql-typed-document-node/core/-/core-3.2.0.tgz 26932ms (cache miss)
6643 timing reifyNode:node_modules/@graphql-typed-document-node/core Completed in 30363ms
6644 timing reifyNode:node_modules/ansi-fragments Completed in 30670ms
6645 timing reifyNode:node_modules/metro-resolver Completed in 30700ms
6646 http fetch GET 200 https://registry.npmjs.org/pretty-format/-/pretty-format-26.6.2.tgz 28065ms (cache miss)
6647 timing reifyNode:node_modules/get-proto Completed in 30666ms
6648 http fetch GET 200 https://registry.npmjs.org/tslib/-/tslib-2.8.1.tgz 27336ms (cache miss)
6649 http fetch GET 200 https://registry.npmjs.org/serve-static/-/serve-static-1.16.3.tgz 27247ms (cache miss)
6650 timing reifyNode:node_modules/serve-static Completed in 30687ms
6651 http fetch GET 200 https://registry.npmjs.org/selfsigned/-/selfsigned-2.4.1.tgz 27248ms (cache miss)
6652 timing reifyNode:node_modules/selfsigned Completed in 30686ms
6653 http fetch GET 200 https://registry.npmjs.org/lighthouse-logger/-/lighthouse-logger-1.4.2.tgz 27253ms (cache miss)
6654 timing reifyNode:node_modules/lighthouse-logger Completed in 30688ms
6655 http fetch GET 200 https://registry.npmjs.org/rimraf/-/rimraf-3.0.2.tgz 27252ms (cache miss)
6656 warn deprecated rimraf@3.0.2: Rimraf versions prior to v4 are no longer supported
6657 timing reifyNode:node_modules/rimraf Completed in 30712ms
6658 http fetch GET 200 https://registry.npmjs.org/minimist/-/minimist-1.2.8.tgz 27858ms (cache miss)
6659 timing reifyNode:node_modules/negotiator Completed in 30832ms
6660 http fetch GET 200 https://registry.npmjs.org/join-component/-/join-component-1.1.0.tgz 27395ms (cache miss)
6661 timing reifyNode:node_modules/join-component Completed in 30832ms
6662 http fetch GET 200 https://registry.npmjs.org/remove-trailing-slash/-/remove-trailing-slash-0.1.1.tgz 27380ms (cache miss)
6663 timing reifyNode:node_modules/remove-trailing-slash Completed in 30832ms
6664 http fetch GET 200 https://registry.npmjs.org/plist/-/plist-3.1.0.tgz 29038ms (cache miss)
6665 timing metavuln:cache:put:security-advisory:@expo/cli:2EmvjjBSSau+e+HG6reOXlH55N7kMKBSe9VvH3KT9hDiU8ESZrtaLDDSY3yJ3dCmomsJrhftyG5bU3pOJUv5SA== Completed in 6476ms
6666 timing metavuln:calculate:security-advisory:@expo/cli:ZKKH6FeXVezCkmJxNdr8cb+cWhdTHbx9sSvBVh7Bt05r2WZFpcN8lnj7uzmuMTQ5c3MUcojkQiyKj2o2hwlvNQ== Completed in 6812ms
6667 timing metavuln:packument:expo-image-picker Completed in 16ms
6668 timing metavuln:packument:expo-font Completed in 15ms
6669 timing metavuln:packument:expo-asset Completed in 14ms
6670 timing metavuln:packument:expo-file-system Completed in 13ms
6671 timing metavuln:packument:expo-keep-awake Completed in 14ms
6672 timing metavuln:packument:expo-constants Completed in 13ms
6673 timing metavuln:packument:expo-image-loader Completed in 13ms
6674 http fetch GET 200 https://registry.npmjs.org/has-symbols/-/has-symbols-1.1.0.tgz 27781ms (cache miss)
6675 timing reifyNode:node_modules/has-tostringtag Completed in 31126ms
6676 http fetch GET 200 https://registry.npmjs.org/flatted/-/flatted-3.3.3.tgz 27747ms (cache miss)
6677 http fetch GET 200 https://registry.npmjs.org/md5/-/md5-2.3.0.tgz 27625ms (cache miss)
6678 http fetch GET 200 https://registry.npmjs.org/fetch-retry/-/fetch-retry-4.1.1.tgz 27624ms (cache miss)
6679 timing metavuln:cache:get:security-advisory:expo-image-picker:T0f75y+F20LnyG5kNWogAaRbYDZGQKcbR0DctNwPtxHUAtObtv260PLlrUTU4rPiOTwsElWJXcfTA2VsYC5PIA== Completed in 218ms
6680 timing metavuln:load:security-advisory:expo-image-picker:33NbuAqv8hznUypphrex7pcAK7E8kQjmYniAH2Swt5AcM1Zjdlgq6GaJZoDo2u0EOYM5e62mAxW7AiwnNY3a2A== Completed in 1973ms
6681 timing metavuln:cache:get:security-advisory:expo-font:2u9B5LYznLGrIl8ACla52Hzxy4T7v7n6+1s/LIJMcBpJawzj2sVF+d/if7C/SzDBaLkbMWMHuenhMuQwI1Ub9A== Completed in 2214ms
6682 timing metavuln:load:security-advisory:expo-font:33NbuAqv8hznUypphrex7pcAK7E8kQjmYniAH2Swt5AcM1Zjdlgq6GaJZoDo2u0EOYM5e62mAxW7AiwnNY3a2A== Completed in 113ms
6683 timing metavuln:cache:get:security-advisory:expo-asset:IEdJHDJ619HmH8DUUOZCRF4O2tG2rBTCKvEUTFURndnmXERwYJYtXj8npgAilHTGdMua1vlsce2u2xd1V53THg== Completed in 2328ms
6684 timing metavuln:load:security-advisory:expo-asset:33NbuAqv8hznUypphrex7pcAK7E8kQjmYniAH2Swt5AcM1Zjdlgq6GaJZoDo2u0EOYM5e62mAxW7AiwnNY3a2A== Completed in 122ms
6685 timing metavuln:cache:get:security-advisory:expo-file-system:iUoLFiXwF3CRfMZxv7NVNebYgm4Bt5st602Qh1WyEI7+Sx1pMXeMa4Toirlo+KfZdEOZosXKYf4x54go8OUkqg== Completed in 2468ms
6686 timing metavuln:load:security-advisory:expo-file-system:33NbuAqv8hznUypphrex7pcAK7E8kQjmYniAH2Swt5AcM1Zjdlgq6GaJZoDo2u0EOYM5e62mAxW7AiwnNY3a2A== Completed in 107ms
6687 timing metavuln:cache:get:security-advisory:expo-keep-awake:5IJ6d0MGqkTUoR3Gvi5urgk4l6hUsLaai/WI5heMvYQjRjnl3q7SSeYlydB2aZlNdyeIO+TssV9HBeXIPWJBHw== Completed in 2578ms
6688 timing metavuln:load:security-advisory:expo-keep-awake:33NbuAqv8hznUypphrex7pcAK7E8kQjmYniAH2Swt5AcM1Zjdlgq6GaJZoDo2u0EOYM5e62mAxW7AiwnNY3a2A== Completed in 73ms
6689 timing metavuln:cache:get:security-advisory:expo-constants:xJIoqjl9ajwWvDKsUMpg28gDd19o/S8ZdgDZANSJ5Tv37Ti7K8Ev4QMhf9ANP7S4dWIXmQymT7rOOt6yqNzSIA== Completed in 2653ms
6690 timing metavuln:load:security-advisory:expo-constants:33NbuAqv8hznUypphrex7pcAK7E8kQjmYniAH2Swt5AcM1Zjdlgq6GaJZoDo2u0EOYM5e62mAxW7AiwnNY3a2A== Completed in 15ms
6691 timing metavuln:cache:get:security-advisory:expo-image-loader:S0v56rUgBgftmYGmE8Y1o8X8ysRTsDYgZ1cYeFpN+IXhFIzIqBPFbhzL0e7HyeJnglUOB8Nu7XsDDrpfQSstXw== Completed in 2672ms
6692 timing metavuln:load:security-advisory:expo-image-loader:33NbuAqv8hznUypphrex7pcAK7E8kQjmYniAH2Swt5AcM1Zjdlgq6GaJZoDo2u0EOYM5e62mAxW7AiwnNY3a2A== Completed in 221ms
6693 http fetch GET 200 https://registry.npmjs.org/@react-native/virtualized-lists/-/virtualized-lists-0.74.83.tgz 31352ms (cache miss)
6694 timing reifyNode:node_modules/pretty-format Completed in 34015ms
6695 http fetch GET 200 https://registry.npmjs.org/call-bind-apply-helpers/-/call-bind-apply-helpers-1.0.2.tgz 30607ms (cache miss)
6696 timing reifyNode:node_modules/tslib Completed in 33967ms
6697 timing reifyNode:node_modules/asynckit Completed in 33960ms
6698 timing reifyNode:node_modules/md5 Completed in 33912ms
6699 timing reifyNode:node_modules/minimist Completed in 34619ms
6700 timing reifyNode:node_modules/has-symbols Completed in 34621ms
6701 http fetch GET 200 https://registry.npmjs.org/ua-parser-js/-/ua-parser-js-1.0.41.tgz 31217ms (cache miss)
6702 http fetch GET 200 https://registry.npmjs.org/commander/-/commander-7.2.0.tgz 31176ms (cache miss)
6703 http fetch GET 200 https://registry.npmjs.org/component-type/-/component-type-1.2.2.tgz 31158ms (cache miss)
6704 http fetch GET 200 https://registry.npmjs.org/base64-js/-/base64-js-1.5.1.tgz 31134ms (cache miss)
6705 timing reifyNode:node_modules/base64-js Completed in 34598ms
6706 http fetch GET 200 https://registry.npmjs.org/@isaacs/ttlcache/-/ttlcache-1.4.1.tgz 31159ms (cache miss)
6707 timing reifyNode:node_modules/@isaacs/ttlcache Completed in 34600ms
6708 http fetch GET 200 https://registry.npmjs.org/jsc-safe-url/-/jsc-safe-url-0.2.4.tgz 31137ms (cache miss)
6709 timing reifyNode:node_modules/jsc-safe-url Completed in 34599ms
6710 http fetch GET 200 https://registry.npmjs.org/exec-async/-/exec-async-2.2.0.tgz 31140ms (cache miss)
6711 timing reifyNode:node_modules/exec-async Completed in 34605ms
6712 http fetch GET 200 https://registry.npmjs.org/@react-native/normalize-colors/-/normalize-colors-0.74.85.tgz 31148ms (cache miss)
6713 timing reifyNode:node_modules/@react-native/normalize-colors Completed in 34611ms
6714 timing reifyNode:node_modules/plist Completed in 36211ms
6715 timing reifyNode:node_modules/flatted Completed in 36281ms
6716 http fetch GET 200 https://registry.npmjs.org/big-integer/-/big-integer-1.6.52.tgz 32945ms (cache miss)
6717 http fetch GET 200 https://registry.npmjs.org/write-file-atomic/-/write-file-atomic-2.4.3.tgz 33162ms (cache miss)
6718 timing reifyNode:node_modules/write-file-atomic Completed in 36632ms
6719 timing reifyNode:node_modules/@react-native/virtualized-lists Completed in 37351ms
6720 timing reifyNode:node_modules/call-bind-apply-helpers Completed in 37526ms
6721 timing reifyNode:node_modules/ua-parser-js Completed in 37543ms
6722 timing reifyNode:node_modules/reusify Completed in 37542ms
6723 http fetch GET 200 https://registry.npmjs.org/wrap-ansi/-/wrap-ansi-7.0.0.tgz 34091ms (cache miss)
6724 timing reifyNode:node_modules/wrap-ansi Completed in 37563ms
6725 http fetch GET 200 https://registry.npmjs.org/resolve-workspace-root/-/resolve-workspace-root-2.0.1.tgz 34112ms (cache miss)
6726 http fetch GET 200 https://registry.npmjs.org/slash/-/slash-3.0.0.tgz 34104ms (cache miss)
6727 timing reifyNode:node_modules/slash Completed in 37571ms
6728 timing reifyNode:node_modules/resolve-workspace-root Completed in 37575ms
6729 http fetch GET 200 https://registry.npmjs.org/parse-png/-/parse-png-2.1.0.tgz 34115ms (cache miss)
6730 timing reifyNode:node_modules/parse-png Completed in 37594ms
6731 http fetch GET 200 https://registry.npmjs.org/url-join/-/url-join-4.0.0.tgz 34120ms (cache miss)
6732 timing reifyNode:node_modules/url-join Completed in 37593ms
6733 timing reifyNode:node_modules/es-errors Completed in 38143ms
6734 http fetch GET 200 https://registry.npmjs.org/cross-fetch/-/cross-fetch-3.2.0.tgz 34709ms (cache miss)
6735 timing reifyNode:node_modules/commander Completed in 38124ms
6736 timing reifyNode:node_modules/component-type Completed in 38098ms
6737 http fetch GET 200 https://registry.npmjs.org/@segment/loosely-validate-event/-/loosely-validate-event-2.0.0.tgz 34651ms (cache miss)
6738 http fetch GET 200 https://registry.npmjs.org/xml2js/-/xml2js-0.6.0.tgz 34637ms (cache miss)
6739 http fetch GET 200 https://registry.npmjs.org/tempy/-/tempy-0.7.1.tgz 34623ms (cache miss)
6740 timing reifyNode:node_modules/tempy Completed in 38099ms
6741 http fetch GET 200 https://registry.npmjs.org/terminal-link/-/terminal-link-2.1.1.tgz 34625ms (cache miss)
6742 timing reifyNode:node_modules/terminal-link Completed in 38105ms
6743 http fetch GET 200 https://registry.npmjs.org/@expo/config-types/-/config-types-51.0.3.tgz 34635ms (cache miss)
6744 timing reifyNode:node_modules/@expo/config-types Completed in 38107ms
6745 http fetch GET 200 https://registry.npmjs.org/@expo/sdk-runtime-versions/-/sdk-runtime-versions-1.0.0.tgz 34638ms (cache miss)
6746 timing reifyNode:node_modules/big-integer Completed in 40303ms
6747 timing reifyNode:node_modules/@expo/sdk-runtime-versions Completed in 40302ms
6748 http fetch GET 200 https://registry.npmjs.org/@expo/sudo-prompt/-/sudo-prompt-9.3.2.tgz 36842ms (cache miss)
6749 timing reifyNode:node_modules/@expo/sudo-prompt Completed in 40310ms
6750 http fetch GET 200 https://registry.npmjs.org/resolve-from/-/resolve-from-5.0.0.tgz 36825ms (cache miss)
6751 timing reifyNode:node_modules/resolve-from Completed in 40304ms
6752 http fetch GET 200 https://registry.npmjs.org/require-from-string/-/require-from-string-2.0.2.tgz 36824ms (cache miss)
6753 timing reifyNode:node_modules/require-from-string Completed in 40303ms
6754 http fetch GET 200 https://registry.npmjs.org/stacktrace-parser/-/stacktrace-parser-0.1.11.tgz 36830ms (cache miss)
6755 timing reifyNode:node_modules/stacktrace-parser Completed in 40308ms
6756 http fetch GET 200 https://registry.npmjs.org/temp-dir/-/temp-dir-2.0.0.tgz 36839ms (cache miss)
6757 timing reifyNode:node_modules/temp-dir Completed in 40325ms
6758 timing reifyNode:node_modules/xml2js Completed in 40733ms
6759 http fetch GET 200 https://registry.npmjs.org/send/-/send-0.18.0.tgz 37251ms (cache miss)
6760 timing reifyNode:node_modules/send Completed in 40731ms
6761 http fetch GET 200 https://registry.npmjs.org/dotenv-expand/-/dotenv-expand-11.0.7.tgz 37257ms (cache miss)
6762 timing reifyNode:node_modules/dotenv-expand Completed in 40747ms
6763 http fetch GET 200 https://registry.npmjs.org/slugify/-/slugify-1.6.6.tgz 37390ms (cache miss)
6764 timing reifyNode:node_modules/slugify Completed in 40869ms
6765 http fetch GET 200 https://registry.npmjs.org/source-map-support/-/source-map-support-0.5.21.tgz 37393ms (cache miss)
6766 http fetch GET 200 https://registry.npmjs.org/progress/-/progress-2.0.3.tgz 37390ms (cache miss)
6767 timing reifyNode:node_modules/progress Completed in 40871ms
6768 timing reifyNode:node_modules/cross-fetch Completed in 41372ms
6769 timing reifyNode:node_modules/@segment/loosely-validate-event Completed in 41333ms
6770 http fetch GET 200 https://registry.npmjs.org/@expo/bunyan/-/bunyan-4.0.1.tgz 37885ms (cache miss)
6771 http fetch GET 200 https://registry.npmjs.org/resolve.exports/-/resolve.exports-2.0.3.tgz 37856ms (cache miss)
6772 timing reifyNode:node_modules/resolve.exports Completed in 41342ms
6773 http fetch GET 200 https://registry.npmjs.org/https-proxy-agent/-/https-proxy-agent-5.0.1.tgz 37865ms (cache miss)
6774 http fetch GET 200 https://registry.npmjs.org/is-wsl/-/is-wsl-2.2.0.tgz 37874ms (cache miss)
6775 timing reifyNode:node_modules/is-wsl Completed in 41324ms
6776 http fetch GET 200 https://registry.npmjs.org/md5hex/-/md5hex-1.0.0.tgz 37876ms (cache miss)
6777 timing reifyNode:node_modules/md5hex Completed in 41326ms
6778 http fetch GET 200 https://registry.npmjs.org/npm-package-arg/-/npm-package-arg-7.0.0.tgz 37911ms (cache miss)
6779 timing reifyNode:node_modules/npm-package-arg Completed in 41367ms
6780 http fetch GET 200 https://registry.npmjs.org/ora/-/ora-3.4.0.tgz 37918ms (cache miss)
6781 timing reifyNode:node_modules/ora Completed in 41401ms
6782 http fetch GET 200 https://registry.npmjs.org/json-schema-deref-sync/-/json-schema-deref-sync-0.13.0.tgz 37912ms (cache miss)
6783 http fetch GET 200 https://registry.npmjs.org/is-docker/-/is-docker-2.2.1.tgz 37931ms (cache miss)
6784 timing reifyNode:node_modules/is-docker Completed in 41383ms
6785 http fetch GET 200 https://registry.npmjs.org/@npmcli/fs/-/fs-3.1.1.tgz 38830ms (cache miss)
6786 timing reifyNode:node_modules/source-map-support Completed in 42246ms
6787 http fetch GET 200 https://registry.npmjs.org/open/-/open-8.4.2.tgz 38773ms (cache miss)
6788 timing reifyNode:node_modules/open Completed in 42224ms
6789 http fetch GET 200 https://registry.npmjs.org/freeport-async/-/freeport-async-2.0.0.tgz 38758ms (cache miss)
6790 timing reifyNode:node_modules/freeport-async Completed in 42233ms
6791 http fetch GET 200 https://registry.npmjs.org/pretty-bytes/-/pretty-bytes-5.6.0.tgz 38788ms (cache miss)
6792 timing reifyNode:node_modules/pretty-bytes Completed in 42275ms
6793 http fetch GET 200 https://registry.npmjs.org/md5-file/-/md5-file-3.2.3.tgz 38778ms (cache miss)
6794 timing reifyNode:node_modules/md5-file Completed in 42318ms
6795 http fetch GET 200 https://registry.npmjs.org/traverse/-/traverse-0.6.11.tgz 39641ms (cache miss)
6796 http fetch GET 200 https://registry.npmjs.org/dotenv/-/dotenv-16.4.7.tgz 39330ms (cache miss)
6797 http fetch GET 200 https://registry.npmjs.org/picomatch/-/picomatch-3.0.1.tgz 39309ms (cache miss)
6798 http fetch GET 200 https://registry.npmjs.org/env-editor/-/env-editor-0.4.2.tgz 39298ms (cache miss)
6799 timing reifyNode:node_modules/env-editor Completed in 42770ms
6800 http fetch GET 200 https://registry.npmjs.org/bplist-parser/-/bplist-parser-0.3.2.tgz 39305ms (cache miss)
6801 timing reifyNode:node_modules/bplist-parser Completed in 42776ms
6802 http fetch GET 200 https://registry.npmjs.org/find-yarn-workspace-root/-/find-yarn-workspace-root-2.0.0.tgz 39320ms (cache miss)
6803 timing reifyNode:node_modules/find-yarn-workspace-root Completed in 42788ms
6804 http fetch GET 200 https://registry.npmjs.org/metro-source-map/-/metro-source-map-0.80.12.tgz 40915ms (cache miss)
6805 timing reifyNode:node_modules/@expo/bunyan Completed in 43663ms
6806 timing reifyNode:node_modules/json-schema-deref-sync Completed in 43614ms
6807 http fetch GET 200 https://registry.npmjs.org/ci-info/-/ci-info-3.9.0.tgz 40172ms (cache miss)
6808 timing reifyNode:node_modules/ci-info Completed in 43644ms
6809 http fetch GET 200 https://registry.npmjs.org/arg/-/arg-5.0.2.tgz 40170ms (cache miss)
6810 timing reifyNode:node_modules/arg Completed in 43655ms
6811 timing reifyNode:node_modules/@npmcli/fs Completed in 44418ms
6812 timing reifyNode:node_modules/picomatch Completed in 44400ms
6813 http fetch GET 200 https://registry.npmjs.org/accepts/-/accepts-1.3.8.tgz 40893ms (cache miss)
6814 timing reifyNode:node_modules/accepts Completed in 44367ms
6815 http fetch GET 200 https://registry.npmjs.org/getenv/-/getenv-1.0.0.tgz 40881ms (cache miss)
6816 timing reifyNode:node_modules/getenv Completed in 44377ms
6817 http fetch GET 200 https://registry.npmjs.org/connect/-/connect-3.7.0.tgz 40914ms (cache miss)
6818 http fetch GET 200 https://registry.npmjs.org/@react-native-community/cli-config/-/cli-config-13.6.6.tgz 42341ms (cache miss)
6819 timing reifyNode:node_modules/@react-native-community/cli-platform-ios Completed in 44831ms
6820 timing reifyNode:node_modules/traverse Completed in 44797ms
6821 http fetch GET 200 https://registry.npmjs.org/@babel/register/-/register-7.28.6.tgz 41481ms (cache miss)
6822 timing reifyNode:node_modules/expo-image-loader Completed in 44771ms
6823 timing reifyNode:node_modules/dotenv Completed in 44802ms
6824 timing reifyNode:node_modules/https-proxy-agent Completed in 44754ms
6825 timing reifyNode:node_modules/connect Completed in 44760ms
6826 http fetch GET 200 https://registry.npmjs.org/bplist-creator/-/bplist-creator-0.0.7.tgz 41290ms (cache miss)
6827 http fetch GET 200 https://registry.npmjs.org/form-data/-/form-data-3.0.4.tgz 41307ms (cache miss)
6828 http fetch GET 200 https://registry.npmjs.org/@expo/spawn-async/-/spawn-async-1.7.2.tgz 41287ms (cache miss)
6829 timing reifyNode:node_modules/@expo/spawn-async Completed in 44763ms
6830 timing reifyNode:node_modules/metro-source-map Completed in 45692ms
6831 http fetch GET 200 https://registry.npmjs.org/node-fetch/-/node-fetch-2.7.0.tgz 42238ms (cache miss)
6832 http fetch GET 200 https://registry.npmjs.org/@expo/osascript/-/osascript-2.3.8.tgz 42202ms (cache miss)
6833 timing reifyNode:node_modules/@expo/osascript Completed in 45679ms
6834 http fetch GET 200 https://registry.npmjs.org/@expo/env/-/env-0.3.0.tgz 42192ms (cache miss)
6835 http fetch GET 200 https://registry.npmjs.org/requireg/-/requireg-0.2.2.tgz 42884ms (cache miss)
6836 http fetch GET 200 https://registry.npmjs.org/@expo/json-file/-/json-file-8.3.3.tgz 42858ms (cache miss)
6837 http fetch GET 200 https://registry.npmjs.org/fbemitter/-/fbemitter-3.0.0.tgz 42854ms (cache miss)
6838 http fetch GET 200 https://registry.npmjs.org/@expo/rudder-sdk-node/-/rudder-sdk-node-1.1.1.tgz 42874ms (cache miss)
6839 timing reifyNode:node_modules/@expo/rudder-sdk-node Completed in 46349ms
6840 timing reifyNode:node_modules/@react-native-community/cli-config Completed in 47309ms
6841 timing reifyNode:node_modules/@babel/register Completed in 47227ms
6842 timing reifyNode:node_modules/fetch-retry Completed in 47218ms
6843 timing reifyNode:node_modules/node-fetch Completed in 47181ms
6844 timing reifyNode:node_modules/bplist-creator Completed in 47199ms
6845 timing reifyNode:node_modules/form-data Completed in 47206ms
6846 timing reifyNode:node_modules/fbemitter Completed in 47192ms
6847 http fetch GET 200 https://registry.npmjs.org/acorn-jsx/-/acorn-jsx-5.3.2.tgz 43695ms (cache miss)
6848 timing reifyNode:node_modules/acorn-jsx Completed in 47190ms
6849 http fetch GET 200 https://registry.npmjs.org/internal-ip/-/internal-ip-4.3.0.tgz 43702ms (cache miss)
6850 timing reifyNode:node_modules/internal-ip Completed in 47224ms
6851 timing metavuln:cache:put:security-advisory:expo-image-picker:T0f75y+F20LnyG5kNWogAaRbYDZGQKcbR0DctNwPtxHUAtObtv260PLlrUTU4rPiOTwsElWJXcfTA2VsYC5PIA== Completed in 14821ms
6852 timing metavuln:calculate:security-advisory:expo-image-picker:33NbuAqv8hznUypphrex7pcAK7E8kQjmYniAH2Swt5AcM1Zjdlgq6GaJZoDo2u0EOYM5e62mAxW7AiwnNY3a2A== Completed in 17036ms
6853 timing metavuln:cache:put:security-advisory:expo-keep-awake:5IJ6d0MGqkTUoR3Gvi5urgk4l6hUsLaai/WI5heMvYQjRjnl3q7SSeYlydB2aZlNdyeIO+TssV9HBeXIPWJBHw== Completed in 14381ms
6854 timing metavuln:calculate:security-advisory:expo-keep-awake:33NbuAqv8hznUypphrex7pcAK7E8kQjmYniAH2Swt5AcM1Zjdlgq6GaJZoDo2u0EOYM5e62mAxW7AiwnNY3a2A== Completed in 17068ms
6855 timing metavuln:cache:put:security-advisory:expo-file-system:iUoLFiXwF3CRfMZxv7NVNebYgm4Bt5st602Qh1WyEI7+Sx1pMXeMa4Toirlo+KfZdEOZosXKYf4x54go8OUkqg== Completed in 14493ms
6856 timing metavuln:calculate:security-advisory:expo-file-system:33NbuAqv8hznUypphrex7pcAK7E8kQjmYniAH2Swt5AcM1Zjdlgq6GaJZoDo2u0EOYM5e62mAxW7AiwnNY3a2A== Completed in 17068ms
6857 timing metavuln:cache:put:security-advisory:expo-font:2u9B5LYznLGrIl8ACla52Hzxy4T7v7n6+1s/LIJMcBpJawzj2sVF+d/if7C/SzDBaLkbMWMHuenhMuQwI1Ub9A== Completed in 14743ms
6858 timing metavuln:calculate:security-advisory:expo-font:33NbuAqv8hznUypphrex7pcAK7E8kQjmYniAH2Swt5AcM1Zjdlgq6GaJZoDo2u0EOYM5e62mAxW7AiwnNY3a2A== Completed in 17071ms
6859 timing metavuln:cache:put:security-advisory:expo-asset:IEdJHDJ619HmH8DUUOZCRF4O2tG2rBTCKvEUTFURndnmXERwYJYtXj8npgAilHTGdMua1vlsce2u2xd1V53THg== Completed in 14606ms
6860 timing metavuln:calculate:security-advisory:expo-asset:33NbuAqv8hznUypphrex7pcAK7E8kQjmYniAH2Swt5AcM1Zjdlgq6GaJZoDo2u0EOYM5e62mAxW7AiwnNY3a2A== Completed in 17070ms
6861 timing metavuln:cache:put:security-advisory:expo-image-loader:S0v56rUgBgftmYGmE8Y1o8X8ysRTsDYgZ1cYeFpN+IXhFIzIqBPFbhzL0e7HyeJnglUOB8Nu7XsDDrpfQSstXw== Completed in 14175ms
6862 timing metavuln:calculate:security-advisory:expo-image-loader:33NbuAqv8hznUypphrex7pcAK7E8kQjmYniAH2Swt5AcM1Zjdlgq6GaJZoDo2u0EOYM5e62mAxW7AiwnNY3a2A== Completed in 17068ms
6863 timing metavuln:cache:put:security-advisory:expo-constants:xJIoqjl9ajwWvDKsUMpg28gDd19o/S8ZdgDZANSJ5Tv37Ti7K8Ev4QMhf9ANP7S4dWIXmQymT7rOOt6yqNzSIA== Completed in 14415ms
6864 timing metavuln:calculate:security-advisory:expo-constants:33NbuAqv8hznUypphrex7pcAK7E8kQjmYniAH2Swt5AcM1Zjdlgq6GaJZoDo2u0EOYM5e62mAxW7AiwnNY3a2A== Completed in 17083ms
6865 timing auditReport:init Completed in 46431ms
6866 timing reify:audit Completed in 48446ms
6867 http fetch GET 200 https://registry.npmjs.org/@xmldom/xmldom/-/xmldom-0.7.13.tgz 44643ms (cache miss)
6868 timing reifyNode:node_modules/@expo/json-file Completed in 48122ms
6869 timing reifyNode:node_modules/@expo/env Completed in 48130ms
6870 http fetch GET 200 https://registry.npmjs.org/estraverse/-/estraverse-5.3.0.tgz 44636ms (cache miss)
6871 timing reifyNode:node_modules/estraverse Completed in 48134ms
6872 http fetch GET 200 https://registry.npmjs.org/@sinonjs/commons/-/commons-3.0.1.tgz 46194ms (cache miss)
6873 timing reifyNode:node_modules/requireg Completed in 48766ms
6874 http fetch GET 200 https://registry.npmjs.org/color-name/-/color-name-1.1.4.tgz 45226ms (cache miss)
6875 timing reifyNode:node_modules/color-name Completed in 48726ms
6876 http fetch GET 200 https://registry.npmjs.org/supports-color/-/supports-color-7.2.0.tgz 45210ms (cache miss)
6877 timing reifyNode:node_modules/supports-color Completed in 48726ms
6878 http fetch GET 200 https://registry.npmjs.org/run-parallel/-/run-parallel-1.2.0.tgz 45216ms (cache miss)
6879 timing reifyNode:node_modules/run-parallel Completed in 48731ms
6880 http fetch GET 200 https://registry.npmjs.org/esrecurse/-/esrecurse-4.3.0.tgz 45239ms (cache miss)
6881 timing reifyNode:node_modules/esrecurse Completed in 48739ms
6882 http fetch GET 200 https://registry.npmjs.org/shebang-command/-/shebang-command-2.0.0.tgz 45239ms (cache miss)
6883 timing reifyNode:node_modules/shebang-command Completed in 48738ms
6884 http fetch GET 200 https://registry.npmjs.org/path-key/-/path-key-3.1.1.tgz 45240ms (cache miss)
6885 timing reifyNode:node_modules/path-key Completed in 48739ms
6886 http fetch GET 200 https://registry.npmjs.org/image-size/-/image-size-1.2.1.tgz 46715ms (cache miss)
6887 timing reifyNode:node_modules/math-intrinsics Completed in 49126ms
6888 http fetch GET 200 https://registry.npmjs.org/stream-buffers/-/stream-buffers-2.2.0.tgz 45658ms (cache miss)
6889 http fetch GET 200 https://registry.npmjs.org/color-convert/-/color-convert-2.0.1.tgz 45529ms (cache miss)
6890 timing reifyNode:node_modules/color-convert Completed in 49032ms
6891 http fetch GET 200 https://registry.npmjs.org/ansi-styles/-/ansi-styles-4.3.0.tgz 45530ms (cache miss)
6892 timing reifyNode:node_modules/ansi-styles Completed in 49029ms
6893 http fetch GET 200 https://registry.npmjs.org/json-schema-traverse/-/json-schema-traverse-0.4.1.tgz 45528ms (cache miss)
6894 http fetch GET 200 https://registry.npmjs.org/which/-/which-2.0.2.tgz 45539ms (cache miss)
6895 timing reifyNode:node_modules/which Completed in 49037ms
6896 http fetch GET 200 https://registry.npmjs.org/fast-json-stable-stringify/-/fast-json-stable-stringify-2.1.0.tgz 45521ms (cache miss)
6897 warn deprecated @xmldom/xmldom@0.7.13: this version is no longer supported, please update to at least 0.8.*
6898 timing reifyNode:node_modules/@xmldom/xmldom Completed in 49428ms
6899 http fetch GET 200 https://registry.npmjs.org/cacache/-/cacache-18.0.4.tgz 45937ms (cache miss)
6900 http fetch GET 200 https://registry.npmjs.org/@urql/exchange-retry/-/exchange-retry-0.3.0.tgz 45936ms (cache miss)
6901 timing reifyNode:node_modules/json-schema-traverse Completed in 49395ms
6902 http fetch GET 200 https://registry.npmjs.org/globals/-/globals-13.24.0.tgz 45860ms (cache miss)
6903 timing reifyNode:node_modules/globals Completed in 49360ms
6904 http fetch GET 200 https://registry.npmjs.org/strip-ansi/-/strip-ansi-6.0.1.tgz 45870ms (cache miss)
6905 timing reifyNode:node_modules/strip-ansi Completed in 49391ms
6906 http fetch GET 200 https://registry.npmjs.org/import-fresh/-/import-fresh-3.3.1.tgz 45877ms (cache miss)
6907 timing reifyNode:node_modules/import-fresh Completed in 49393ms
6908 http fetch GET 200 https://registry.npmjs.org/text-table/-/text-table-0.2.0.tgz 45876ms (cache miss)
6909 timing reifyNode:node_modules/@sinonjs/commons Completed in 50344ms
6910 http fetch GET 200 https://registry.npmjs.org/xcode/-/xcode-3.0.1.tgz 46721ms (cache miss)
6911 http fetch GET 200 https://registry.npmjs.org/strip-json-comments/-/strip-json-comments-3.1.1.tgz 46619ms (cache miss)
6912 timing reifyNode:node_modules/strip-json-comments Completed in 50137ms
6913 http fetch GET 200 https://registry.npmjs.org/levn/-/levn-0.4.1.tgz 46615ms (cache miss)
6914 timing reifyNode:node_modules/levn Completed in 50117ms
6915 http fetch GET 200 https://registry.npmjs.org/imurmurhash/-/imurmurhash-0.1.4.tgz 46613ms (cache miss)
6916 timing reifyNode:node_modules/imurmurhash Completed in 50112ms
6917 http fetch GET 200 https://registry.npmjs.org/optionator/-/optionator-0.9.4.tgz 46619ms (cache miss)
6918 timing reifyNode:node_modules/optionator Completed in 50121ms
6919 http fetch GET 200 https://registry.npmjs.org/is-path-inside/-/is-path-inside-3.0.3.tgz 46614ms (cache miss)
6920 timing reifyNode:node_modules/is-path-inside Completed in 50121ms
6921 http fetch GET 200 https://registry.npmjs.org/lodash.merge/-/lodash.merge-4.6.2.tgz 46621ms (cache miss)
6922 timing reifyNode:node_modules/lodash.merge Completed in 50125ms
6923 http fetch GET 200 https://registry.npmjs.org/@expo/plist/-/plist-0.1.3.tgz 46615ms (cache miss)
6924 http fetch GET 200 https://registry.npmjs.org/file-entry-cache/-/file-entry-cache-6.0.1.tgz 46617ms (cache miss)
6925 timing reifyNode:node_modules/file-entry-cache Completed in 50119ms
6926 http fetch GET 200 https://registry.npmjs.org/glob-parent/-/glob-parent-6.0.2.tgz 46618ms (cache miss)
6927 timing reifyNode:node_modules/glob-parent Completed in 50123ms
6928 http fetch GET 200 https://registry.npmjs.org/@humanwhocodes/object-schema/-/object-schema-2.0.3.tgz 46638ms (cache miss)
6929 warn deprecated @humanwhocodes/object-schema@2.0.3: Use @eslint/object-schema instead
6930 timing reifyNode:node_modules/@humanwhocodes/object-schema Completed in 50196ms
6931 timing reifyNode:node_modules/image-size Completed in 50693ms
6932 http fetch GET 200 https://registry.npmjs.org/hermes-profile-transformer/-/hermes-profile-transformer-0.0.6.tgz 48130ms (cache miss)
6933 timing reifyNode:node_modules/stream-buffers Completed in 50689ms
6934 timing reifyNode:node_modules/cacache Completed in 50633ms
6935 http fetch GET 200 https://registry.npmjs.org/whatwg-url-without-unicode/-/whatwg-url-without-unicode-8.0.0-3.tgz 47143ms (cache miss)
6936 timing reifyNode:node_modules/@expo/plist Completed in 50640ms
6937 http fetch GET 200 https://registry.npmjs.org/cross-spawn/-/cross-spawn-7.0.6.tgz 47076ms (cache miss)
6938 timing reifyNode:node_modules/cross-spawn Completed in 50578ms
6939 http fetch GET 200 https://registry.npmjs.org/@react-native-community/cli-server-api/-/cli-server-api-13.6.6.tgz 48515ms (cache miss)
6940 http fetch GET 200 https://registry.npmjs.org/minipass/-/minipass-7.1.2.tgz 47482ms (cache miss)
6941 timing reifyNode:node_modules/@urql/exchange-retry Completed in 50844ms
6942 http fetch GET 200 https://registry.npmjs.org/doctrine/-/doctrine-3.0.0.tgz 47275ms (cache miss)
6943 http fetch GET 200 https://registry.npmjs.org/chalk/-/chalk-4.1.2.tgz 47273ms (cache miss)
6944 timing reifyNode:node_modules/chalk Completed in 50777ms
6945 http fetch GET 200 https://registry.npmjs.org/ms/-/ms-2.1.3.tgz 47259ms (cache miss)
6946 timing reifyNode:node_modules/ms Completed in 50762ms
6947 http fetch GET 200 https://registry.npmjs.org/@humanwhocodes/module-importer/-/module-importer-1.0.1.tgz 47277ms (cache miss)
6948 http fetch GET 200 https://registry.npmjs.org/@eslint/js/-/js-8.57.1.tgz 47262ms (cache miss)
6949 timing reifyNode:node_modules/@eslint/js Completed in 50775ms
6950 http fetch GET 200 https://registry.npmjs.org/@nodelib/fs.walk/-/fs.walk-1.2.8.tgz 47280ms (cache miss)
6951 timing reifyNode:node_modules/minipass Completed in 51267ms
6952 http fetch GET 200 https://registry.npmjs.org/ws/-/ws-8.19.0.tgz 47869ms (cache miss)
6953 timing reifyNode:node_modules/xcode Completed in 51352ms
6954 http fetch GET 200 https://registry.npmjs.org/update-browserslist-db/-/update-browserslist-db-1.2.3.tgz 47713ms (cache miss)
6955 timing reifyNode:node_modules/update-browserslist-db Completed in 51217ms
6956 http fetch GET 200 https://registry.npmjs.org/node-releases/-/node-releases-2.0.27.tgz 47712ms (cache miss)
6957 timing reifyNode:node_modules/node-releases Completed in 51217ms
6958 http fetch GET 200 https://registry.npmjs.org/@humanwhocodes/config-array/-/config-array-0.13.0.tgz 47724ms (cache miss)
6959 warn deprecated @humanwhocodes/config-array@0.13.0: Use @eslint/config-array instead
6960 timing reifyNode:node_modules/@humanwhocodes/config-array Completed in 51264ms
6961 http fetch GET 200 https://registry.npmjs.org/lodash.debounce/-/lodash.debounce-4.0.8.tgz 47773ms (cache miss)
6962 timing reifyNode:node_modules/lodash.debounce Completed in 51280ms
6963 http fetch GET 200 https://registry.npmjs.org/mkdirp/-/mkdirp-0.5.6.tgz 47772ms (cache miss)
6964 timing reifyNode:node_modules/mkdirp Completed in 51285ms
6965 http fetch GET 200 https://registry.npmjs.org/nullthrows/-/nullthrows-1.1.1.tgz 47780ms (cache miss)
6966 timing reifyNode:node_modules/nullthrows Completed in 51285ms
6967 http fetch GET 200 https://registry.npmjs.org/invariant/-/invariant-2.2.4.tgz 47775ms (cache miss)
6968 timing reifyNode:node_modules/invariant Completed in 51286ms
6969 timing reifyNode:node_modules/hermes-profile-transformer Completed in 51959ms
6970 http fetch GET 200 https://registry.npmjs.org/undici-types/-/undici-types-5.26.5.tgz 48343ms (cache miss)
6971 timing reifyNode:node_modules/whatwg-url-without-unicode Completed in 51709ms
6972 http fetch GET 200 https://registry.npmjs.org/@expo/code-signing-certificates/-/code-signing-certificates-0.0.5.tgz 48223ms (cache miss)
6973 http fetch GET 200 https://registry.npmjs.org/fastq/-/fastq-1.20.1.tgz 48177ms (cache miss)
6974 http fetch GET 200 https://registry.npmjs.org/@babel/plugin-syntax-optional-catch-binding/-/plugin-syntax-optional-catch-binding-7.8.3.tgz 48139ms (cache miss)
6975 timing reifyNode:node_modules/@babel/plugin-syntax-optional-catch-binding Completed in 51655ms
6976 http fetch GET 200 https://registry.npmjs.org/babel-plugin-transform-flow-enums/-/babel-plugin-transform-flow-enums-0.0.2.tgz 48136ms (cache miss)
6977 timing reifyNode:node_modules/babel-plugin-transform-flow-enums Completed in 51654ms
6978 http fetch GET 200 https://registry.npmjs.org/glob/-/glob-7.2.3.tgz 48152ms (cache miss)
6979 warn deprecated glob@7.2.3: Glob versions prior to v9 are no longer supported
6980 timing reifyNode:node_modules/glob Completed in 51666ms
6981 timing reifyNode:node_modules/@react-native-community/cli-server-api Completed in 52268ms
6982 http fetch GET 200 https://registry.npmjs.org/@rnx-kit/chromium-edge-launcher/-/chromium-edge-launcher-1.0.0.tgz 48643ms (cache miss)
6983 timing reifyNode:node_modules/doctrine Completed in 51953ms
6984 timing reifyNode:node_modules/@humanwhocodes/module-importer Completed in 51956ms
6985 http fetch GET 200 https://registry.npmjs.org/@babel/plugin-transform-react-jsx-self/-/plugin-transform-react-jsx-self-7.27.1.tgz 48418ms (cache miss)
6986 timing reifyNode:node_modules/@babel/plugin-transform-react-jsx-self Completed in 51936ms
6987 http fetch GET 200 https://registry.npmjs.org/@babel/helper-environment-visitor/-/helper-environment-visitor-7.24.7.tgz 48425ms (cache miss)
6988 timing reifyNode:node_modules/@babel/helper-environment-visitor Completed in 51946ms
6989 http fetch GET 200 https://registry.npmjs.org/@babel/plugin-syntax-optional-chaining/-/plugin-syntax-optional-chaining-7.8.3.tgz 48424ms (cache miss)
6990 timing reifyNode:node_modules/@babel/plugin-syntax-optional-chaining Completed in 51954ms
6991 http fetch GET 200 https://registry.npmjs.org/@babel/plugin-syntax-object-rest-spread/-/plugin-syntax-object-rest-spread-7.8.3.tgz 48438ms (cache miss)
6992 timing reifyNode:node_modules/@babel/plugin-syntax-object-rest-spread Completed in 51963ms
6993 http fetch GET 200 https://registry.npmjs.org/@babel/plugin-syntax-async-generators/-/plugin-syntax-async-generators-7.8.4.tgz 48446ms (cache miss)
6994 timing reifyNode:node_modules/@babel/plugin-syntax-async-generators Completed in 51963ms
6995 http fetch GET 200 https://registry.npmjs.org/@babel/plugin-transform-react-jsx-source/-/plugin-transform-react-jsx-source-7.27.1.tgz 48442ms (cache miss)
6996 timing reifyNode:node_modules/@babel/plugin-transform-react-jsx-source Completed in 51962ms
6997 http fetch GET 200 https://registry.npmjs.org/@babel/plugin-transform-flow-strip-types/-/plugin-transform-flow-strip-types-7.27.1.tgz 48442ms (cache miss)
6998 timing reifyNode:node_modules/@babel/plugin-transform-flow-strip-types Completed in 51960ms
6999 http fetch GET 200 https://registry.npmjs.org/@react-native/babel-plugin-codegen/-/babel-plugin-codegen-0.73.4.tgz 48450ms (cache miss)
7000 timing reifyNode:node_modules/@react-native/babel-plugin-codegen Completed in 51968ms
7001 http fetch GET 200 https://registry.npmjs.org/@babel/plugin-syntax-numeric-separator/-/plugin-syntax-numeric-separator-7.10.4.tgz 48453ms (cache miss)
7002 timing reifyNode:node_modules/@babel/plugin-syntax-numeric-separator Completed in 51969ms
7003 http fetch GET 200 https://registry.npmjs.org/@babel/plugin-syntax-typescript/-/plugin-syntax-typescript-7.28.6.tgz 48457ms (cache miss)
7004 timing reifyNode:node_modules/@babel/plugin-syntax-typescript Completed in 52031ms
7005 http fetch GET 200 https://registry.npmjs.org/logkitty/-/logkitty-0.7.1.tgz 49963ms (cache miss)
7006 timing reifyNode:node_modules/ws Completed in 52335ms
7007 timing reifyNode:node_modules/text-table Completed in 52260ms
7008 http fetch GET 200 https://registry.npmjs.org/espree/-/espree-9.6.1.tgz 48731ms (cache miss)
7009 http fetch GET 200 https://registry.npmjs.org/@babel/plugin-syntax-nullish-coalescing-operator/-/plugin-syntax-nullish-coalescing-operator-7.8.3.tgz 48673ms (cache miss)
7010 timing reifyNode:node_modules/@babel/plugin-syntax-nullish-coalescing-operator Completed in 52208ms
7011 timing reifyNode:node_modules/undici-types Completed in 52853ms
7012 timing reifyNode:node_modules/@expo/code-signing-certificates Completed in 52799ms
7013 http fetch GET 200 https://registry.npmjs.org/json-stable-stringify-without-jsonify/-/json-stable-stringify-without-jsonify-1.0.1.tgz 49323ms (cache miss)
7014 timing reifyNode:node_modules/fastq Completed in 52875ms
7015 http fetch GET 200 https://registry.npmjs.org/@babel/plugin-syntax-dynamic-import/-/plugin-syntax-dynamic-import-7.8.3.tgz 49288ms (cache miss)
7016 timing reifyNode:node_modules/@babel/plugin-syntax-dynamic-import Completed in 52822ms
7017 http fetch GET 200 https://registry.npmjs.org/@babel/plugin-syntax-flow/-/plugin-syntax-flow-7.28.6.tgz 49296ms (cache miss)
7018 timing reifyNode:node_modules/@babel/plugin-syntax-flow Completed in 52826ms
7019 http fetch GET 200 https://registry.npmjs.org/@babel/plugin-proposal-export-default-from/-/plugin-proposal-export-default-from-7.27.1.tgz 49288ms (cache miss)
7020 timing reifyNode:node_modules/@babel/plugin-proposal-export-default-from Completed in 52825ms
7021 http fetch GET 200 https://registry.npmjs.org/@babel/plugin-proposal-class-properties/-/plugin-proposal-class-properties-7.18.6.tgz 49288ms (cache miss)
7022 warn deprecated @babel/plugin-proposal-class-properties@7.18.6: This proposal has been merged to the ECMAScript standard and thus this plugin is no longer maintained. Please use @babel/plugin-transform-class-properties instead.
7023 timing reifyNode:node_modules/@babel/plugin-proposal-class-properties Completed in 52826ms
7024 http fetch GET 200 https://registry.npmjs.org/@babel/helper-string-parser/-/helper-string-parser-7.27.1.tgz 49287ms (cache miss)
7025 timing reifyNode:node_modules/@babel/helper-string-parser Completed in 52826ms
7026 http fetch GET 200 https://registry.npmjs.org/@babel/plugin-proposal-optional-chaining/-/plugin-proposal-optional-chaining-7.21.0.tgz 49297ms (cache miss)
7027 warn deprecated @babel/plugin-proposal-optional-chaining@7.21.0: This proposal has been merged to the ECMAScript standard and thus this plugin is no longer maintained. Please use @babel/plugin-transform-optional-chaining instead.
7028 timing reifyNode:node_modules/@babel/plugin-proposal-optional-chaining Completed in 52835ms
7029 http fetch GET 200 https://registry.npmjs.org/@babel/plugin-proposal-numeric-separator/-/plugin-proposal-numeric-separator-7.18.6.tgz 49301ms (cache miss)
7030 warn deprecated @babel/plugin-proposal-numeric-separator@7.18.6: This proposal has been merged to the ECMAScript standard and thus this plugin is no longer maintained. Please use @babel/plugin-transform-numeric-separator instead.
7031 timing reifyNode:node_modules/@babel/plugin-proposal-numeric-separator Completed in 52894ms
7032 http fetch GET 200 https://registry.npmjs.org/@babel/plugin-proposal-nullish-coalescing-operator/-/plugin-proposal-nullish-coalescing-operator-7.18.6.tgz 49360ms (cache miss)
7033 warn deprecated @babel/plugin-proposal-nullish-coalescing-operator@7.18.6: This proposal has been merged to the ECMAScript standard and thus this plugin is no longer maintained. Please use @babel/plugin-transform-nullish-coalescing-operator instead.
7034 timing reifyNode:node_modules/@babel/plugin-proposal-nullish-coalescing-operator Completed in 52913ms
7035 http fetch GET 200 https://registry.npmjs.org/@babel/plugin-syntax-export-default-from/-/plugin-syntax-export-default-from-7.28.6.tgz 49383ms (cache miss)
7036 timing reifyNode:node_modules/@babel/plugin-syntax-export-default-from Completed in 52914ms
7037 timing reifyNode:node_modules/exponential-backoff Completed in 53579ms
7038 timing reifyNode:node_modules/@react-native/community-cli-plugin Completed in 53484ms
7039 timing reifyNode:node_modules/@rnx-kit/chromium-edge-launcher Completed in 53376ms
7040 http fetch GET 200 https://registry.npmjs.org/qrcode-terminal/-/qrcode-terminal-0.11.0.tgz 49886ms (cache miss)
7041 http fetch GET 200 https://registry.npmjs.org/@babel/plugin-transform-react-jsx-development/-/plugin-transform-react-jsx-development-7.27.1.tgz 49735ms (cache miss)
7042 timing reifyNode:node_modules/@babel/plugin-transform-react-jsx-development Completed in 53277ms
7043 http fetch GET 200 https://registry.npmjs.org/@babel/plugin-proposal-optional-catch-binding/-/plugin-proposal-optional-catch-binding-7.18.6.tgz 49746ms (cache miss)
7044 warn deprecated @babel/plugin-proposal-optional-catch-binding@7.18.6: This proposal has been merged to the ECMAScript standard and thus this plugin is no longer maintained. Please use @babel/plugin-transform-optional-catch-binding instead.
7045 timing reifyNode:node_modules/@babel/plugin-proposal-optional-catch-binding Completed in 53282ms
7046 http fetch GET 200 https://registry.npmjs.org/@babel/plugin-proposal-object-rest-spread/-/plugin-proposal-object-rest-spread-7.20.7.tgz 49748ms (cache miss)
7047 warn deprecated @babel/plugin-proposal-object-rest-spread@7.20.7: This proposal has been merged to the ECMAScript standard and thus this plugin is no longer maintained. Please use @babel/plugin-transform-object-rest-spread instead.
7048 timing reifyNode:node_modules/@babel/plugin-proposal-object-rest-spread Completed in 53283ms
7049 http fetch GET 200 https://registry.npmjs.org/@babel/plugin-syntax-jsx/-/plugin-syntax-jsx-7.28.6.tgz 49741ms (cache miss)
7050 timing reifyNode:node_modules/@babel/plugin-syntax-jsx Completed in 53282ms
7051 http fetch GET 200 https://registry.npmjs.org/find-up/-/find-up-5.0.0.tgz 49736ms (cache miss)
7052 timing reifyNode:node_modules/find-up Completed in 53324ms
7053 timing reifyNode:node_modules/logkitty Completed in 53813ms
7054 http fetch GET 200 https://registry.npmjs.org/type-fest/-/type-fest-0.20.2.tgz 50341ms (cache miss)
7055 http fetch GET 200 https://registry.npmjs.org/@nodelib/fs.stat/-/fs.stat-2.0.5.tgz 50125ms (cache miss)
7056 timing reifyNode:node_modules/fast-json-stable-stringify Completed in 53641ms
7057 timing reifyNode:node_modules/espree Completed in 53601ms
7058 http fetch GET 200 https://registry.npmjs.org/esutils/-/esutils-2.0.3.tgz 50019ms (cache miss)
7059 http fetch GET 200 https://registry.npmjs.org/@babel/plugin-proposal-async-generator-functions/-/plugin-proposal-async-generator-functions-7.20.7.tgz 50025ms (cache miss)
7060 warn deprecated @babel/plugin-proposal-async-generator-functions@7.20.7: This proposal has been merged to the ECMAScript standard and thus this plugin is no longer maintained. Please use @babel/plugin-transform-async-generator-functions instead.
7061 timing reifyNode:node_modules/@babel/plugin-proposal-async-generator-functions Completed in 53593ms
7062 http fetch GET 200 https://registry.npmjs.org/babel-plugin-polyfill-regenerator/-/babel-plugin-polyfill-regenerator-0.6.5.tgz 50036ms (cache miss)
7063 timing reifyNode:node_modules/babel-plugin-polyfill-regenerator Completed in 53607ms
7064 http fetch GET 200 https://registry.npmjs.org/@babel/helper-globals/-/helper-globals-7.28.0.tgz 50067ms (cache miss)
7065 timing reifyNode:node_modules/@babel/helper-globals Completed in 53609ms
7066 http fetch GET 200 https://registry.npmjs.org/@babel/helper-remap-async-to-generator/-/helper-remap-async-to-generator-7.27.1.tgz 50064ms (cache miss)
7067 timing reifyNode:node_modules/@babel/helper-remap-async-to-generator Completed in 53610ms
7068 http fetch GET 200 https://registry.npmjs.org/@babel/plugin-transform-react-pure-annotations/-/plugin-transform-react-pure-annotations-7.27.1.tgz 50070ms (cache miss)
7069 timing reifyNode:node_modules/@babel/plugin-transform-react-pure-annotations Completed in 53611ms
7070 http fetch GET 200 https://registry.npmjs.org/@babel/helper-wrap-function/-/helper-wrap-function-7.28.6.tgz 50066ms (cache miss)
7071 timing reifyNode:node_modules/@babel/helper-wrap-function Completed in 53611ms
7072 http fetch GET 200 https://registry.npmjs.org/chrome-launcher/-/chrome-launcher-0.15.2.tgz 50437ms (cache miss)
7073 http fetch GET 200 https://registry.npmjs.org/structured-headers/-/structured-headers-0.4.1.tgz 50397ms (cache miss)
7074 http fetch GET 200 https://registry.npmjs.org/jimp-compact/-/jimp-compact-0.16.1.tgz 50573ms (cache miss)
7075 timing reifyNode:node_modules/json-stable-stringify-without-jsonify Completed in 53932ms
7076 http fetch GET 200 https://registry.npmjs.org/@jridgewell/resolve-uri/-/resolve-uri-3.1.2.tgz 50353ms (cache miss)
7077 http fetch GET 200 https://registry.npmjs.org/babel-plugin-polyfill-corejs2/-/babel-plugin-polyfill-corejs2-0.4.14.tgz 50341ms (cache miss)
7078 http fetch GET 200 https://registry.npmjs.org/@babel/plugin-transform-unicode-regex/-/plugin-transform-unicode-regex-7.27.1.tgz 50335ms (cache miss)
7079 timing reifyNode:node_modules/@babel/plugin-transform-unicode-regex Completed in 53891ms
7080 http fetch GET 200 https://registry.npmjs.org/@babel/plugin-transform-react-display-name/-/plugin-transform-react-display-name-7.28.0.tgz 50351ms (cache miss)
7081 timing reifyNode:node_modules/@babel/plugin-transform-react-display-name Completed in 53895ms
7082 http fetch GET 200 https://registry.npmjs.org/@babel/preset-modules/-/preset-modules-0.1.6-no-external-plugins.tgz 50347ms (cache miss)
7083 http fetch GET 200 https://registry.npmjs.org/@babel/plugin-transform-unicode-sets-regex/-/plugin-transform-unicode-sets-regex-7.28.6.tgz 50339ms (cache miss)
7084 timing reifyNode:node_modules/@babel/plugin-transform-unicode-sets-regex Completed in 53893ms
7085 http fetch GET 200 https://registry.npmjs.org/@babel/plugin-transform-unicode-property-regex/-/plugin-transform-unicode-property-regex-7.28.6.tgz 50339ms (cache miss)
7086 timing reifyNode:node_modules/@babel/plugin-transform-unicode-property-regex Completed in 53895ms
7087 timing reifyNode:node_modules/qrcode-terminal Completed in 54185ms
7088 http fetch GET 200 https://registry.npmjs.org/better-opn/-/better-opn-3.0.2.tgz 50682ms (cache miss)
7089 timing reifyNode:node_modules/better-opn Completed in 54155ms
7090 http fetch GET 200 https://registry.npmjs.org/eslint-scope/-/eslint-scope-7.2.2.tgz 50591ms (cache miss)
7091 timing reifyNode:node_modules/esutils Completed in 54062ms
7092 timing reifyNode:node_modules/jimp-compact Completed in 54234ms
7093 http fetch GET 200 https://registry.npmjs.org/@babel/plugin-transform-private-methods/-/plugin-transform-private-methods-7.28.6.tgz 50498ms (cache miss)
7094 timing reifyNode:node_modules/@babel/plugin-transform-private-methods Completed in 54032ms
7095 http fetch GET 200 https://registry.npmjs.org/@babel/plugin-transform-unicode-escapes/-/plugin-transform-unicode-escapes-7.27.1.tgz 50510ms (cache miss)
7096 timing reifyNode:node_modules/@babel/plugin-transform-unicode-escapes Completed in 54066ms
7097 http fetch GET 200 https://registry.npmjs.org/@babel/plugin-transform-typeof-symbol/-/plugin-transform-typeof-symbol-7.27.1.tgz 50509ms (cache miss)
7098 timing reifyNode:node_modules/@babel/plugin-transform-typeof-symbol Completed in 54067ms
7099 http fetch GET 200 https://registry.npmjs.org/@babel/plugin-transform-react-jsx/-/plugin-transform-react-jsx-7.28.6.tgz 50530ms (cache miss)
7100 http fetch GET 200 https://registry.npmjs.org/@babel/plugin-transform-spread/-/plugin-transform-spread-7.28.6.tgz 50509ms (cache miss)
7101 timing reifyNode:node_modules/@babel/plugin-transform-spread Completed in 54064ms
7102 http fetch GET 200 https://registry.npmjs.org/@babel/plugin-transform-regexp-modifiers/-/plugin-transform-regexp-modifiers-7.28.6.tgz 50508ms (cache miss)
7103 timing reifyNode:node_modules/@babel/plugin-transform-regexp-modifiers Completed in 54064ms
7104 http fetch GET 200 https://registry.npmjs.org/@babel/plugin-transform-reserved-words/-/plugin-transform-reserved-words-7.27.1.tgz 50512ms (cache miss)
7105 timing reifyNode:node_modules/@babel/plugin-transform-reserved-words Completed in 54068ms
7106 http fetch GET 200 https://registry.npmjs.org/@babel/plugin-transform-optional-catch-binding/-/plugin-transform-optional-catch-binding-7.28.6.tgz 50510ms (cache miss)
7107 timing reifyNode:node_modules/@babel/plugin-transform-optional-catch-binding Completed in 54041ms
7108 http fetch GET 200 https://registry.npmjs.org/@babel/plugin-transform-template-literals/-/plugin-transform-template-literals-7.27.1.tgz 50518ms (cache miss)
7109 timing reifyNode:node_modules/@babel/plugin-transform-template-literals Completed in 54077ms
7110 http fetch GET 200 https://registry.npmjs.org/@babel/plugin-transform-shorthand-properties/-/plugin-transform-shorthand-properties-7.27.1.tgz 50518ms (cache miss)
7111 timing reifyNode:node_modules/@babel/plugin-transform-shorthand-properties Completed in 54097ms
7112 http fetch GET 200 https://registry.npmjs.org/@babel/plugin-transform-sticky-regex/-/plugin-transform-sticky-regex-7.27.1.tgz 51062ms (cache miss)
7113 timing reifyNode:node_modules/@babel/plugin-transform-sticky-regex Completed in 54619ms
7114 timing reifyNode:node_modules/type-fest Completed in 54879ms
7115 timing reifyNode:node_modules/@nodelib/fs.stat Completed in 54791ms
7116 http fetch GET 200 https://registry.npmjs.org/@ungap/structured-clone/-/structured-clone-1.3.0.tgz 51255ms (cache miss)
7117 http fetch GET 200 https://registry.npmjs.org/@babel/plugin-transform-optional-chaining/-/plugin-transform-optional-chaining-7.28.6.tgz 51186ms (cache miss)
7118 timing reifyNode:node_modules/@babel/plugin-transform-optional-chaining Completed in 54742ms
7119 http fetch GET 200 https://registry.npmjs.org/@babel/plugin-transform-property-literals/-/plugin-transform-property-literals-7.27.1.tgz 51211ms (cache miss)
7120 timing reifyNode:node_modules/@babel/plugin-transform-property-literals Completed in 54771ms
7121 http fetch GET 200 https://registry.npmjs.org/@babel/plugin-transform-private-property-in-object/-/plugin-transform-private-property-in-object-7.28.6.tgz 51250ms (cache miss)
7122 timing reifyNode:node_modules/@babel/plugin-transform-private-property-in-object Completed in 54779ms
7123 timing reifyNode:node_modules/chrome-launcher Completed in 55233ms
7124 timing reifyNode:node_modules/structured-headers Completed in 55223ms
7125 http fetch GET 200 https://registry.npmjs.org/@react-native-community/cli-debugger-ui/-/cli-debugger-ui-13.6.6.tgz 52861ms (cache miss)
7126 timing reifyNode:node_modules/@jridgewell/resolve-uri Completed in 55081ms
7127 timing reifyNode:node_modules/babel-plugin-polyfill-corejs2 Completed in 55083ms
7128 http fetch GET 200 https://registry.npmjs.org/@babel/plugin-transform-new-target/-/plugin-transform-new-target-7.27.1.tgz 51514ms (cache miss)
7129 timing reifyNode:node_modules/@babel/plugin-transform-new-target Completed in 55049ms
7130 http fetch GET 200 https://registry.npmjs.org/@babel/plugin-transform-nullish-coalescing-operator/-/plugin-transform-nullish-coalescing-operator-7.28.6.tgz 51516ms (cache miss)
7131 timing reifyNode:node_modules/@babel/plugin-transform-nullish-coalescing-operator Completed in 55050ms
7132 http fetch GET 200 https://registry.npmjs.org/@babel/plugin-transform-modules-umd/-/plugin-transform-modules-umd-7.27.1.tgz 51515ms (cache miss)
7133 timing reifyNode:node_modules/@babel/plugin-transform-modules-umd Completed in 55050ms
7134 http fetch GET 200 https://registry.npmjs.org/@babel/plugin-transform-object-super/-/plugin-transform-object-super-7.27.1.tgz 51519ms (cache miss)
7135 timing reifyNode:node_modules/@babel/plugin-transform-object-super Completed in 55051ms
7136 http fetch GET 200 https://registry.npmjs.org/@babel/plugin-transform-numeric-separator/-/plugin-transform-numeric-separator-7.28.6.tgz 51519ms (cache miss)
7137 timing reifyNode:node_modules/@babel/plugin-transform-numeric-separator Completed in 55197ms
7138 http fetch GET 200 https://registry.npmjs.org/@babel/plugin-transform-named-capturing-groups-regex/-/plugin-transform-named-capturing-groups-regex-7.27.1.tgz 51666ms (cache miss)
7139 timing reifyNode:node_modules/@babel/plugin-transform-named-capturing-groups-regex Completed in 55200ms
7140 http fetch GET 200 https://registry.npmjs.org/@babel/plugin-transform-function-name/-/plugin-transform-function-name-7.27.1.tgz 51663ms (cache miss)
7141 timing reifyNode:node_modules/@babel/plugin-transform-function-name Completed in 55200ms
7142 http fetch GET 200 https://registry.npmjs.org/@babel/plugin-transform-json-strings/-/plugin-transform-json-strings-7.28.6.tgz 51662ms (cache miss)
7143 timing reifyNode:node_modules/@babel/plugin-transform-json-strings Completed in 55202ms
7144 http fetch GET 200 https://registry.npmjs.org/graphql-tag/-/graphql-tag-2.12.6.tgz 52115ms (cache miss)
7145 timing reifyNode:node_modules/eslint-scope Completed in 55538ms
7146 timing reifyNode:node_modules/@babel/plugin-transform-react-jsx Completed in 55513ms
7147 http fetch GET 200 https://registry.npmjs.org/@babel/plugin-transform-modules-amd/-/plugin-transform-modules-amd-7.27.1.tgz 51953ms (cache miss)
7148 timing reifyNode:node_modules/@babel/plugin-transform-modules-amd Completed in 55490ms
7149 http fetch GET 200 https://registry.npmjs.org/@babel/plugin-transform-member-expression-literals/-/plugin-transform-member-expression-literals-7.27.1.tgz 51953ms (cache miss)
7150 timing reifyNode:node_modules/@babel/plugin-transform-member-expression-literals Completed in 55493ms
7151 http fetch GET 200 https://registry.npmjs.org/@babel/plugin-transform-logical-assignment-operators/-/plugin-transform-logical-assignment-operators-7.28.6.tgz 51955ms (cache miss)
7152 timing reifyNode:node_modules/@babel/plugin-transform-logical-assignment-operators Completed in 55493ms
7153 http fetch GET 200 https://registry.npmjs.org/@babel/plugin-transform-modules-systemjs/-/plugin-transform-modules-systemjs-7.28.5.tgz 51961ms (cache miss)
7154 http fetch GET 200 https://registry.npmjs.org/@babel/plugin-transform-literals/-/plugin-transform-literals-7.27.1.tgz 51963ms (cache miss)
7155 timing reifyNode:node_modules/@babel/plugin-transform-literals Completed in 55504ms
7156 timing reifyNode:node_modules/@babel/plugin-transform-modules-systemjs Completed in 55506ms
7157 timing reifyNode:node_modules/@react-native-community/cli-debugger-ui Completed in 56063ms
7158 http fetch GET 200 https://registry.npmjs.org/lightningcss/-/lightningcss-1.19.0.tgz 52419ms (cache miss)
7159 http fetch GET 200 https://registry.npmjs.org/@nodelib/fs.scandir/-/fs.scandir-2.1.5.tgz 52293ms (cache miss)
7160 timing reifyNode:node_modules/@ungap/structured-clone Completed in 55764ms
7161 http fetch GET 200 https://registry.npmjs.org/@babel/plugin-transform-dynamic-import/-/plugin-transform-dynamic-import-7.27.1.tgz 52154ms (cache miss)
7162 timing reifyNode:node_modules/@babel/plugin-transform-dynamic-import Completed in 55710ms
7163 http fetch GET 200 https://registry.npmjs.org/@babel/plugin-transform-duplicate-named-capturing-groups-regex/-/plugin-transform-duplicate-named-capturing-groups-regex-7.28.6.tgz 52198ms (cache miss)
7164 timing reifyNode:node_modules/@babel/plugin-transform-duplicate-named-capturing-groups-regex Completed in 55763ms
7165 http fetch GET 200 https://registry.npmjs.org/@babel/plugin-transform-dotall-regex/-/plugin-transform-dotall-regex-7.28.6.tgz 52213ms (cache miss)
7166 timing reifyNode:node_modules/@babel/plugin-transform-dotall-regex Completed in 55764ms
7167 http fetch GET 200 https://registry.npmjs.org/@babel/plugin-transform-exponentiation-operator/-/plugin-transform-exponentiation-operator-7.28.6.tgz 52218ms (cache miss)
7168 timing reifyNode:node_modules/@babel/plugin-transform-exponentiation-operator Completed in 55769ms
7169 http fetch GET 200 https://registry.npmjs.org/@babel/plugin-transform-duplicate-keys/-/plugin-transform-duplicate-keys-7.27.1.tgz 52221ms (cache miss)
7170 timing reifyNode:node_modules/@babel/plugin-transform-duplicate-keys Completed in 55773ms
7171 http fetch GET 200 https://registry.npmjs.org/@babel/helper-create-regexp-features-plugin/-/helper-create-regexp-features-plugin-7.28.5.tgz 52227ms (cache miss)
7172 http fetch GET 200 https://registry.npmjs.org/@sinclair/typebox/-/typebox-0.27.8.tgz 53876ms (cache miss)
7173 timing reifyNode:node_modules/graphql-tag Completed in 56214ms
7174 http fetch GET 200 https://registry.npmjs.org/electron-to-chromium/-/electron-to-chromium-1.5.267.tgz 52648ms (cache miss)
7175 http fetch GET 200 https://registry.npmjs.org/@babel/plugin-transform-for-of/-/plugin-transform-for-of-7.27.1.tgz 52559ms (cache miss)
7176 http fetch GET 200 https://registry.npmjs.org/@babel/plugin-transform-modules-commonjs/-/plugin-transform-modules-commonjs-7.28.6.tgz 52642ms (cache miss)
7177 http fetch GET 200 https://registry.npmjs.org/@babel/plugin-transform-explicit-resource-management/-/plugin-transform-explicit-resource-management-7.28.6.tgz 52631ms (cache miss)
7178 timing reifyNode:node_modules/@babel/plugin-transform-explicit-resource-management Completed in 56181ms
7179 timing reifyNode:node_modules/@babel/helper-create-regexp-features-plugin Completed in 56221ms
7180 timing reifyNode:node_modules/@babel/plugin-transform-for-of Completed in 56182ms
7181 http fetch GET 200 https://registry.npmjs.org/@babel/plugin-transform-block-scoped-functions/-/plugin-transform-block-scoped-functions-7.27.1.tgz 52630ms (cache miss)
7182 timing reifyNode:node_modules/@babel/plugin-transform-block-scoped-functions Completed in 56185ms
7183 http fetch GET 200 https://registry.npmjs.org/@babel/plugin-transform-typescript/-/plugin-transform-typescript-7.28.6.tgz 52972ms (cache miss)
7184 http fetch GET 200 https://registry.npmjs.org/@babel/plugin-transform-async-generator-functions/-/plugin-transform-async-generator-functions-7.28.6.tgz 52889ms (cache miss)
7185 timing reifyNode:node_modules/@babel/plugin-transform-async-generator-functions Completed in 56448ms
7186 http fetch GET 200 https://registry.npmjs.org/@babel/plugin-syntax-unicode-sets-regex/-/plugin-syntax-unicode-sets-regex-7.18.6.tgz 52899ms (cache miss)
7187 timing reifyNode:node_modules/@babel/plugin-syntax-unicode-sets-regex Completed in 56458ms
7188 http fetch GET 200 https://registry.npmjs.org/@babel/plugin-transform-class-properties/-/plugin-transform-class-properties-7.28.6.tgz 52902ms (cache miss)
7189 timing reifyNode:node_modules/@babel/plugin-transform-class-properties Completed in 56460ms
7190 http fetch GET 200 https://registry.npmjs.org/@babel/plugin-bugfix-v8-static-class-fields-redefine-readonly/-/plugin-bugfix-v8-static-class-fields-redefine-readonly-7.28.6.tgz 52904ms (cache miss)
7191 timing reifyNode:node_modules/@babel/plugin-bugfix-v8-static-class-fields-redefine-readonly Completed in 56460ms
7192 http fetch GET 200 https://registry.npmjs.org/@babel/plugin-transform-class-static-block/-/plugin-transform-class-static-block-7.28.6.tgz 52919ms (cache miss)
7193 timing reifyNode:node_modules/@babel/plugin-transform-class-static-block Completed in 56475ms
7194 http fetch GET 200 https://registry.npmjs.org/@babel/plugin-transform-arrow-functions/-/plugin-transform-arrow-functions-7.27.1.tgz 52921ms (cache miss)
7195 timing reifyNode:node_modules/@babel/plugin-transform-arrow-functions Completed in 56475ms
7196 timing reifyNode:node_modules/lightningcss Completed in 57085ms
7197 timing reifyNode:node_modules/@nodelib/fs.scandir Completed in 57014ms
7198 http fetch GET 200 https://registry.npmjs.org/baseline-browser-mapping/-/baseline-browser-mapping-2.9.16.tgz 53455ms (cache miss)
7199 timing reifyNode:node_modules/electron-to-chromium Completed in 56962ms
7200 http fetch GET 200 https://registry.npmjs.org/@babel/plugin-syntax-import-assertions/-/plugin-syntax-import-assertions-7.28.6.tgz 53345ms (cache miss)
7201 timing reifyNode:node_modules/@babel/plugin-syntax-import-assertions Completed in 56914ms
7202 http fetch GET 200 https://registry.npmjs.org/@babel/plugin-syntax-import-attributes/-/plugin-syntax-import-attributes-7.28.6.tgz 53360ms (cache miss)
7203 timing reifyNode:node_modules/@babel/plugin-syntax-import-attributes Completed in 56915ms
7204 http fetch GET 200 https://registry.npmjs.org/@babel/plugin-bugfix-v8-spread-parameters-in-optional-chaining/-/plugin-bugfix-v8-spread-parameters-in-optional-chaining-7.27.1.tgz 53358ms (cache miss)
7205 timing reifyNode:node_modules/@babel/plugin-bugfix-v8-spread-parameters-in-optional-chaining Completed in 56916ms
7206 http fetch GET 200 https://registry.npmjs.org/@babel/plugin-bugfix-safari-class-field-initializer-scope/-/plugin-bugfix-safari-class-field-initializer-scope-7.27.1.tgz 53355ms (cache miss)
7207 timing reifyNode:node_modules/@babel/plugin-bugfix-safari-class-field-initializer-scope Completed in 56916ms
7208 timing reifyNode:node_modules/@sinclair/typebox Completed in 57421ms
7209 http fetch GET 200 https://registry.npmjs.org/promise/-/promise-7.3.1.tgz 53936ms (cache miss)
7210 http fetch GET 200 https://registry.npmjs.org/pngjs/-/pngjs-3.4.0.tgz 54480ms (cache miss)
7211 http fetch GET 200 https://registry.npmjs.org/@babel/plugin-transform-runtime/-/plugin-transform-runtime-7.28.5.tgz 53645ms (cache miss)
7212 timing reifyNode:node_modules/@babel/plugin-transform-modules-commonjs Completed in 57117ms
7213 http fetch GET 200 https://registry.npmjs.org/@babel/plugin-transform-classes/-/plugin-transform-classes-7.28.6.tgz 53565ms (cache miss)
7214 http fetch GET 200 https://registry.npmjs.org/@babel/plugin-bugfix-safari-id-destructuring-collision-in-function-expression/-/plugin-bugfix-safari-id-destructuring-collision-in-function-expression-7.27.1.tgz 53556ms (cache miss)
7215 timing reifyNode:node_modules/@babel/plugin-bugfix-safari-id-destructuring-collision-in-function-expression Completed in 57117ms
7216 http fetch GET 200 https://registry.npmjs.org/@babel/helper-skip-transparent-expression-wrappers/-/helper-skip-transparent-expression-wrappers-7.27.1.tgz 53555ms (cache miss)
7217 timing reifyNode:node_modules/@babel/helper-skip-transparent-expression-wrappers Completed in 57118ms
7218 http fetch GET 200 https://registry.npmjs.org/@babel/helper-replace-supers/-/helper-replace-supers-7.28.6.tgz 53555ms (cache miss)
7219 timing reifyNode:node_modules/@babel/helper-replace-supers Completed in 57118ms
7220 http fetch GET 200 https://registry.npmjs.org/@babel/helper-annotate-as-pure/-/helper-annotate-as-pure-7.27.3.tgz 53547ms (cache miss)
7221 timing reifyNode:node_modules/@babel/helper-annotate-as-pure Completed in 57119ms
7222 http fetch GET 200 https://registry.npmjs.org/@babel/plugin-transform-async-to-generator/-/plugin-transform-async-to-generator-7.28.6.tgz 53554ms (cache miss)
7223 timing reifyNode:node_modules/@babel/plugin-transform-async-to-generator Completed in 57122ms
7224 http fetch GET 200 https://registry.npmjs.org/@babel/helper-optimise-call-expression/-/helper-optimise-call-expression-7.27.1.tgz 53558ms (cache miss)
7225 timing reifyNode:node_modules/@babel/helper-optimise-call-expression Completed in 57123ms
7226 http fetch GET 200 https://registry.npmjs.org/@babel/plugin-proposal-private-property-in-object/-/plugin-proposal-private-property-in-object-7.21.0-placeholder-for-preset-env.2.tgz 53567ms (cache miss)
7227 timing reifyNode:node_modules/@babel/plugin-proposal-private-property-in-object Completed in 57125ms
7228 http fetch GET 200 https://registry.npmjs.org/joi/-/joi-17.13.3.tgz 55184ms (cache miss)
7229 timing reifyNode:node_modules/baseline-browser-mapping Completed in 57440ms
7230 timing reifyNode:node_modules/@babel/plugin-transform-typescript Completed in 57485ms
7231 http fetch GET 200 https://registry.npmjs.org/@babel/plugin-bugfix-firefox-class-in-computed-class-key/-/plugin-bugfix-firefox-class-in-computed-class-key-7.28.5.tgz 53874ms (cache miss)
7232 timing reifyNode:node_modules/@babel/plugin-bugfix-firefox-class-in-computed-class-key Completed in 57436ms
7233 http fetch GET 200 https://registry.npmjs.org/@babel/plugin-transform-destructuring/-/plugin-transform-destructuring-7.28.5.tgz 53881ms (cache miss)
7234 http fetch GET 200 https://registry.npmjs.org/picocolors/-/picocolors-1.1.1.tgz 53863ms (cache miss)
7235 timing reifyNode:node_modules/picocolors Completed in 57443ms
7236 timing reifyNode:node_modules/@babel/plugin-transform-destructuring Completed in 57445ms
7237 http fetch GET 200 https://registry.npmjs.org/lru-cache/-/lru-cache-5.1.1.tgz 53885ms (cache miss)
7238 timing reifyNode:node_modules/lru-cache Completed in 57461ms
7239 http fetch GET 200 https://registry.npmjs.org/@babel/plugin-syntax-decorators/-/plugin-syntax-decorators-7.28.6.tgz 53888ms (cache miss)
7240 timing reifyNode:node_modules/@babel/plugin-syntax-decorators Completed in 57464ms
7241 http fetch GET 200 https://registry.npmjs.org/js-tokens/-/js-tokens-4.0.0.tgz 53881ms (cache miss)
7242 timing reifyNode:node_modules/js-tokens Completed in 57463ms
7243 http fetch GET 200 https://registry.npmjs.org/convert-source-map/-/convert-source-map-2.0.0.tgz 53888ms (cache miss)
7244 timing reifyNode:node_modules/convert-source-map Completed in 57471ms
7245 http fetch GET 200 https://registry.npmjs.org/tar/-/tar-6.2.1.tgz 54579ms (cache miss)
7246 http fetch GET 200 https://registry.npmjs.org/@expo/image-utils/-/image-utils-0.5.1.tgz 54532ms (cache miss)
7247 http fetch GET 200 https://registry.npmjs.org/jsesc/-/jsesc-3.1.0.tgz 54321ms (cache miss)
7248 timing reifyNode:node_modules/jsesc Completed in 57927ms
7249 http fetch GET 200 https://registry.npmjs.org/@babel/compat-data/-/compat-data-7.28.6.tgz 54356ms (cache miss)
7250 http fetch GET 200 https://registry.npmjs.org/@babel/helper-plugin-utils/-/helper-plugin-utils-7.28.6.tgz 54369ms (cache miss)
7251 timing reifyNode:node_modules/@babel/helper-plugin-utils Completed in 57943ms
7252 timing reifyNode:node_modules/joi Completed in 58863ms
7253 timing reifyNode:node_modules/pngjs Completed in 58770ms
7254 timing reifyNode:node_modules/promise Completed in 58725ms
7255 timing reifyNode:node_modules/@babel/plugin-transform-runtime Completed in 58559ms
7256 timing reifyNode:node_modules/@babel/plugin-transform-classes Completed in 58552ms
7257 http fetch GET 200 https://registry.npmjs.org/browserslist/-/browserslist-4.28.1.tgz 55155ms (cache miss)
7258 http fetch GET 200 https://registry.npmjs.org/@babel/helper-validator-option/-/helper-validator-option-7.27.1.tgz 55157ms (cache miss)
7259 timing reifyNode:node_modules/@babel/helper-validator-option Completed in 58734ms
7260 http fetch GET 200 https://registry.npmjs.org/gensync/-/gensync-1.0.0-beta.2.tgz 55149ms (cache miss)
7261 timing reifyNode:node_modules/gensync Completed in 58735ms
7262 warn deprecated tar@6.2.1: Old versions of tar are not supported, and contain widely publicized security vulnerabilities, which have been fixed in the current version. Please update. Support for old versions may be purchased (at exhorbitant rates) by contacting i@izs.me
7263 timing reifyNode:node_modules/tar Completed in 59439ms
7264 http fetch GET 200 https://registry.npmjs.org/regexpu-core/-/regexpu-core-6.4.0.tgz 55720ms (cache miss)
7265 http fetch GET 200 https://registry.npmjs.org/@babel/helper-member-expression-to-functions/-/helper-member-expression-to-functions-7.28.5.tgz 55699ms (cache miss)
7266 timing reifyNode:node_modules/@babel/helper-member-expression-to-functions Completed in 59273ms
7267 http fetch GET 200 https://registry.npmjs.org/@babel/code-frame/-/code-frame-7.28.6.tgz 55684ms (cache miss)
7268 timing reifyNode:node_modules/@babel/code-frame Completed in 59273ms
7269 http fetch GET 200 https://registry.npmjs.org/@babel/helper-validator-identifier/-/helper-validator-identifier-7.28.5.tgz 55698ms (cache miss)
7270 timing reifyNode:node_modules/@babel/helper-validator-identifier Completed in 59278ms
7271 http fetch GET 200 https://registry.npmjs.org/react-refresh/-/react-refresh-0.14.0.tgz 55686ms (cache miss)
7272 timing reifyNode:node_modules/@expo/image-utils Completed in 59765ms
7273 http fetch GET 200 https://registry.npmjs.org/@babel/plugin-transform-block-scoping/-/plugin-transform-block-scoping-7.28.6.tgz 56076ms (cache miss)
7274 http fetch GET 200 https://registry.npmjs.org/@babel/helper-module-imports/-/helper-module-imports-7.28.6.tgz 56057ms (cache miss)
7275 http fetch GET 200 https://registry.npmjs.org/is-glob/-/is-glob-4.0.3.tgz 56023ms (cache miss)
7276 timing reifyNode:node_modules/is-glob Completed in 59630ms
7277 http fetch GET 200 https://registry.npmjs.org/@babel/plugin-transform-computed-properties/-/plugin-transform-computed-properties-7.28.6.tgz 56037ms (cache miss)
7278 timing reifyNode:node_modules/@babel/plugin-transform-computed-properties Completed in 59643ms
7279 http fetch GET 200 https://registry.npmjs.org/@react-native/babel-preset/-/babel-preset-0.73.21.tgz 56046ms (cache miss)
7280 http fetch GET 200 https://registry.npmjs.org/@types/semver/-/semver-7.7.1.tgz 56035ms (cache miss)
7281 timing reifyNode:node_modules/browserslist Completed in 59885ms
7282 http fetch GET 200 https://registry.npmjs.org/@babel/plugin-transform-object-rest-spread/-/plugin-transform-object-rest-spread-7.28.6.tgz 56299ms (cache miss)
7283 http fetch GET 200 https://registry.npmjs.org/@babel/preset-react/-/preset-react-7.28.5.tgz 56314ms (cache miss)
7284 timing reifyNode:node_modules/@babel/preset-react Completed in 59906ms
7285 http fetch GET 200 https://registry.npmjs.org/globby/-/globby-11.1.0.tgz 56300ms (cache miss)
7286 timing reifyNode:node_modules/globby Completed in 59903ms
7287 http fetch GET 200 https://registry.npmjs.org/eslint-visitor-keys/-/eslint-visitor-keys-3.4.3.tgz 56312ms (cache miss)
7288 timing reifyNode:node_modules/regexpu-core Completed in 60251ms
7289 http fetch GET 200 https://registry.npmjs.org/babel-plugin-react-native-web/-/babel-plugin-react-native-web-0.18.12.tgz 56642ms (cache miss)
7290 timing reifyNode:node_modules/@react-native/babel-preset Completed in 60235ms
7291 http fetch GET 200 https://registry.npmjs.org/@types/json-schema/-/json-schema-7.0.15.tgz 56645ms (cache miss)
7292 timing reifyNode:node_modules/@types/json-schema Completed in 60246ms
7293 http fetch GET 200 https://registry.npmjs.org/natural-compare/-/natural-compare-1.4.0.tgz 56636ms (cache miss)
7294 timing reifyNode:node_modules/natural-compare Completed in 60246ms
7295 http fetch GET 200 https://registry.npmjs.org/@babel/plugin-transform-export-namespace-from/-/plugin-transform-export-namespace-from-7.27.1.tgz 56647ms (cache miss)
7296 timing reifyNode:node_modules/@babel/plugin-transform-export-namespace-from Completed in 60256ms
7297 http fetch GET 200 https://registry.npmjs.org/recast/-/recast-0.21.5.tgz 57672ms (cache miss)
7298 timing reifyNode:node_modules/@babel/plugin-transform-block-scoping Completed in 60759ms
7299 timing reifyNode:node_modules/@babel/helper-module-imports Completed in 60764ms
7300 http fetch GET 200 https://registry.npmjs.org/ignore/-/ignore-5.3.2.tgz 57155ms (cache miss)
7301 http fetch GET 200 https://registry.npmjs.org/@babel/plugin-proposal-decorators/-/plugin-proposal-decorators-7.28.6.tgz 57171ms (cache miss)
7302 timing reifyNode:node_modules/@babel/plugin-transform-object-rest-spread Completed in 60772ms
7303 timing reifyNode:node_modules/ignore Completed in 60772ms
7304 http fetch GET 200 https://registry.npmjs.org/use-latest-callback/-/use-latest-callback-0.2.6.tgz 57124ms (cache miss)
7305 timing reifyNode:node_modules/use-latest-callback Completed in 60774ms
7306 http fetch GET 200 https://registry.npmjs.org/react-is/-/react-is-16.13.1.tgz 57126ms (cache miss)
7307 timing reifyNode:node_modules/react-is Completed in 60776ms
7308 http fetch GET 200 https://registry.npmjs.org/debug/-/debug-4.4.3.tgz 57167ms (cache miss)
7309 timing reifyNode:node_modules/debug Completed in 60780ms
7310 timing reifyNode:node_modules/@babel/plugin-proposal-decorators Completed in 60791ms
7311 timing reifyNode:node_modules/@nodelib/fs.walk Completed in 61170ms
7312 timing reifyNode:node_modules/babel-plugin-react-native-web Completed in 61107ms
7313 timing reifyNode:node_modules/react-refresh Completed in 61112ms
7314 http fetch GET 200 https://registry.npmjs.org/fast-deep-equal/-/fast-deep-equal-3.1.3.tgz 57488ms (cache miss)
7315 http fetch GET 200 https://registry.npmjs.org/warn-once/-/warn-once-0.1.1.tgz 57501ms (cache miss)
7316 timing reifyNode:node_modules/warn-once Completed in 61147ms
7317 http fetch GET 200 https://registry.npmjs.org/escape-string-regexp/-/escape-string-regexp-4.0.0.tgz 57489ms (cache miss)
7318 timing reifyNode:node_modules/escape-string-regexp Completed in 61146ms
7319 http fetch GET 200 https://registry.npmjs.org/@types/prop-types/-/prop-types-15.7.15.tgz 57533ms (cache miss)
7320 timing reifyNode:node_modules/@types/prop-types Completed in 61151ms
7321 http fetch GET 200 https://registry.npmjs.org/nanoid/-/nanoid-3.3.11.tgz 57505ms (cache miss)
7322 timing reifyNode:node_modules/eslint-visitor-keys Completed in 61165ms
7323 http fetch GET 200 https://registry.npmjs.org/query-string/-/query-string-7.1.3.tgz 57739ms (cache miss)
7324 timing reifyNode:node_modules/query-string Completed in 61391ms
7325 http fetch GET 200 https://registry.npmjs.org/expo-status-bar/-/expo-status-bar-1.12.1.tgz 57725ms (cache miss)
7326 timing reifyNode:node_modules/recast Completed in 61759ms
7327 timing reifyNode:node_modules/@babel/compat-data Completed in 61488ms
7328 http fetch GET 200 https://registry.npmjs.org/@babel/plugin-transform-parameters/-/plugin-transform-parameters-7.27.7.tgz 57888ms (cache miss)
7329 http fetch GET 200 https://registry.npmjs.org/@typescript-eslint/visitor-keys/-/visitor-keys-6.21.0.tgz 57873ms (cache miss)
7330 http fetch GET 200 https://registry.npmjs.org/yargs/-/yargs-17.7.2.tgz 59361ms (cache miss)
7331 http fetch GET 200 https://registry.npmjs.org/babel-plugin-polyfill-corejs3/-/babel-plugin-polyfill-corejs3-0.13.0.tgz 58445ms (cache miss)
7332 timing reifyNode:node_modules/fast-deep-equal Completed in 62086ms
7333 http fetch GET 200 https://registry.npmjs.org/color-name/-/color-name-1.1.3.tgz 58406ms (cache miss)
7334 timing reifyNode:node_modules/babel-plugin-react-compiler/node_modules/color-name Completed in 62618ms
7335 http fetch GET 200 https://registry.npmjs.org/color-convert/-/color-convert-1.9.3.tgz 58408ms (cache miss)
7336 timing reifyNode:node_modules/babel-plugin-react-compiler/node_modules/color-convert Completed in 62625ms
7337 http fetch GET 200 https://registry.npmjs.org/@typescript-eslint/parser/-/parser-6.21.0.tgz 58446ms (cache miss)
7338 http fetch GET 200 https://registry.npmjs.org/expo-keep-awake/-/expo-keep-awake-13.0.2.tgz 59018ms (cache miss)
7339 http fetch GET 200 https://registry.npmjs.org/@babel/plugin-transform-regenerator/-/plugin-transform-regenerator-7.28.6.tgz 58853ms (cache miss)
7340 http fetch GET 200 https://registry.npmjs.org/@babel/helper-compilation-targets/-/helper-compilation-targets-7.28.6.tgz 58793ms (cache miss)
7341 http fetch GET 200 https://registry.npmjs.org/ansi-styles/-/ansi-styles-3.2.1.tgz 58669ms (cache miss)
7342 timing reifyNode:node_modules/babel-plugin-react-compiler/node_modules/ansi-styles Completed in 62901ms
7343 http fetch GET 200 https://registry.npmjs.org/@types/yargs/-/yargs-13.0.12.tgz 58687ms (cache miss)
7344 timing reifyNode:node_modules/babel-plugin-react-compiler/node_modules/@types/yargs Completed in 62904ms
7345 http fetch GET 200 https://registry.npmjs.org/@types/react-native/-/react-native-0.73.0.tgz 58718ms (cache miss)
7346 warn deprecated @types/react-native@0.73.0: This is a stub types definition. react-native provides its own type definitions, so you do not need this installed.
7347 timing reifyNode:node_modules/@types/react-native Completed in 62383ms
7348 http fetch GET 200 https://registry.npmjs.org/@jridgewell/sourcemap-codec/-/sourcemap-codec-1.5.5.tgz 59112ms (cache miss)
7349 timing reifyNode:node_modules/@babel/plugin-transform-parameters Completed in 62620ms
7350 timing reifyNode:node_modules/@typescript-eslint/visitor-keys Completed in 62629ms
7351 timing reifyNode:node_modules/@typescript-eslint/parser Completed in 62629ms
7352 http fetch GET 200 https://registry.npmjs.org/callsites/-/callsites-2.0.0.tgz 58923ms (cache miss)
7353 timing reifyNode:node_modules/caller-callsite/node_modules/callsites Completed in 63147ms
7354 http fetch GET 200 https://registry.npmjs.org/babel-preset-expo/-/babel-preset-expo-10.0.2.tgz 59147ms (cache miss)
7355 http fetch GET 200 https://registry.npmjs.org/@types/istanbul-reports/-/istanbul-reports-1.1.2.tgz 59153ms (cache miss)
7356 timing reifyNode:node_modules/babel-plugin-react-compiler/node_modules/@types/istanbul-reports Completed in 63415ms
7357 http fetch GET 200 https://registry.npmjs.org/@jest/types/-/types-24.9.0.tgz 59207ms (cache miss)
7358 timing reifyNode:node_modules/yargs Completed in 63278ms
7359 timing reifyNode:node_modules/babel-plugin-polyfill-corejs3 Completed in 63017ms
7360 http fetch GET 200 https://registry.npmjs.org/acorn/-/acorn-8.15.0.tgz 59630ms (cache miss)
7361 timing reifyNode:node_modules/acorn Completed in 63128ms
7362 http fetch GET 200 https://registry.npmjs.org/jsesc/-/jsesc-2.5.2.tgz 59322ms (cache miss)
7363 timing reifyNode:node_modules/babel-plugin-react-compiler/node_modules/jsesc Completed in 63547ms
7364 http fetch GET 200 https://registry.npmjs.org/is-fullwidth-code-point/-/is-fullwidth-code-point-3.0.0.tgz 59323ms (cache miss)
7365 timing reifyNode:node_modules/string-width-cjs/node_modules/is-fullwidth-code-point Completed in 63546ms
7366 http fetch GET 200 https://registry.npmjs.org/ansi-regex/-/ansi-regex-6.2.2.tgz 59322ms (cache miss)
7367 timing reifyNode:node_modules/@isaacs/cliui/node_modules/ansi-regex Completed in 63546ms
7368 http fetch GET 200 https://registry.npmjs.org/strip-ansi/-/strip-ansi-7.1.2.tgz 59318ms (cache miss)
7369 timing reifyNode:node_modules/@isaacs/cliui/node_modules/strip-ansi Completed in 63542ms
7370 http fetch GET 200 https://registry.npmjs.org/emoji-regex/-/emoji-regex-9.2.2.tgz 59321ms (cache miss)
7371 http fetch GET 200 https://registry.npmjs.org/wrap-ansi/-/wrap-ansi-8.1.0.tgz 59323ms (cache miss)
7372 timing reifyNode:node_modules/@isaacs/cliui/node_modules/wrap-ansi Completed in 63640ms
7373 timing reifyNode:node_modules/expo-keep-awake Completed in 63338ms
7374 timing reifyNode:node_modules/@babel/plugin-transform-regenerator Completed in 63204ms
7375 timing reifyNode:node_modules/@babel/helper-compilation-targets Completed in 63198ms
7376 http fetch GET 200 https://registry.npmjs.org/color-name/-/color-name-1.1.3.tgz 59472ms (cache miss)
7377 timing reifyNode:node_modules/@babel/highlight/node_modules/color-name Completed in 63705ms
7378 http fetch GET 200 https://registry.npmjs.org/color-convert/-/color-convert-1.9.3.tgz 59483ms (cache miss)
7379 timing reifyNode:node_modules/@babel/highlight/node_modules/color-convert Completed in 63707ms
7380 http fetch GET 200 https://registry.npmjs.org/ansi-styles/-/ansi-styles-6.2.3.tgz 59533ms (cache miss)
7381 timing reifyNode:node_modules/@isaacs/cliui/node_modules/ansi-styles Completed in 63757ms
7382 http fetch GET 200 https://registry.npmjs.org/has-flag/-/has-flag-3.0.0.tgz 59524ms (cache miss)
7383 timing reifyNode:node_modules/@babel/highlight/node_modules/has-flag Completed in 63749ms
7384 http fetch GET 200 https://registry.npmjs.org/string-width/-/string-width-5.1.2.tgz 59529ms (cache miss)
7385 timing reifyNode:node_modules/@isaacs/cliui/node_modules/string-width Completed in 63754ms
7386 timing reifyNode:node_modules/@jridgewell/sourcemap-codec Completed in 63339ms
7387 http fetch GET 200 https://registry.npmjs.org/ansi-styles/-/ansi-styles-3.2.1.tgz 59604ms (cache miss)
7388 timing reifyNode:node_modules/@babel/highlight/node_modules/ansi-styles Completed in 63851ms
7389 http fetch GET 200 https://registry.npmjs.org/chalk/-/chalk-2.4.2.tgz 59811ms (cache miss)
7390 timing reifyNode:node_modules/@babel/highlight/node_modules/chalk Completed in 64039ms
7391 http fetch GET 200 https://registry.npmjs.org/escape-string-regexp/-/escape-string-regexp-1.0.5.tgz 59812ms (cache miss)
7392 timing reifyNode:node_modules/@babel/highlight/node_modules/escape-string-regexp Completed in 64039ms
7393 http fetch GET 200 https://registry.npmjs.org/supports-color/-/supports-color-5.5.0.tgz 59813ms (cache miss)
7394 timing reifyNode:node_modules/@babel/highlight/node_modules/supports-color Completed in 64039ms
7395 http fetch GET 200 https://registry.npmjs.org/@babel/helper-define-polyfill-provider/-/helper-define-polyfill-provider-0.6.5.tgz 60149ms (cache miss)
7396 http fetch GET 200 https://registry.npmjs.org/clone/-/clone-1.0.4.tgz 59924ms (cache miss)
7397 timing reifyNode:node_modules/defaults/node_modules/clone Completed in 64157ms
7398 http fetch GET 200 https://registry.npmjs.org/bplist-parser/-/bplist-parser-0.3.1.tgz 59937ms (cache miss)
7399 timing reifyNode:node_modules/simple-plist/node_modules/bplist-parser Completed in 64164ms
7400 http fetch GET 200 https://registry.npmjs.org/@expo/package-manager/-/package-manager-1.9.10.tgz 60625ms (cache miss)
7401 http fetch GET 200 https://registry.npmjs.org/@babel/template/-/template-7.28.6.tgz 60379ms (cache miss)
7402 http fetch GET 200 https://registry.npmjs.org/is-fullwidth-code-point/-/is-fullwidth-code-point-3.0.0.tgz 60541ms (cache miss)
7403 timing reifyNode:node_modules/string-width/node_modules/is-fullwidth-code-point Completed in 64769ms
7404 timing reifyNode:node_modules/babel-preset-expo Completed in 64276ms
7405 http fetch GET 200 https://registry.npmjs.org/isarray/-/isarray-2.0.5.tgz 60575ms (cache miss)
7406 timing reifyNode:node_modules/safe-array-concat/node_modules/isarray Completed in 64801ms
7407 http fetch GET 200 https://registry.npmjs.org/statuses/-/statuses-2.0.1.tgz 60559ms (cache miss)
7408 timing reifyNode:node_modules/http-errors/node_modules/statuses Completed in 64792ms
7409 http fetch GET 200 https://registry.npmjs.org/safe-buffer/-/safe-buffer-5.1.2.tgz 60564ms (cache miss)
7410 timing reifyNode:node_modules/readable-stream/node_modules/safe-buffer Completed in 64797ms
7411 http fetch GET 200 https://registry.npmjs.org/expo-constants/-/expo-constants-16.0.2.tgz 61172ms (cache miss)
7412 http fetch GET 200 https://registry.npmjs.org/bplist-creator/-/bplist-creator-0.1.0.tgz 60809ms (cache miss)
7413 http fetch GET 200 https://registry.npmjs.org/yallist/-/yallist-4.0.0.tgz 60776ms (cache miss)
7414 timing reifyNode:node_modules/minizlib/node_modules/yallist Completed in 65009ms
7415 http fetch GET 200 https://registry.npmjs.org/minipass/-/minipass-3.3.6.tgz 60776ms (cache miss)
7416 timing reifyNode:node_modules/minizlib/node_modules/minipass Completed in 65010ms
7417 http fetch GET 200 https://registry.npmjs.org/strip-json-comments/-/strip-json-comments-2.0.1.tgz 60885ms (cache miss)
7418 timing reifyNode:node_modules/rc/node_modules/strip-json-comments Completed in 65126ms
7419 http fetch GET 200 https://registry.npmjs.org/color-name/-/color-name-1.1.3.tgz 60885ms (cache miss)
7420 timing reifyNode:node_modules/slice-ansi/node_modules/color-name Completed in 65111ms
7421 http fetch GET 200 https://registry.npmjs.org/ansi-styles/-/ansi-styles-5.2.0.tgz 60897ms (cache miss)
7422 timing reifyNode:node_modules/jest-validate/node_modules/ansi-styles Completed in 65119ms
7423 http fetch GET 200 https://registry.npmjs.org/supports-color/-/supports-color-8.1.1.tgz 60890ms (cache miss)
7424 timing reifyNode:node_modules/jest-worker/node_modules/supports-color Completed in 65118ms
7425 http fetch GET 200 https://registry.npmjs.org/react-is/-/react-is-18.3.1.tgz 60908ms (cache miss)
7426 http fetch GET 200 https://registry.npmjs.org/fs-extra/-/fs-extra-8.1.0.tgz 61412ms (cache miss)
7427 timing reifyNode:node_modules/@babel/helper-define-polyfill-provider Completed in 64784ms
7428 http fetch GET 200 https://registry.npmjs.org/@babel/helper-module-transforms/-/helper-module-transforms-7.28.6.tgz 61141ms (cache miss)
7429 http fetch GET 200 https://registry.npmjs.org/color-convert/-/color-convert-1.9.3.tgz 60974ms (cache miss)
7430 timing reifyNode:node_modules/slice-ansi/node_modules/color-convert Completed in 65205ms
7431 timing reifyNode:node_modules/jest-validate/node_modules/react-is Completed in 65211ms
7432 http fetch GET 200 https://registry.npmjs.org/commander/-/commander-2.20.3.tgz 60995ms (cache miss)
7433 timing reifyNode:node_modules/terser/node_modules/commander Completed in 65219ms
7434 timing reifyNode:node_modules/@expo/package-manager Completed in 64949ms
7435 timing reifyNode:node_modules/@babel/template Completed in 64966ms
7436 http fetch GET 200 https://registry.npmjs.org/strip-ansi/-/strip-ansi-5.2.0.tgz 61312ms (cache miss)
7437 timing reifyNode:node_modules/ansi-fragments/node_modules/strip-ansi Completed in 65542ms
7438 http fetch GET 200 https://registry.npmjs.org/ms/-/ms-2.0.0.tgz 61297ms (cache miss)
7439 timing reifyNode:node_modules/metro/node_modules/ms Completed in 65536ms
7440 http fetch GET 200 https://registry.npmjs.org/ansi-styles/-/ansi-styles-3.2.1.tgz 61316ms (cache miss)
7441 timing reifyNode:node_modules/slice-ansi/node_modules/ansi-styles Completed in 65545ms
7442 http fetch GET 200 https://registry.npmjs.org/escape-string-regexp/-/escape-string-regexp-2.0.0.tgz 61315ms (cache miss)
7443 timing reifyNode:node_modules/stack-utils/node_modules/escape-string-regexp Completed in 65544ms
7444 http fetch GET 200 https://registry.npmjs.org/ansi-regex/-/ansi-regex-4.1.1.tgz 61318ms (cache miss)
7445 timing reifyNode:node_modules/ansi-fragments/node_modules/ansi-regex Completed in 65546ms
7446 timing reifyNode:node_modules/expo-constants Completed in 65373ms
7447 http fetch GET 200 https://registry.npmjs.org/isarray/-/isarray-2.0.5.tgz 61802ms (cache miss)
7448 timing reifyNode:node_modules/safe-push-apply/node_modules/isarray Completed in 66025ms
7449 http fetch GET 200 https://registry.npmjs.org/isarray/-/isarray-2.0.5.tgz 61796ms (cache miss)
7450 timing reifyNode:node_modules/which-builtin-type/node_modules/isarray Completed in 66036ms
7451 timing reifyNode:node_modules/simple-plist/node_modules/bplist-creator Completed in 66050ms
7452 http fetch GET 200 https://registry.npmjs.org/safe-buffer/-/safe-buffer-5.1.2.tgz 61786ms (cache miss)
7453 timing reifyNode:node_modules/string_decoder/node_modules/safe-buffer Completed in 66024ms
7454 http fetch GET 200 https://registry.npmjs.org/picomatch/-/picomatch-2.3.1.tgz 61786ms (cache miss)
7455 http fetch GET 200 https://registry.npmjs.org/ci-info/-/ci-info-2.0.0.tgz 61753ms (cache miss)
7456 timing reifyNode:node_modules/metro/node_modules/ci-info Completed in 65994ms
7457 timing reifyNode:node_modules/fs-extra Completed in 65750ms
7458 timing reifyNode:node_modules/@babel/helper-module-transforms Completed in 65606ms
7459 http fetch GET 200 https://registry.npmjs.org/ansi-styles/-/ansi-styles-5.2.0.tgz 62587ms (cache miss)
7460 timing reifyNode:node_modules/jest-message-util/node_modules/ansi-styles Completed in 66816ms
7461 timing reifyNode:node_modules/babel-plugin-react-compiler/node_modules/@jest/types Completed in 66895ms
7462 http fetch GET 200 https://registry.npmjs.org/locate-path/-/locate-path-5.0.0.tgz 62565ms (cache miss)
7463 timing reifyNode:node_modules/logkitty/node_modules/locate-path Completed in 66814ms
7464 http fetch GET 200 https://registry.npmjs.org/negotiator/-/negotiator-0.6.4.tgz 62568ms (cache miss)
7465 http fetch GET 200 https://registry.npmjs.org/react-is/-/react-is-18.3.1.tgz 62597ms (cache miss)
7466 timing reifyNode:node_modules/jest-message-util/node_modules/react-is Completed in 66828ms
7467 http fetch GET 200 https://registry.npmjs.org/p-locate/-/p-locate-4.1.0.tgz 62925ms (cache miss)
7468 timing reifyNode:node_modules/logkitty/node_modules/p-locate Completed in 67175ms
7469 http fetch GET 200 https://registry.npmjs.org/@react-native/babel-plugin-codegen/-/babel-plugin-codegen-0.74.83.tgz 62980ms (cache miss)
7470 timing reifyNode:node_modules/@react-native/metro-babel-transformer/node_modules/@react-native/babel-plugin-codegen Completed in 67285ms
7471 http fetch GET 200 https://registry.npmjs.org/wrap-ansi/-/wrap-ansi-6.2.0.tgz 63065ms (cache miss)
7472 timing reifyNode:node_modules/logkitty/node_modules/wrap-ansi Completed in 67315ms
7473 http fetch GET 200 https://registry.npmjs.org/camelcase/-/camelcase-5.3.1.tgz 63067ms (cache miss)
7474 timing reifyNode:node_modules/logkitty/node_modules/camelcase Completed in 67317ms
7475 http fetch GET 200 https://registry.npmjs.org/find-up/-/find-up-4.1.0.tgz 63066ms (cache miss)
7476 timing reifyNode:node_modules/logkitty/node_modules/find-up Completed in 67320ms
7477 http fetch GET 200 https://registry.npmjs.org/pretty-format/-/pretty-format-29.7.0.tgz 63988ms (cache miss)
7478 http fetch GET 200 https://registry.npmjs.org/picomatch/-/picomatch-2.3.1.tgz 64172ms (cache miss)
7479 http fetch GET 200 https://registry.npmjs.org/ts-api-utils/-/ts-api-utils-1.4.3.tgz 64522ms (cache miss)
7480 http fetch GET 200 https://registry.npmjs.org/yargs-parser/-/yargs-parser-18.1.3.tgz 64314ms (cache miss)
7481 timing reifyNode:node_modules/logkitty/node_modules/yargs-parser Completed in 68565ms
7482 http fetch GET 200 https://registry.npmjs.org/y18n/-/y18n-4.0.3.tgz 64327ms (cache miss)
7483 timing reifyNode:node_modules/logkitty/node_modules/y18n Completed in 68579ms
7484 http fetch GET 200 https://registry.npmjs.org/cli-cursor/-/cli-cursor-3.1.0.tgz 64321ms (cache miss)
7485 timing reifyNode:node_modules/@react-native-community/cli-platform-apple/node_modules/cli-cursor Completed in 68580ms
7486 http fetch GET 200 https://registry.npmjs.org/restore-cursor/-/restore-cursor-3.1.0.tgz 64323ms (cache miss)
7487 timing reifyNode:node_modules/@react-native-community/cli-platform-apple/node_modules/restore-cursor Completed in 68581ms
7488 http fetch GET 200 https://registry.npmjs.org/cliui/-/cliui-6.0.0.tgz 64331ms (cache miss)
7489 timing reifyNode:node_modules/logkitty/node_modules/cliui Completed in 68589ms
7490 http fetch GET 200 https://registry.npmjs.org/onetime/-/onetime-5.1.2.tgz 64334ms (cache miss)
7491 timing reifyNode:node_modules/@react-native-community/cli-platform-apple/node_modules/onetime Completed in 68591ms
7492 http fetch GET 200 https://registry.npmjs.org/@react-native/babel-preset/-/babel-preset-0.74.83.tgz 64354ms (cache miss)
7493 timing reifyNode:node_modules/anymatch/node_modules/picomatch Completed in 69315ms
7494 http fetch GET 200 https://registry.npmjs.org/ms/-/ms-2.0.0.tgz 65095ms (cache miss)
7495 timing reifyNode:node_modules/metro-file-map/node_modules/ms Completed in 69326ms
7496 http fetch GET 200 https://registry.npmjs.org/ansi-regex/-/ansi-regex-4.1.1.tgz 65124ms (cache miss)
7497 timing reifyNode:node_modules/babel-plugin-react-compiler/node_modules/ansi-regex Completed in 69459ms
7498 http fetch GET 200 https://registry.npmjs.org/ms/-/ms-2.0.0.tgz 65126ms (cache miss)
7499 timing reifyNode:node_modules/compression/node_modules/ms Completed in 69373ms
7500 timing reifyNode:node_modules/compression/node_modules/negotiator Completed in 69380ms
7501 http fetch GET 200 https://registry.npmjs.org/json5/-/json5-2.2.3.tgz 65455ms (cache miss)
7502 http fetch GET 200 https://registry.npmjs.org/p-limit/-/p-limit-2.3.0.tgz 65201ms (cache miss)
7503 timing reifyNode:node_modules/logkitty/node_modules/p-limit Completed in 69495ms
7504 http fetch GET 200 https://registry.npmjs.org/log-symbols/-/log-symbols-4.1.0.tgz 65233ms (cache miss)
7505 timing reifyNode:node_modules/@react-native-community/cli-platform-apple/node_modules/log-symbols Completed in 69500ms
7506 http fetch GET 200 https://registry.npmjs.org/npm-run-path/-/npm-run-path-4.0.1.tgz 65242ms (cache miss)
7507 timing reifyNode:node_modules/@react-native-community/cli-platform-apple/node_modules/npm-run-path Completed in 69506ms
7508 http fetch GET 200 https://registry.npmjs.org/is-stream/-/is-stream-2.0.1.tgz 65246ms (cache miss)
7509 timing reifyNode:node_modules/@react-native-community/cli-platform-apple/node_modules/is-stream Completed in 69509ms
7510 http fetch GET 200 https://registry.npmjs.org/mimic-fn/-/mimic-fn-2.1.0.tgz 65254ms (cache miss)
7511 timing reifyNode:node_modules/@react-native-community/cli-platform-apple/node_modules/mimic-fn Completed in 69514ms
7512 http fetch GET 200 https://registry.npmjs.org/get-stream/-/get-stream-6.0.1.tgz 65267ms (cache miss)
7513 timing reifyNode:node_modules/@react-native-community/cli-platform-apple/node_modules/get-stream Completed in 69533ms
7514 http fetch GET 200 https://registry.npmjs.org/ast-types/-/ast-types-0.15.2.tgz 67549ms (cache miss)
7515 http fetch GET 200 https://registry.npmjs.org/xmlbuilder/-/xmlbuilder-14.0.0.tgz 66307ms (cache miss)
7516 http fetch GET 200 https://registry.npmjs.org/postcss/-/postcss-8.4.49.tgz 66305ms (cache miss)
7517 timing reifyNode:node_modules/ts-api-utils Completed in 69599ms
7518 timing reifyNode:node_modules/@react-native/metro-babel-transformer/node_modules/@react-native/babel-preset Completed in 70045ms
7519 http fetch GET 200 https://registry.npmjs.org/resolve-from/-/resolve-from-3.0.0.tgz 65766ms (cache miss)
7520 timing reifyNode:node_modules/cosmiconfig/node_modules/resolve-from Completed in 70048ms
7521 http fetch GET 200 https://registry.npmjs.org/ora/-/ora-5.4.1.tgz 65774ms (cache miss)
7522 timing reifyNode:node_modules/@react-native-community/cli-platform-apple/node_modules/ora Completed in 70051ms
7523 timing reifyNode:node_modules/jest-util/node_modules/picomatch Completed in 70657ms
7524 http fetch GET 200 https://registry.npmjs.org/is-wsl/-/is-wsl-1.1.0.tgz 66666ms (cache miss)
7525 timing reifyNode:node_modules/@react-native-community/cli-tools/node_modules/is-wsl Completed in 70950ms
7526 http fetch GET 200 https://registry.npmjs.org/@expo/devcert/-/devcert-1.2.1.tgz 68206ms (cache miss)
7527 timing reifyNode:node_modules/json5 Completed in 71641ms
7528 http fetch GET 200 https://registry.npmjs.org/flow-parser/-/flow-parser-0.206.0.tgz 68521ms (cache miss)
7529 http fetch GET 200 https://registry.npmjs.org/cli-cursor/-/cli-cursor-3.1.0.tgz 68126ms (cache miss)
7530 timing reifyNode:node_modules/@react-native-community/cli-tools/node_modules/cli-cursor Completed in 72731ms
7531 http fetch GET 200 https://registry.npmjs.org/restore-cursor/-/restore-cursor-3.1.0.tgz 68436ms (cache miss)
7532 timing reifyNode:node_modules/@react-native-community/cli-doctor/node_modules/restore-cursor Completed in 72730ms
7533 http fetch GET 200 https://registry.npmjs.org/restore-cursor/-/restore-cursor-3.1.0.tgz 68453ms (cache miss)
7534 timing reifyNode:node_modules/@react-native-community/cli-tools/node_modules/restore-cursor Completed in 72733ms
7535 http fetch GET 200 https://registry.npmjs.org/onetime/-/onetime-5.1.2.tgz 68438ms (cache miss)
7536 timing reifyNode:node_modules/@react-native-community/cli-doctor/node_modules/onetime Completed in 72734ms
7537 http fetch GET 200 https://registry.npmjs.org/onetime/-/onetime-5.1.2.tgz 68453ms (cache miss)
7538 timing reifyNode:node_modules/@react-native-community/cli-tools/node_modules/onetime Completed in 72736ms
7539 http fetch GET 200 https://registry.npmjs.org/cli-cursor/-/cli-cursor-3.1.0.tgz 68441ms (cache miss)
7540 timing reifyNode:node_modules/@react-native-community/cli-doctor/node_modules/cli-cursor Completed in 72796ms
7541 http fetch GET 200 https://registry.npmjs.org/onetime/-/onetime-5.1.2.tgz 68474ms (cache miss)
7542 timing reifyNode:node_modules/@react-native-community/cli-clean/node_modules/onetime Completed in 72798ms
7543 http fetch GET 200 https://registry.npmjs.org/import-fresh/-/import-fresh-2.0.0.tgz 68534ms (cache miss)
7544 timing reifyNode:node_modules/cosmiconfig/node_modules/import-fresh Completed in 72828ms
7545 timing reifyNode:node_modules/@isaacs/cliui/node_modules/emoji-regex Completed in 73806ms
7546 http fetch GET 200 https://registry.npmjs.org/debug/-/debug-2.6.9.tgz 70361ms (cache miss)
7547 timing reifyNode:node_modules/ast-types Completed in 74627ms
7548 http fetch GET 200 https://registry.npmjs.org/@react-native/dev-middleware/-/dev-middleware-0.74.85.tgz 71056ms (cache miss)
7549 timing reifyNode:node_modules/xmlbuilder Completed in 74601ms
7550 timing reifyNode:node_modules/postcss Completed in 74604ms
7551 timing reifyNode:node_modules/nanoid Completed in 74648ms
7552 timing reifyNode:node_modules/flow-parser Completed in 74737ms
7553 http fetch GET 200 https://registry.npmjs.org/npm-run-path/-/npm-run-path-4.0.1.tgz 70893ms (cache miss)
7554 timing reifyNode:node_modules/@react-native-community/cli-tools/node_modules/npm-run-path Completed in 75216ms
7555 http fetch GET 200 https://registry.npmjs.org/npm-run-path/-/npm-run-path-4.0.1.tgz 70910ms (cache miss)
7556 timing reifyNode:node_modules/@react-native-community/cli-doctor/node_modules/npm-run-path Completed in 75220ms
7557 http fetch GET 200 https://registry.npmjs.org/get-stream/-/get-stream-6.0.1.tgz 70889ms (cache miss)
7558 timing reifyNode:node_modules/@react-native-community/cli-clean/node_modules/get-stream Completed in 75154ms
7559 http fetch GET 200 https://registry.npmjs.org/get-stream/-/get-stream-6.0.1.tgz 70936ms (cache miss)
7560 timing reifyNode:node_modules/@react-native-community/cli-tools/node_modules/get-stream Completed in 75223ms
7561 http fetch GET 200 https://registry.npmjs.org/log-symbols/-/log-symbols-4.1.0.tgz 71089ms (cache miss)
7562 timing reifyNode:node_modules/@react-native-community/cli-tools/node_modules/log-symbols Completed in 75370ms
7563 http fetch GET 200 https://registry.npmjs.org/is-stream/-/is-stream-2.0.1.tgz 71041ms (cache miss)
7564 timing reifyNode:node_modules/@react-native-community/cli-clean/node_modules/is-stream Completed in 75367ms
7565 http fetch GET 200 https://registry.npmjs.org/npm-run-path/-/npm-run-path-4.0.1.tgz 71038ms (cache miss)
7566 timing reifyNode:node_modules/@react-native-community/cli-clean/node_modules/npm-run-path Completed in 75368ms
7567 http fetch GET 200 https://registry.npmjs.org/log-symbols/-/log-symbols-4.1.0.tgz 71078ms (cache miss)
7568 timing reifyNode:node_modules/@react-native-community/cli-doctor/node_modules/log-symbols Completed in 75379ms
7569 http fetch GET 200 https://registry.npmjs.org/is-stream/-/is-stream-2.0.1.tgz 71083ms (cache miss)
7570 timing reifyNode:node_modules/@react-native-community/cli-doctor/node_modules/is-stream Completed in 75379ms
7571 http fetch GET 200 https://registry.npmjs.org/is-stream/-/is-stream-2.0.1.tgz 71091ms (cache miss)
7572 timing reifyNode:node_modules/@react-native-community/cli-tools/node_modules/is-stream Completed in 75381ms
7573 http fetch GET 200 https://registry.npmjs.org/mimic-fn/-/mimic-fn-2.1.0.tgz 71057ms (cache miss)
7574 timing reifyNode:node_modules/@react-native-community/cli-clean/node_modules/mimic-fn Completed in 75379ms
7575 http fetch GET 200 https://registry.npmjs.org/mimic-fn/-/mimic-fn-2.1.0.tgz 71099ms (cache miss)
7576 timing reifyNode:node_modules/@react-native-community/cli-tools/node_modules/mimic-fn Completed in 75383ms
7577 http fetch GET 200 https://registry.npmjs.org/mimic-fn/-/mimic-fn-2.1.0.tgz 71086ms (cache miss)
7578 timing reifyNode:node_modules/@react-native-community/cli-doctor/node_modules/mimic-fn Completed in 75384ms
7579 http fetch GET 200 https://registry.npmjs.org/get-stream/-/get-stream-6.0.1.tgz 71087ms (cache miss)
7580 timing reifyNode:node_modules/@react-native-community/cli-doctor/node_modules/get-stream Completed in 75385ms
7581 http fetch GET 200 https://registry.npmjs.org/open/-/open-6.4.0.tgz 71097ms (cache miss)
7582 timing reifyNode:node_modules/@react-native-community/cli-tools/node_modules/open Completed in 75388ms
7583 http fetch GET 200 https://registry.npmjs.org/uuid/-/uuid-8.3.2.tgz 72676ms (cache miss)
7584 http fetch GET 200 https://registry.npmjs.org/@jridgewell/remapping/-/remapping-2.3.5.tgz 73055ms (cache miss)
7585 http fetch GET 200 https://registry.npmjs.org/ora/-/ora-5.4.1.tgz 72764ms (cache miss)
7586 timing reifyNode:node_modules/@react-native-community/cli-doctor/node_modules/ora Completed in 77085ms
7587 http fetch GET 200 https://registry.npmjs.org/ora/-/ora-5.4.1.tgz 72798ms (cache miss)
7588 timing reifyNode:node_modules/@react-native-community/cli-tools/node_modules/ora Completed in 77088ms
7589 http fetch GET 200 https://registry.npmjs.org/execa/-/execa-5.1.1.tgz 72813ms (cache miss)
7590 http fetch GET 200 https://registry.npmjs.org/ansi-regex/-/ansi-regex-4.1.1.tgz 72766ms (cache miss)
7591 timing reifyNode:node_modules/@react-native-community/cli-doctor/node_modules/strip-ansi/node_modules/ansi-regex Completed in 77088ms
7592 http fetch GET 200 https://registry.npmjs.org/strip-ansi/-/strip-ansi-6.0.1.tgz 72766ms (cache miss)
7593 timing reifyNode:node_modules/@react-native-community/cli-doctor/node_modules/ora/node_modules/strip-ansi Completed in 77087ms
7594 http fetch GET 200 https://registry.npmjs.org/strip-ansi/-/strip-ansi-5.2.0.tgz 72792ms (cache miss)
7595 timing reifyNode:node_modules/@react-native-community/cli-doctor/node_modules/strip-ansi Completed in 77094ms
7596 timing reifyNode:node_modules/metro-file-map/node_modules/debug Completed in 78731ms
7597 http fetch GET 200 https://registry.npmjs.org/@xmldom/xmldom/-/xmldom-0.8.11.tgz 74565ms (cache miss)
7598 timing reifyNode:node_modules/@expo/devcert Completed in 78605ms
7599 http fetch GET 200 https://registry.npmjs.org/execa/-/execa-5.1.1.tgz 74662ms (cache miss)
7600 http fetch GET 200 https://registry.npmjs.org/execa/-/execa-5.1.1.tgz 74630ms (cache miss)
7601 http fetch GET 200 https://registry.npmjs.org/execa/-/execa-5.1.1.tgz 74627ms (cache miss)
7602 http fetch GET 200 https://registry.npmjs.org/debug/-/debug-2.6.9.tgz 75978ms (cache miss)
7603 timing reifyNode:node_modules/@react-native/dev-middleware Completed in 79963ms
7604 timing reifyNode:node_modules/@react-native-community/cli-tools/node_modules/execa Completed in 80266ms
7605 timing reifyNode:node_modules/@react-native-community/cli-platform-apple/node_modules/execa Completed in 80269ms
7606 http fetch GET 200 https://registry.npmjs.org/ms/-/ms-2.0.0.tgz 75924ms (cache miss)
7607 timing reifyNode:node_modules/@react-native/community-cli-plugin/node_modules/ms Completed in 80190ms
7608 http fetch GET 200 https://registry.npmjs.org/npm-run-path/-/npm-run-path-4.0.1.tgz 75925ms (cache miss)
7609 timing reifyNode:node_modules/@react-native/community-cli-plugin/node_modules/npm-run-path Completed in 80191ms
7610 http fetch GET 200 https://registry.npmjs.org/onetime/-/onetime-5.1.2.tgz 75929ms (cache miss)
7611 timing reifyNode:node_modules/@react-native/community-cli-plugin/node_modules/onetime Completed in 80191ms
7612 http fetch GET 200 https://registry.npmjs.org/onetime/-/onetime-5.1.2.tgz 75919ms (cache miss)
7613 timing reifyNode:node_modules/@react-native-community/cli-platform-android/node_modules/onetime Completed in 80189ms
7614 http fetch GET 200 https://registry.npmjs.org/mimic-fn/-/mimic-fn-2.1.0.tgz 75923ms (cache miss)
7615 timing reifyNode:node_modules/@react-native-community/cli-platform-android/node_modules/mimic-fn Completed in 80192ms
7616 http fetch GET 200 https://registry.npmjs.org/mimic-fn/-/mimic-fn-2.1.0.tgz 75933ms (cache miss)
7617 timing reifyNode:node_modules/@react-native/community-cli-plugin/node_modules/mimic-fn Completed in 80197ms
7618 http fetch GET 200 https://registry.npmjs.org/pretty-format/-/pretty-format-29.7.0.tgz 76889ms (cache miss)
7619 timing reifyNode:node_modules/uuid Completed in 80915ms
7620 timing reifyNode:node_modules/@jridgewell/remapping Completed in 80788ms
7621 http fetch GET 200 https://registry.npmjs.org/react-is/-/react-is-17.0.2.tgz 76947ms (cache miss)
7622 http fetch GET 200 https://registry.npmjs.org/get-stream/-/get-stream-6.0.1.tgz 76948ms (cache miss)
7623 timing reifyNode:node_modules/@react-native/community-cli-plugin/node_modules/get-stream Completed in 81215ms
7624 timing reifyNode:node_modules/plist/node_modules/@xmldom/xmldom Completed in 81782ms
7625 timing reifyNode:node_modules/metro/node_modules/debug Completed in 81735ms
7626 http fetch GET 200 https://registry.npmjs.org/fast-glob/-/fast-glob-3.3.3.tgz 78056ms (cache miss)
7627 http fetch GET 200 https://registry.npmjs.org/@types/yargs/-/yargs-15.0.20.tgz 77495ms (cache miss)
7628 timing reifyNode:node_modules/pretty-format/node_modules/@types/yargs Completed in 81757ms
7629 http fetch GET 200 https://registry.npmjs.org/open/-/open-7.4.2.tgz 77491ms (cache miss)
7630 timing reifyNode:node_modules/@react-native/community-cli-plugin/node_modules/open Completed in 81762ms
7631 timing reifyNode:node_modules/pretty-format/node_modules/react-is Completed in 81770ms
7632 http fetch GET 200 https://registry.npmjs.org/@jridgewell/gen-mapping/-/gen-mapping-0.3.13.tgz 78404ms (cache miss)
7633 http fetch GET 200 https://registry.npmjs.org/@typescript-eslint/types/-/types-6.21.0.tgz 78330ms (cache miss)
7634 http fetch GET 200 https://registry.npmjs.org/npm-run-path/-/npm-run-path-4.0.1.tgz 78046ms (cache miss)
7635 timing reifyNode:node_modules/@react-native-community/cli/node_modules/npm-run-path Completed in 82337ms
7636 http fetch GET 200 https://registry.npmjs.org/npm-run-path/-/npm-run-path-4.0.1.tgz 78077ms (cache miss)
7637 timing reifyNode:node_modules/@react-native-community/cli-platform-android/node_modules/npm-run-path Completed in 82346ms
7638 http fetch GET 200 https://registry.npmjs.org/is-stream/-/is-stream-2.0.1.tgz 78079ms (cache miss)
7639 timing reifyNode:node_modules/@react-native-community/cli-platform-android/node_modules/is-stream Completed in 82340ms
7640 http fetch GET 200 https://registry.npmjs.org/is-stream/-/is-stream-2.0.1.tgz 78052ms (cache miss)
7641 timing reifyNode:node_modules/@react-native-community/cli/node_modules/is-stream Completed in 82340ms
7642 http fetch GET 200 https://registry.npmjs.org/p-limit/-/p-limit-2.3.0.tgz 78054ms (cache miss)
7643 timing reifyNode:node_modules/@react-native-community/cli/node_modules/p-limit Completed in 82342ms
7644 http fetch GET 200 https://registry.npmjs.org/mimic-fn/-/mimic-fn-2.1.0.tgz 78063ms (cache miss)
7645 timing reifyNode:node_modules/@react-native-community/cli/node_modules/mimic-fn Completed in 82343ms
7646 http fetch GET 200 https://registry.npmjs.org/p-limit/-/p-limit-2.3.0.tgz 78039ms (cache miss)
7647 timing reifyNode:node_modules/pkg-dir/node_modules/p-limit Completed in 82314ms
7648 timing reifyNode:node_modules/jest-validate/node_modules/pretty-format Completed in 83295ms
7649 http fetch GET 200 https://registry.npmjs.org/@expo/config/-/config-9.0.4.tgz 79514ms (cache miss)
7650 http fetch GET 200 https://registry.npmjs.org/@babel/helper-create-class-features-plugin/-/helper-create-class-features-plugin-7.28.6.tgz 79321ms (cache miss)
7651 http fetch GET 200 https://registry.npmjs.org/@expo/xcpretty/-/xcpretty-4.3.2.tgz 79579ms (cache miss)
7652 http fetch GET 200 https://registry.npmjs.org/@eslint-community/eslint-utils/-/eslint-utils-4.9.1.tgz 79316ms (cache miss)
7653 http fetch GET 200 https://registry.npmjs.org/@jest/types/-/types-26.6.2.tgz 79008ms (cache miss)
7654 http fetch GET 200 https://registry.npmjs.org/get-stream/-/get-stream-6.0.1.tgz 79001ms (cache miss)
7655 timing reifyNode:node_modules/@react-native-community/cli-platform-android/node_modules/get-stream Completed in 83265ms
7656 http fetch GET 200 https://registry.npmjs.org/get-stream/-/get-stream-6.0.1.tgz 78976ms (cache miss)
7657 timing reifyNode:node_modules/@react-native-community/cli/node_modules/get-stream Completed in 83265ms
7658 http fetch GET 200 https://registry.npmjs.org/p-locate/-/p-locate-4.1.0.tgz 78978ms (cache miss)
7659 timing reifyNode:node_modules/@react-native-community/cli/node_modules/p-locate Completed in 83266ms
7660 http fetch GET 200 https://registry.npmjs.org/locate-path/-/locate-path-5.0.0.tgz 78979ms (cache miss)
7661 timing reifyNode:node_modules/@react-native-community/cli/node_modules/locate-path Completed in 83270ms
7662 http fetch GET 200 https://registry.npmjs.org/find-up/-/find-up-4.1.0.tgz 78979ms (cache miss)
7663 timing reifyNode:node_modules/@react-native-community/cli/node_modules/find-up Completed in 83269ms
7664 http fetch GET 200 https://registry.npmjs.org/onetime/-/onetime-5.1.2.tgz 78982ms (cache miss)
7665 timing reifyNode:node_modules/@react-native-community/cli/node_modules/onetime Completed in 83271ms
7666 http fetch GET 200 https://registry.npmjs.org/readable-stream/-/readable-stream-3.6.2.tgz 79441ms (cache miss)
7667 timing reifyNode:node_modules/fast-glob Completed in 83359ms
7668 timing reifyNode:node_modules/@react-native-community/cli-doctor/node_modules/execa Completed in 83990ms
7669 http fetch GET 200 https://registry.npmjs.org/@eslint-community/regexpp/-/regexpp-4.12.2.tgz 79957ms (cache miss)
7670 timing reifyNode:node_modules/@eslint-community/regexpp Completed in 83573ms
7671 http fetch GET 200 https://registry.npmjs.org/has-flag/-/has-flag-3.0.0.tgz 79612ms (cache miss)
7672 timing reifyNode:node_modules/log-symbols/node_modules/has-flag Completed in 83891ms
7673 http fetch GET 200 https://registry.npmjs.org/supports-color/-/supports-color-5.5.0.tgz 79612ms (cache miss)
7674 timing reifyNode:node_modules/log-symbols/node_modules/supports-color Completed in 83890ms
7675 http fetch GET 200 https://registry.npmjs.org/escape-string-regexp/-/escape-string-regexp-1.0.5.tgz 79610ms (cache miss)
7676 timing reifyNode:node_modules/log-symbols/node_modules/escape-string-regexp Completed in 83891ms
7677 http fetch GET 200 https://registry.npmjs.org/lru-cache/-/lru-cache-6.0.0.tgz 79608ms (cache miss)
7678 timing reifyNode:node_modules/hosted-git-info/node_modules/lru-cache Completed in 83886ms
7679 http fetch GET 200 https://registry.npmjs.org/ansi-styles/-/ansi-styles-3.2.1.tgz 79611ms (cache miss)
7680 timing reifyNode:node_modules/log-symbols/node_modules/ansi-styles Completed in 83893ms
7681 http fetch GET 200 https://registry.npmjs.org/chalk/-/chalk-2.4.2.tgz 79611ms (cache miss)
7682 timing reifyNode:node_modules/log-symbols/node_modules/chalk Completed in 83893ms
7683 http fetch GET 200 https://registry.npmjs.org/color-name/-/color-name-1.1.3.tgz 79619ms (cache miss)
7684 timing reifyNode:node_modules/log-symbols/node_modules/color-name Completed in 83896ms
7685 http fetch GET 200 https://registry.npmjs.org/is-glob/-/is-glob-2.0.1.tgz 79611ms (cache miss)
7686 timing reifyNode:node_modules/is-invalid-path/node_modules/is-glob Completed in 83885ms
7687 http fetch GET 200 https://registry.npmjs.org/color-convert/-/color-convert-1.9.3.tgz 79622ms (cache miss)
7688 timing reifyNode:node_modules/log-symbols/node_modules/color-convert Completed in 83900ms
7689 timing reifyNode:node_modules/jest-message-util/node_modules/pretty-format Completed in 84628ms
7690 http fetch GET 200 https://registry.npmjs.org/ws/-/ws-7.5.10.tgz 80384ms (cache miss)
7691 timing reifyNode:node_modules/@jridgewell/gen-mapping Completed in 84440ms
7692 timing reifyNode:node_modules/@typescript-eslint/types Completed in 84528ms
7693 timing reifyNode:node_modules/@eslint-community/eslint-utils Completed in 84542ms
7694 timing reifyNode:node_modules/@react-native-community/cli-clean/node_modules/execa Completed in 84903ms
7695 http fetch GET 200 https://registry.npmjs.org/execa/-/execa-5.1.1.tgz 80627ms (cache miss)
7696 http fetch GET 200 https://registry.npmjs.org/yallist/-/yallist-4.0.0.tgz 80622ms (cache miss)
7697 timing reifyNode:node_modules/hosted-git-info/node_modules/yallist Completed in 84905ms
7698 http fetch GET 200 https://registry.npmjs.org/yallist/-/yallist-4.0.0.tgz 80587ms (cache miss)
7699 timing reifyNode:node_modules/minipass-pipeline/node_modules/yallist Completed in 84836ms
7700 http fetch GET 200 https://registry.npmjs.org/p-locate/-/p-locate-3.0.0.tgz 80621ms (cache miss)
7701 timing reifyNode:node_modules/pkg-dir/node_modules/p-locate Completed in 84898ms
7702 http fetch GET 200 https://registry.npmjs.org/locate-path/-/locate-path-3.0.0.tgz 80619ms (cache miss)
7703 timing reifyNode:node_modules/pkg-dir/node_modules/locate-path Completed in 84898ms
7704 http fetch GET 200 https://registry.npmjs.org/is-extglob/-/is-extglob-1.0.0.tgz 80618ms (cache miss)
7705 timing reifyNode:node_modules/is-invalid-path/node_modules/is-extglob Completed in 84903ms
7706 http fetch GET 200 https://registry.npmjs.org/rimraf/-/rimraf-2.6.3.tgz 80620ms (cache miss)
7707 warn deprecated rimraf@2.6.3: Rimraf versions prior to v4 are no longer supported
7708 timing reifyNode:node_modules/temp/node_modules/rimraf Completed in 84902ms
7709 http fetch GET 200 https://registry.npmjs.org/path-exists/-/path-exists-3.0.0.tgz 80606ms (cache miss)
7710 timing reifyNode:node_modules/pkg-dir/node_modules/path-exists Completed in 84905ms
7711 http fetch GET 200 https://registry.npmjs.org/brace-expansion/-/brace-expansion-1.1.12.tgz 80622ms (cache miss)
7712 timing reifyNode:node_modules/node-dir/node_modules/brace-expansion Completed in 84907ms
7713 http fetch GET 200 https://registry.npmjs.org/path-key/-/path-key-2.0.1.tgz 80611ms (cache miss)
7714 timing reifyNode:node_modules/npm-run-path/node_modules/path-key Completed in 84909ms
7715 http fetch GET 200 https://registry.npmjs.org/shebang-regex/-/shebang-regex-1.0.0.tgz 80614ms (cache miss)
7716 timing reifyNode:node_modules/execa/node_modules/shebang-regex Completed in 84910ms
7717 http fetch GET 200 https://registry.npmjs.org/find-up/-/find-up-3.0.0.tgz 80692ms (cache miss)
7718 timing reifyNode:node_modules/pkg-dir/node_modules/find-up Completed in 84969ms
7719 timing reifyNode:node_modules/@expo/config Completed in 85062ms
7720 timing reifyNode:node_modules/@babel/helper-create-class-features-plugin Completed in 84996ms
7721 timing reifyNode:node_modules/@expo/xcpretty Completed in 85167ms
7722 timing reifyNode:node_modules/pretty-format/node_modules/@jest/types Completed in 85359ms
7723 http fetch GET 200 https://registry.npmjs.org/execa/-/execa-5.1.1.tgz 81089ms (cache miss)
7724 http fetch GET 200 https://registry.npmjs.org/minimatch/-/minimatch-3.1.2.tgz 81054ms (cache miss)
7725 timing reifyNode:node_modules/node-dir/node_modules/minimatch Completed in 85345ms
7726 http fetch GET 200 https://registry.npmjs.org/ms/-/ms-2.0.0.tgz 81045ms (cache miss)
7727 timing reifyNode:node_modules/finalhandler/node_modules/ms Completed in 85302ms
7728 http fetch GET 200 https://registry.npmjs.org/ms/-/ms-2.0.0.tgz 81031ms (cache miss)
7729 timing reifyNode:node_modules/serve-static/node_modules/debug/node_modules/ms Completed in 85284ms
7730 http fetch GET 200 https://registry.npmjs.org/ms/-/ms-2.0.0.tgz 81042ms (cache miss)
7731 timing reifyNode:node_modules/lighthouse-logger/node_modules/ms Completed in 85287ms
7732 http fetch GET 200 https://registry.npmjs.org/cross-spawn/-/cross-spawn-6.0.6.tgz 81038ms (cache miss)
7733 http fetch GET 200 https://registry.npmjs.org/shebang-command/-/shebang-command-1.2.0.tgz 81048ms (cache miss)
7734 timing reifyNode:node_modules/execa/node_modules/shebang-command Completed in 85356ms
7735 http fetch GET 200 https://registry.npmjs.org/minipass/-/minipass-3.3.6.tgz 81055ms (cache miss)
7736 timing reifyNode:node_modules/minipass-flush/node_modules/minipass Completed in 85306ms
7737 http fetch GET 200 https://registry.npmjs.org/mime/-/mime-1.6.0.tgz 81052ms (cache miss)
7738 http fetch GET 200 https://registry.npmjs.org/minipass/-/minipass-3.3.6.tgz 81061ms (cache miss)
7739 timing reifyNode:node_modules/minipass-pipeline/node_modules/minipass Completed in 85326ms
7740 timing reifyNode:node_modules/bl/node_modules/readable-stream Completed in 85617ms
7741 timing reifyNode:node_modules/metro/node_modules/ws Completed in 85551ms
7742 http fetch GET 200 https://registry.npmjs.org/ws/-/ws-6.2.3.tgz 81293ms (cache miss)
7743 timing reifyNode:node_modules/@react-native/community-cli-plugin/node_modules/execa Completed in 85521ms
7744 http fetch GET 200 https://registry.npmjs.org/semver/-/semver-5.7.2.tgz 83362ms (cache miss)
7745 timing reifyNode:node_modules/make-dir/node_modules/semver Completed in 87643ms
7746 http fetch GET 200 https://registry.npmjs.org/execa/-/execa-5.1.1.tgz 83382ms (cache miss)
7747 http fetch GET 200 https://registry.npmjs.org/which/-/which-1.3.1.tgz 83342ms (cache miss)
7748 timing reifyNode:node_modules/execa/node_modules/which Completed in 87643ms
7749 http fetch GET 200 https://registry.npmjs.org/statuses/-/statuses-2.0.2.tgz 83330ms (cache miss)
7750 timing reifyNode:node_modules/serve-static/node_modules/statuses Completed in 87581ms
7751 http fetch GET 200 https://registry.npmjs.org/send/-/send-0.19.2.tgz 83329ms (cache miss)
7752 http fetch GET 200 https://registry.npmjs.org/encodeurl/-/encodeurl-2.0.0.tgz 83329ms (cache miss)
7753 timing reifyNode:node_modules/serve-static/node_modules/encodeurl Completed in 87582ms
7754 http fetch GET 200 https://registry.npmjs.org/mkdirp/-/mkdirp-1.0.4.tgz 83327ms (cache miss)
7755 http fetch GET 200 https://registry.npmjs.org/@babel/generator/-/generator-7.2.0.tgz 83632ms (cache miss)
7756 http fetch GET 200 https://registry.npmjs.org/js-yaml/-/js-yaml-4.1.1.tgz 83973ms (cache miss)
7757 timing reifyNode:node_modules/js-yaml Completed in 87478ms
7758 timing reifyNode:node_modules/@react-native-community/cli-platform-android/node_modules/execa Completed in 87710ms
7759 timing reifyNode:node_modules/execa/node_modules/cross-spawn Completed in 87677ms
7760 timing reifyNode:node_modules/serve-static/node_modules/send Completed in 87619ms
7761 http fetch GET 200 https://registry.npmjs.org/is-stream/-/is-stream-2.0.1.tgz 83343ms (cache miss)
7762 timing reifyNode:node_modules/tempy/node_modules/is-stream Completed in 87611ms
7763 http fetch GET 200 https://registry.npmjs.org/http-errors/-/http-errors-2.0.1.tgz 83373ms (cache miss)
7764 timing reifyNode:node_modules/serve-static/node_modules/http-errors Completed in 87632ms
7765 timing reifyNode:node_modules/@babel/preset-modules Completed in 87476ms
7766 timing reifyNode:node_modules/@types/semver Completed in 87427ms
7767 http fetch GET 200 https://registry.npmjs.org/react/-/react-18.2.0.tgz 83760ms (cache miss)
7768 timing reifyNode:node_modules/@react-native-community/cli-server-api/node_modules/ws Completed in 87859ms
7769 http fetch GET 200 https://registry.npmjs.org/brace-expansion/-/brace-expansion-1.1.12.tgz 83423ms (cache miss)
7770 timing reifyNode:node_modules/sucrase/node_modules/brace-expansion Completed in 87963ms
7771 http fetch GET 200 https://registry.npmjs.org/path-key/-/path-key-2.0.1.tgz 83740ms (cache miss)
7772 timing reifyNode:node_modules/execa/node_modules/path-key Completed in 88036ms
7773 timing reifyNode:node_modules/@react-native-community/cli/node_modules/execa Completed in 88072ms
7774 http fetch GET 200 https://registry.npmjs.org/minipass/-/minipass-3.3.6.tgz 83694ms (cache miss)
7775 timing reifyNode:node_modules/tar/node_modules/fs-minipass/node_modules/minipass Completed in 87964ms
7776 http fetch GET 200 https://registry.npmjs.org/fs-minipass/-/fs-minipass-2.1.0.tgz 83703ms (cache miss)
7777 timing reifyNode:node_modules/tar/node_modules/fs-minipass Completed in 87972ms
7778 http fetch GET 200 https://registry.npmjs.org/on-finished/-/on-finished-2.4.1.tgz 83713ms (cache miss)
7779 timing reifyNode:node_modules/send/node_modules/on-finished Completed in 87987ms
7780 http fetch GET 200 https://registry.npmjs.org/statuses/-/statuses-2.0.1.tgz 83711ms (cache miss)
7781 timing reifyNode:node_modules/send/node_modules/statuses Completed in 87988ms
7782 http fetch GET 200 https://registry.npmjs.org/ms/-/ms-2.0.0.tgz 83685ms (cache miss)
7783 timing reifyNode:node_modules/@react-native/dev-middleware/node_modules/ms Completed in 87935ms
7784 http fetch GET 200 https://registry.npmjs.org/ms/-/ms-2.0.0.tgz 83713ms (cache miss)
7785 timing reifyNode:node_modules/send/node_modules/debug/node_modules/ms Completed in 87990ms
7786 http fetch GET 200 https://registry.npmjs.org/ms/-/ms-2.0.0.tgz 83695ms (cache miss)
7787 timing reifyNode:node_modules/connect/node_modules/ms Completed in 87947ms
7788 http fetch GET 200 https://registry.npmjs.org/has-flag/-/has-flag-3.0.0.tgz 83715ms (cache miss)
7789 timing reifyNode:node_modules/ora/node_modules/has-flag Completed in 87992ms
7790 http fetch GET 200 https://registry.npmjs.org/ansi-regex/-/ansi-regex-4.1.1.tgz 83716ms (cache miss)
7791 timing reifyNode:node_modules/ora/node_modules/ansi-regex Completed in 87993ms
7792 http fetch GET 200 https://registry.npmjs.org/supports-color/-/supports-color-5.5.0.tgz 83713ms (cache miss)
7793 timing reifyNode:node_modules/ora/node_modules/supports-color Completed in 87998ms
7794 http fetch GET 200 https://registry.npmjs.org/resolve/-/resolve-1.7.1.tgz 83716ms (cache miss)
7795 http fetch GET 200 https://registry.npmjs.org/color-convert/-/color-convert-1.9.3.tgz 83714ms (cache miss)
7796 timing reifyNode:node_modules/ora/node_modules/color-convert Completed in 88004ms
7797 http fetch GET 200 https://registry.npmjs.org/escape-string-regexp/-/escape-string-regexp-1.0.5.tgz 83717ms (cache miss)
7798 timing reifyNode:node_modules/ora/node_modules/escape-string-regexp Completed in 88001ms
7799 http fetch GET 200 https://registry.npmjs.org/ansi-styles/-/ansi-styles-3.2.1.tgz 83717ms (cache miss)
7800 timing reifyNode:node_modules/ora/node_modules/ansi-styles Completed in 88001ms
7801 http fetch GET 200 https://registry.npmjs.org/glob/-/glob-7.1.6.tgz 83768ms (cache miss)
7802 http fetch GET 200 https://registry.npmjs.org/signal-exit/-/signal-exit-4.1.0.tgz 84082ms (cache miss)
7803 http fetch GET 200 https://registry.npmjs.org/debug/-/debug-2.6.9.tgz 83893ms (cache miss)
7804 http fetch GET 200 https://registry.npmjs.org/debug/-/debug-2.6.9.tgz 84180ms (cache miss)
7805 http fetch GET 200 https://registry.npmjs.org/minimatch/-/minimatch-3.1.2.tgz 84085ms (cache miss)
7806 timing reifyNode:node_modules/sucrase/node_modules/minimatch Completed in 88359ms
7807 http fetch GET 200 https://registry.npmjs.org/mime/-/mime-1.6.0.tgz 84078ms (cache miss)
7808 timing reifyNode:node_modules/serve-static/node_modules/mime Completed in 88371ms
7809 timing reifyNode:node_modules/@rnx-kit/chromium-edge-launcher/node_modules/mkdirp Completed in 88374ms
7810 http fetch GET 200 https://registry.npmjs.org/minipass/-/minipass-5.0.0.tgz 84096ms (cache miss)
7811 timing reifyNode:node_modules/tar/node_modules/minipass Completed in 88368ms
7812 warn deprecated glob@7.1.6: Glob versions prior to v9 are no longer supported
7813 timing reifyNode:node_modules/sucrase/node_modules/glob Completed in 88372ms
7814 http fetch GET 200 https://registry.npmjs.org/commander/-/commander-4.1.1.tgz 84241ms (cache miss)
7815 http fetch GET 200 https://registry.npmjs.org/color-name/-/color-name-1.1.3.tgz 84205ms (cache miss)
7816 timing reifyNode:node_modules/ora/node_modules/color-name Completed in 88504ms
7817 http fetch GET 200 https://registry.npmjs.org/strip-ansi/-/strip-ansi-5.2.0.tgz 84215ms (cache miss)
7818 timing reifyNode:node_modules/ora/node_modules/strip-ansi Completed in 88498ms
7819 http fetch GET 200 https://registry.npmjs.org/md5/-/md5-2.2.1.tgz 84214ms (cache miss)
7820 timing reifyNode:node_modules/json-schema-deref-sync/node_modules/md5 Completed in 88476ms
7821 http fetch GET 200 https://registry.npmjs.org/yallist/-/yallist-4.0.0.tgz 84229ms (cache miss)
7822 timing reifyNode:node_modules/tar/node_modules/yallist Completed in 88557ms
7823 http fetch GET 200 https://registry.npmjs.org/glob-parent/-/glob-parent-5.1.2.tgz 84260ms (cache miss)
7824 timing reifyNode:node_modules/fast-glob/node_modules/glob-parent Completed in 88511ms
7825 http fetch GET 200 https://registry.npmjs.org/open/-/open-7.4.2.tgz 84243ms (cache miss)
7826 timing reifyNode:node_modules/@react-native/dev-middleware/node_modules/open Completed in 88503ms
7827 timing reifyNode:node_modules/babel-plugin-react-compiler/node_modules/@babel/generator Completed in 88875ms
7828 http fetch GET 200 https://registry.npmjs.org/semver/-/semver-5.7.2.tgz 84404ms (cache miss)
7829 timing reifyNode:node_modules/execa/node_modules/semver Completed in 88699ms
7830 http fetch GET 200 https://registry.npmjs.org/semver/-/semver-5.7.2.tgz 84330ms (cache miss)
7831 http fetch GET 200 https://registry.npmjs.org/picomatch/-/picomatch-2.3.1.tgz 84405ms (cache miss)
7832 http fetch GET 200 https://registry.npmjs.org/mkdirp/-/mkdirp-1.0.4.tgz 84374ms (cache miss)
7833 timing reifyNode:node_modules/tar/node_modules/mkdirp Completed in 88640ms
7834 http fetch GET 200 https://registry.npmjs.org/chalk/-/chalk-2.4.2.tgz 84355ms (cache miss)
7835 timing reifyNode:node_modules/ora/node_modules/chalk Completed in 88640ms
7836 timing reifyNode:node_modules/npm-package-arg/node_modules/semver Completed in 88614ms
7837 http fetch GET 200 https://registry.npmjs.org/hermes-estree/-/hermes-estree-0.23.1.tgz 85346ms (cache miss)
7838 timing reifyNode:node_modules/react Completed in 89878ms
7839 timing reifyNode:node_modules/@react-native/community-cli-plugin/node_modules/debug Completed in 90241ms
7840 http fetch GET 200 https://registry.npmjs.org/ws/-/ws-6.2.3.tgz 85974ms (cache miss)
7841 timing reifyNode:node_modules/sucrase/node_modules/commander Completed in 90142ms
7842 http fetch GET 200 https://registry.npmjs.org/unique-string/-/unique-string-1.0.0.tgz 85818ms (cache miss)
7843 timing reifyNode:node_modules/@expo/image-utils/node_modules/unique-string Completed in 90087ms
7844 http fetch GET 200 https://registry.npmjs.org/jsonfile/-/jsonfile-6.2.0.tgz 85828ms (cache miss)
7845 timing reifyNode:node_modules/@expo/prebuild-config/node_modules/jsonfile Completed in 90089ms
7846 http fetch GET 200 https://registry.npmjs.org/universalify/-/universalify-2.0.1.tgz 85832ms (cache miss)
7847 timing reifyNode:node_modules/@expo/prebuild-config/node_modules/universalify Completed in 90092ms
7848 http fetch GET 200 https://registry.npmjs.org/validate-npm-package-name/-/validate-npm-package-name-5.0.1.tgz 85830ms (cache miss)
7849 timing reifyNode:node_modules/@expo/package-manager/node_modules/validate-npm-package-name Completed in 90095ms
7850 http fetch GET 200 https://registry.npmjs.org/crypto-random-string/-/crypto-random-string-1.0.0.tgz 85826ms (cache miss)
7851 timing reifyNode:node_modules/@expo/image-utils/node_modules/crypto-random-string Completed in 90096ms
7852 http fetch GET 200 https://registry.npmjs.org/npm-package-arg/-/npm-package-arg-11.0.3.tgz 85831ms (cache miss)
7853 timing reifyNode:node_modules/@expo/package-manager/node_modules/npm-package-arg Completed in 90098ms
7854 http fetch GET 200 https://registry.npmjs.org/@babel/code-frame/-/code-frame-7.10.4.tgz 85834ms (cache miss)
7855 timing reifyNode:node_modules/@expo/package-manager/node_modules/@babel/code-frame Completed in 90099ms
7856 http fetch GET 200 https://registry.npmjs.org/hosted-git-info/-/hosted-git-info-7.0.2.tgz 85832ms (cache miss)
7857 timing reifyNode:node_modules/@expo/package-manager/node_modules/hosted-git-info Completed in 90100ms
7858 timing reifyNode:node_modules/foreground-child/node_modules/signal-exit Completed in 90446ms
7859 timing reifyNode:node_modules/compression/node_modules/debug Completed in 91583ms
7860 timing reifyNode:node_modules/micromatch/node_modules/picomatch Completed in 91443ms
7861 http fetch GET 200 https://registry.npmjs.org/on-finished/-/on-finished-2.4.1.tgz 87108ms (cache miss)
7862 timing reifyNode:node_modules/serve-static/node_modules/on-finished Completed in 91414ms
7863 timing reifyNode:node_modules/send/node_modules/mime Completed in 91418ms
7864 http fetch GET 200 https://registry.npmjs.org/tempy/-/tempy-0.3.0.tgz 87588ms (cache miss)
7865 timing reifyNode:node_modules/@expo/image-utils/node_modules/tempy Completed in 91878ms
7866 http fetch GET 200 https://registry.npmjs.org/temp-dir/-/temp-dir-1.0.0.tgz 87608ms (cache miss)
7867 timing reifyNode:node_modules/@expo/image-utils/node_modules/temp-dir Completed in 91879ms
7868 http fetch GET 200 https://registry.npmjs.org/webidl-conversions/-/webidl-conversions-5.0.0.tgz 87602ms (cache miss)
7869 timing reifyNode:node_modules/whatwg-url-without-unicode/node_modules/webidl-conversions Completed in 91883ms
7870 http fetch GET 200 https://registry.npmjs.org/universalify/-/universalify-1.0.0.tgz 87609ms (cache miss)
7871 timing reifyNode:node_modules/@expo/image-utils/node_modules/universalify Completed in 91892ms
7872 http fetch GET 200 https://registry.npmjs.org/type-fest/-/type-fest-0.3.1.tgz 87629ms (cache miss)
7873 timing reifyNode:node_modules/@expo/image-utils/node_modules/type-fest Completed in 91899ms
7874 http fetch GET 200 https://registry.npmjs.org/glob/-/glob-7.1.6.tgz 87590ms (cache miss)
7875 http fetch GET 200 https://registry.npmjs.org/glob/-/glob-7.1.6.tgz 87590ms (cache miss)
7876 http fetch GET 200 https://registry.npmjs.org/hermes-estree/-/hermes-estree-0.23.1.tgz 87963ms (cache miss)
7877 http fetch GET 200 https://registry.npmjs.org/fast-xml-parser/-/fast-xml-parser-4.5.3.tgz 89661ms (cache miss)
7878 http fetch GET 200 https://registry.npmjs.org/core-js-compat/-/core-js-compat-3.47.0.tgz 88332ms (cache miss)
7879 http fetch GET 200 https://registry.npmjs.org/debug/-/debug-3.2.7.tgz 88430ms (cache miss)
7880 http fetch GET 200 https://registry.npmjs.org/is-stream/-/is-stream-2.0.1.tgz 88417ms (cache miss)
7881 timing reifyNode:node_modules/@react-native/community-cli-plugin/node_modules/is-stream Completed in 92899ms
7882 http fetch GET 200 https://registry.npmjs.org/yallist/-/yallist-4.0.0.tgz 88419ms (cache miss)
7883 timing reifyNode:node_modules/minipass-flush/node_modules/yallist Completed in 92797ms
7884 http fetch GET 200 https://registry.npmjs.org/brace-expansion/-/brace-expansion-1.1.12.tgz 88411ms (cache miss)
7885 timing reifyNode:node_modules/@eslint/eslintrc/node_modules/brace-expansion Completed in 92649ms
7886 http fetch GET 200 https://registry.npmjs.org/brace-expansion/-/brace-expansion-1.1.12.tgz 88458ms (cache miss)
7887 timing reifyNode:node_modules/@humanwhocodes/config-array/node_modules/brace-expansion Completed in 92707ms
7888 http fetch GET 200 https://registry.npmjs.org/brace-expansion/-/brace-expansion-1.1.12.tgz 88459ms (cache miss)
7889 timing reifyNode:node_modules/glob/node_modules/brace-expansion Completed in 92691ms
7890 http fetch GET 200 https://registry.npmjs.org/brace-expansion/-/brace-expansion-1.1.12.tgz 88432ms (cache miss)
7891 timing reifyNode:node_modules/@expo/config/node_modules/brace-expansion Completed in 92794ms
7892 http fetch GET 200 https://registry.npmjs.org/brace-expansion/-/brace-expansion-1.1.12.tgz 88488ms (cache miss)
7893 timing reifyNode:node_modules/@expo/cli/node_modules/brace-expansion Completed in 92795ms
7894 http fetch GET 200 https://registry.npmjs.org/minimatch/-/minimatch-3.1.2.tgz 88484ms (cache miss)
7895 timing reifyNode:node_modules/@expo/cli/node_modules/minimatch Completed in 92791ms
7896 http fetch GET 200 https://registry.npmjs.org/brace-expansion/-/brace-expansion-1.1.12.tgz 88495ms (cache miss)
7897 timing reifyNode:node_modules/@expo/config-plugins/node_modules/brace-expansion Completed in 92798ms
7898 http fetch GET 200 https://registry.npmjs.org/minimatch/-/minimatch-3.1.2.tgz 88489ms (cache miss)
7899 timing reifyNode:node_modules/@expo/config-plugins/node_modules/minimatch Completed in 92799ms
7900 http fetch GET 200 https://registry.npmjs.org/minimatch/-/minimatch-3.1.2.tgz 88492ms (cache miss)
7901 timing reifyNode:node_modules/@expo/config/node_modules/minimatch Completed in 92798ms
7902 http fetch GET 200 https://registry.npmjs.org/minimatch/-/minimatch-3.1.2.tgz 88481ms (cache miss)
7903 timing reifyNode:node_modules/glob/node_modules/minimatch Completed in 92720ms
7904 http fetch GET 200 https://registry.npmjs.org/minimatch/-/minimatch-3.1.2.tgz 88490ms (cache miss)
7905 timing reifyNode:node_modules/@eslint/eslintrc/node_modules/minimatch Completed in 92727ms
7906 http fetch GET 200 https://registry.npmjs.org/minimatch/-/minimatch-3.1.2.tgz 88494ms (cache miss)
7907 timing reifyNode:node_modules/@humanwhocodes/config-array/node_modules/minimatch Completed in 92740ms
7908 http fetch GET 200 https://registry.npmjs.org/@types/react/-/react-18.3.27.tgz 89006ms (cache miss)
7909 timing reifyNode:node_modules/metro-babel-transformer/node_modules/hermes-estree Completed in 93136ms
7910 timing reifyNode:node_modules/@react-native/community-cli-plugin/node_modules/ws Completed in 93146ms
7911 http fetch GET 200 https://registry.npmjs.org/type-fest/-/type-fest-0.7.1.tgz 88759ms (cache miss)
7912 http fetch GET 200 https://registry.npmjs.org/@expo/json-file/-/json-file-10.0.8.tgz 88717ms (cache miss)
7913 warn deprecated glob@7.1.6: Glob versions prior to v9 are no longer supported
7914 timing reifyNode:node_modules/@expo/config/node_modules/glob Completed in 93056ms
7915 http fetch GET 200 https://registry.npmjs.org/resolve-from/-/resolve-from-4.0.0.tgz 88738ms (cache miss)
7916 timing reifyNode:node_modules/import-fresh/node_modules/resolve-from Completed in 93031ms
7917 http fetch GET 200 https://registry.npmjs.org/@react-native-community/cli-tools/-/cli-tools-13.6.6.tgz 90802ms (cache miss)
7918 http fetch GET 200 https://registry.npmjs.org/debug/-/debug-2.6.9.tgz 89041ms (cache miss)
7919 http fetch GET 200 https://registry.npmjs.org/jsonfile/-/jsonfile-6.2.0.tgz 88937ms (cache miss)
7920 timing reifyNode:node_modules/@expo/image-utils/node_modules/jsonfile Completed in 93210ms
7921 http fetch GET 200 https://registry.npmjs.org/jsonfile/-/jsonfile-6.2.0.tgz 88928ms (cache miss)
7922 timing reifyNode:node_modules/@expo/metro-config/node_modules/jsonfile Completed in 93208ms
7923 http fetch GET 200 https://registry.npmjs.org/jsonfile/-/jsonfile-6.2.0.tgz 88930ms (cache miss)
7924 timing reifyNode:node_modules/expo-modules-autolinking/node_modules/jsonfile Completed in 93224ms
7925 http fetch GET 200 https://registry.npmjs.org/universalify/-/universalify-2.0.1.tgz 88951ms (cache miss)
7926 timing reifyNode:node_modules/@expo/image-utils/node_modules/jsonfile/node_modules/universalify Completed in 93230ms
7927 http fetch GET 200 https://registry.npmjs.org/universalify/-/universalify-2.0.1.tgz 88950ms (cache miss)
7928 timing reifyNode:node_modules/@expo/metro-config/node_modules/universalify Completed in 93233ms
7929 http fetch GET 200 https://registry.npmjs.org/universalify/-/universalify-2.0.1.tgz 89105ms (cache miss)
7930 timing reifyNode:node_modules/expo-modules-autolinking/node_modules/universalify Completed in 93384ms
7931 http fetch GET 200 https://registry.npmjs.org/@babel/code-frame/-/code-frame-7.10.4.tgz 89125ms (cache miss)
7932 timing reifyNode:node_modules/@expo/xcpretty/node_modules/@babel/code-frame Completed in 93391ms
7933 http fetch GET 200 https://registry.npmjs.org/@babel/code-frame/-/code-frame-7.10.4.tgz 89123ms (cache miss)
7934 timing reifyNode:node_modules/@expo/json-file/node_modules/@babel/code-frame Completed in 93388ms
7935 http fetch GET 200 https://registry.npmjs.org/@babel/code-frame/-/code-frame-7.10.4.tgz 89075ms (cache miss)
7936 timing reifyNode:node_modules/@expo/config/node_modules/@babel/code-frame Completed in 93404ms
7937 timing reifyNode:node_modules/@expo/devcert/node_modules/debug Completed in 93414ms
7938 warn deprecated glob@7.1.6: Glob versions prior to v9 are no longer supported
7939 timing reifyNode:node_modules/@expo/config-plugins/node_modules/glob Completed in 93414ms
7940 http fetch GET 200 https://registry.npmjs.org/babel-plugin-react-native-web/-/babel-plugin-react-native-web-0.19.13.tgz 89057ms (cache miss)
7941 timing reifyNode:node_modules/metro/node_modules/hermes-estree Completed in 93737ms
7942 timing reifyNode:node_modules/fast-xml-parser Completed in 93743ms
7943 http fetch GET 200 https://registry.npmjs.org/metro-file-map/-/metro-file-map-0.80.12.tgz 91291ms (cache miss)
7944 timing reifyNode:node_modules/core-js-compat Completed in 93480ms
7945 http fetch GET 200 https://registry.npmjs.org/ws/-/ws-7.5.10.tgz 89513ms (cache miss)
7946 http fetch GET 200 https://registry.npmjs.org/debug/-/debug-2.6.9.tgz 89409ms (cache miss)
7947 http fetch GET 200 https://registry.npmjs.org/semver/-/semver-6.3.1.tgz 89287ms (cache miss)
7948 timing reifyNode:node_modules/babel-plugin-polyfill-corejs2/node_modules/semver Completed in 93507ms
7949 http fetch GET 200 https://registry.npmjs.org/brace-expansion/-/brace-expansion-1.1.12.tgz 89407ms (cache miss)
7950 timing reifyNode:node_modules/eslint/node_modules/brace-expansion Completed in 93613ms
7951 timing reifyNode:node_modules/@types/react Completed in 93615ms
7952 http fetch GET 200 https://registry.npmjs.org/@react-native/babel-plugin-codegen/-/babel-plugin-codegen-0.74.87.tgz 89449ms (cache miss)
7953 timing reifyNode:node_modules/expo/node_modules/@react-native/babel-plugin-codegen Completed in 93628ms
7954 http fetch GET 200 https://registry.npmjs.org/hermes-parser/-/hermes-parser-0.19.1.tgz 91757ms (cache miss)
7955 timing reifyNode:node_modules/finalhandler/node_modules/debug Completed in 94401ms
7956 http fetch GET 200 https://registry.npmjs.org/debug/-/debug-2.6.9.tgz 90131ms (cache miss)
7957 timing reifyNode:node_modules/stacktrace-parser/node_modules/type-fest Completed in 94417ms
7958 timing reifyNode:node_modules/@expo/package-manager/node_modules/@expo/json-file Completed in 94405ms
7959 http fetch GET 200 https://registry.npmjs.org/react-refresh/-/react-refresh-0.14.2.tgz 90075ms (cache miss)
7960 http fetch GET 200 https://registry.npmjs.org/minimatch/-/minimatch-3.1.2.tgz 90044ms (cache miss)
7961 timing reifyNode:node_modules/eslint/node_modules/minimatch Completed in 94255ms
7962 http fetch GET 200 https://registry.npmjs.org/@react-native/babel-preset/-/babel-preset-0.74.87.tgz 90054ms (cache miss)
7963 http fetch GET 200 https://registry.npmjs.org/@react-native/normalize-colors/-/normalize-colors-0.74.83.tgz 90048ms (cache miss)
7964 timing reifyNode:node_modules/react-native/node_modules/@react-native/normalize-colors Completed in 94246ms
7965 timing reifyNode:node_modules/@react-native-community/cli-tools Completed in 94698ms
7966 http fetch GET 200 https://registry.npmjs.org/@babel/preset-env/-/preset-env-7.28.6.tgz 90699ms (cache miss)
7967 timing reifyNode:node_modules/react-devtools-core/node_modules/ws Completed in 94655ms
7968 timing reifyNode:node_modules/serve-static/node_modules/debug Completed in 94755ms
7969 http fetch GET 200 https://registry.npmjs.org/debug/-/debug-2.6.9.tgz 90470ms (cache miss)
7970 timing reifyNode:node_modules/metro-file-map Completed in 94992ms
7971 timing reifyNode:node_modules/hermes-parser Completed in 94986ms
7972 timing reifyNode:node_modules/lighthouse-logger/node_modules/debug Completed in 95056ms
7973 http fetch GET 200 https://registry.npmjs.org/debug/-/debug-2.6.9.tgz 90744ms (cache miss)
7974 http fetch GET 200 https://registry.npmjs.org/semver/-/semver-6.3.1.tgz 90734ms (cache miss)
7975 timing reifyNode:node_modules/@babel/plugin-transform-runtime/node_modules/semver Completed in 94968ms
7976 http fetch GET 200 https://registry.npmjs.org/semver/-/semver-6.3.1.tgz 90736ms (cache miss)
7977 timing reifyNode:node_modules/@babel/helper-compilation-targets/node_modules/semver Completed in 94916ms
7978 http fetch GET 200 https://registry.npmjs.org/semver/-/semver-6.3.1.tgz 90737ms (cache miss)
7979 timing reifyNode:node_modules/@babel/core/node_modules/semver Completed in 94914ms
7980 http fetch GET 200 https://registry.npmjs.org/semver/-/semver-6.3.1.tgz 90740ms (cache miss)
7981 timing reifyNode:node_modules/@babel/preset-env/node_modules/semver Completed in 94916ms
7982 timing reifyNode:node_modules/expo/node_modules/babel-plugin-react-native-web Completed in 94908ms
7983 http fetch GET 200 https://registry.npmjs.org/semver/-/semver-6.3.1.tgz 90741ms (cache miss)
7984 timing reifyNode:node_modules/@babel/helper-create-class-features-plugin/node_modules/semver Completed in 94922ms
7985 http fetch GET 200 https://registry.npmjs.org/semver/-/semver-6.3.1.tgz 90748ms (cache miss)
7986 timing reifyNode:node_modules/@babel/helper-create-regexp-features-plugin/node_modules/semver Completed in 94971ms
7987 timing reifyNode:node_modules/expo/node_modules/@react-native/babel-preset Completed in 94915ms
7988 http fetch GET 200 https://registry.npmjs.org/uri-js/-/uri-js-4.4.1.tgz 91602ms (cache miss)
7989 http fetch GET 200 https://registry.npmjs.org/commander/-/commander-9.5.0.tgz 91006ms (cache miss)
7990 http fetch GET 200 https://registry.npmjs.org/debug/-/debug-2.6.9.tgz 90880ms (cache miss)
7991 timing reifyNode:node_modules/send/node_modules/debug Completed in 95201ms
7992 timing reifyNode:node_modules/expo/node_modules/react-refresh Completed in 94988ms
7993 http fetch GET 200 https://registry.npmjs.org/@jridgewell/trace-mapping/-/trace-mapping-0.3.31.tgz 91435ms (cache miss)
7994 timing reifyNode:node_modules/@babel/preset-env Completed in 95014ms
7995 timing reifyNode:node_modules/connect/node_modules/debug Completed in 95183ms
7996 http fetch GET 200 https://registry.npmjs.org/ws/-/ws-6.2.3.tgz 90920ms (cache miss)
7997 timing reifyNode:node_modules/@react-native/dev-middleware/node_modules/debug Completed in 95205ms
7998 http fetch GET 200 https://registry.npmjs.org/prompts/-/prompts-2.4.2.tgz 91780ms (cache miss)
7999 timing reifyNode:node_modules/uri-js Completed in 95190ms
8000 http fetch GET 200 https://registry.npmjs.org/esquery/-/esquery-1.7.0.tgz 91650ms (cache miss)
8001 http fetch GET 200 https://registry.npmjs.org/argparse/-/argparse-1.0.10.tgz 91206ms (cache miss)
8002 timing reifyNode:node_modules/@react-native-community/cli/node_modules/commander Completed in 95395ms
8003 timing reifyNode:node_modules/@react-native/dev-middleware/node_modules/ws Completed in 95231ms
8004 http fetch GET 200 https://registry.npmjs.org/@react-native-community/cli/-/cli-13.6.6.tgz 92756ms (cache miss)
8005 http fetch GET 200 https://registry.npmjs.org/@eslint/eslintrc/-/eslintrc-2.1.4.tgz 91651ms (cache miss)
8006 timing reifyNode:node_modules/@jridgewell/trace-mapping Completed in 95090ms
8007 timing reifyNode:node_modules/prompts Completed in 95489ms
8008 http fetch GET 200 https://registry.npmjs.org/@urql/core/-/core-2.3.6.tgz 92095ms (cache miss)
8009 http fetch GET 200 https://registry.npmjs.org/jscodeshift/-/jscodeshift-0.14.0.tgz 91976ms (cache miss)
8010 http fetch GET 200 https://registry.npmjs.org/readline/-/readline-1.3.0.tgz 93324ms (cache miss)
8011 timing reifyNode:node_modules/readline Completed in 95851ms
8012 http fetch GET 200 https://registry.npmjs.org/semver/-/semver-7.7.3.tgz 91812ms (cache miss)
8013 timing reifyNode:node_modules/@eslint/eslintrc Completed in 95504ms
8014 timing reifyNode:node_modules/esquery Completed in 95522ms
8015 timing reifyNode:node_modules/cosmiconfig/node_modules/argparse Completed in 96124ms
8016 timing reifyNode:node_modules/@react-native-community/cli Completed in 96074ms
8017 http fetch GET 200 https://registry.npmjs.org/type-fest/-/type-fest-0.21.3.tgz 92011ms (cache miss)
8018 timing reifyNode:node_modules/semver Completed in 95803ms
8019 http fetch GET 200 https://registry.npmjs.org/ws/-/ws-6.2.3.tgz 91619ms (cache miss)
8020 timing reifyNode:node_modules/@urql/core Completed in 96311ms
8021 timing reifyNode:node_modules/jscodeshift Completed in 96242ms
8022 http fetch GET 200 https://registry.npmjs.org/graphemer/-/graphemer-1.4.0.tgz 92599ms (cache miss)
8023 http fetch GET 200 https://registry.npmjs.org/type-fest/-/type-fest-0.16.0.tgz 92238ms (cache miss)
8024 timing reifyNode:node_modules/ansi-escapes/node_modules/type-fest Completed in 97084ms
8025 http fetch GET 200 https://registry.npmjs.org/@react-native/gradle-plugin/-/gradle-plugin-0.74.83.tgz 94354ms (cache miss)
8026 timing reifyNode:node_modules/react-native/node_modules/ws Completed in 96682ms
8027 timing reifyNode:node_modules/graphemer Completed in 96852ms
8028 timing reifyNode:node_modules/tempy/node_modules/type-fest Completed in 97078ms
8029 timing reifyNode:node_modules/@react-native/gradle-plugin Completed in 97298ms
8030 http fetch GET 200 https://registry.npmjs.org/neo-async/-/neo-async-2.6.2.tgz 94016ms (cache miss)
8031 timing reifyNode:node_modules/expo-status-bar Completed in 97051ms
8032 timing reifyNode:node_modules/neo-async Completed in 97464ms
8033 http fetch GET 200 https://registry.npmjs.org/@react-navigation/routers/-/routers-6.1.9.tgz 94646ms (cache miss)
8034 http fetch GET 200 https://registry.npmjs.org/expo-font/-/expo-font-12.0.10.tgz 94976ms (cache miss)
8035 http fetch GET 200 https://registry.npmjs.org/babel-preset-expo/-/babel-preset-expo-11.0.15.tgz 94618ms (cache miss)
8036 http fetch GET 200 https://registry.npmjs.org/csstype/-/csstype-3.2.3.tgz 95214ms (cache miss)
8037 http fetch GET 200 https://registry.npmjs.org/@typescript-eslint/type-utils/-/type-utils-6.21.0.tgz 95721ms (cache miss)
8038 timing reifyNode:node_modules/@react-navigation/routers Completed in 99336ms
8039 http fetch GET 200 https://registry.npmjs.org/argparse/-/argparse-1.0.10.tgz 95503ms (cache miss)
8040 timing reifyNode:node_modules/expo-font Completed in 99836ms
8041 timing reifyNode:node_modules/csstype Completed in 99897ms
8042 timing reifyNode:node_modules/expo/node_modules/babel-preset-expo Completed in 99917ms
8043 timing reifyNode:node_modules/@typescript-eslint/type-utils Completed in 99934ms
8044 timing reifyNode:node_modules/@expo/cli/node_modules/argparse Completed in 100096ms
8045 http fetch GET 200 https://registry.npmjs.org/source-map/-/source-map-0.5.7.tgz 96246ms (cache miss)
8046 http fetch GET 200 https://registry.npmjs.org/minimatch/-/minimatch-9.0.3.tgz 96726ms (cache miss)
8047 timing reifyNode:node_modules/babel-plugin-react-compiler/node_modules/source-map Completed in 101277ms
8048 http fetch GET 200 https://registry.npmjs.org/@react-native-community/cli-platform-android/-/cli-platform-android-13.6.6.tgz 98741ms (cache miss)
8049 timing reifyNode:node_modules/minimatch Completed in 101071ms
8050 http fetch GET 200 https://registry.npmjs.org/lru-cache/-/lru-cache-10.4.3.tgz 97708ms (cache miss)
8051 http fetch GET 200 https://registry.npmjs.org/xmlbuilder/-/xmlbuilder-11.0.1.tgz 97417ms (cache miss)
8052 http fetch GET 200 https://registry.npmjs.org/js-yaml/-/js-yaml-3.14.2.tgz 97590ms (cache miss)
8053 http fetch GET 200 https://registry.npmjs.org/source-map/-/source-map-0.5.7.tgz 97673ms (cache miss)
8054 timing reifyNode:node_modules/path-scurry/node_modules/lru-cache Completed in 101968ms
8055 timing reifyNode:node_modules/@react-native-community/cli-platform-android Completed in 102081ms
8056 timing reifyNode:node_modules/xml2js/node_modules/xmlbuilder Completed in 101985ms
8057 http fetch GET 200 https://registry.npmjs.org/xmlbuilder/-/xmlbuilder-15.1.1.tgz 98039ms (cache miss)
8058 timing reifyNode:node_modules/metro-symbolicate/node_modules/source-map Completed in 102213ms
8059 timing reifyNode:node_modules/cosmiconfig/node_modules/js-yaml Completed in 102211ms
8060 timing reifyNode:node_modules/plist/node_modules/xmlbuilder Completed in 102594ms
8061 http fetch GET 200 https://registry.npmjs.org/source-map/-/source-map-0.5.7.tgz 98303ms (cache miss)
8062 http fetch GET 200 https://registry.npmjs.org/uuid/-/uuid-7.0.3.tgz 98103ms (cache miss)
8063 http fetch GET 200 https://registry.npmjs.org/@babel/generator/-/generator-7.28.6.tgz 98564ms (cache miss)
8064 http fetch GET 200 https://registry.npmjs.org/@react-native/dev-middleware/-/dev-middleware-0.74.83.tgz 98217ms (cache miss)
8065 timing reifyNode:node_modules/metro/node_modules/source-map Completed in 102612ms
8066 http fetch GET 200 https://registry.npmjs.org/yargs/-/yargs-15.4.1.tgz 98367ms (cache miss)
8067 timing reifyNode:node_modules/xcode/node_modules/uuid Completed in 102424ms
8068 timing reifyNode:node_modules/@babel/generator Completed in 102411ms
8069 timing reifyNode:node_modules/@react-native/community-cli-plugin/node_modules/@react-native/dev-middleware Completed in 102752ms
8070 timing reifyNode:node_modules/logkitty/node_modules/yargs Completed in 102873ms
8071 http fetch GET 200 https://registry.npmjs.org/fs-extra/-/fs-extra-9.1.0.tgz 98354ms (cache miss)
8072 http fetch GET 200 https://registry.npmjs.org/wonka/-/wonka-4.0.15.tgz 99427ms (cache miss)
8073 http fetch GET 200 https://registry.npmjs.org/fs-extra/-/fs-extra-9.0.0.tgz 98539ms (cache miss)
8074 http fetch GET 200 https://registry.npmjs.org/promise/-/promise-8.3.0.tgz 98457ms (cache miss)
8075 timing reifyNode:node_modules/@expo/prebuild-config/node_modules/fs-extra Completed in 102854ms
8076 http fetch GET 200 https://registry.npmjs.org/pretty-format/-/pretty-format-24.9.0.tgz 99000ms (cache miss)
8077 timing reifyNode:node_modules/@expo/image-utils/node_modules/fs-extra Completed in 103133ms
8078 timing reifyNode:node_modules/react-native/node_modules/promise Completed in 102963ms
8079 http fetch GET 200 https://registry.npmjs.org/fs-extra/-/fs-extra-9.1.0.tgz 98865ms (cache miss)
8080 timing reifyNode:node_modules/wonka Completed in 103223ms
8081 http fetch GET 200 https://registry.npmjs.org/expo-asset/-/expo-asset-10.0.10.tgz 99653ms (cache miss)
8082 http fetch GET 200 https://registry.npmjs.org/fs-extra/-/fs-extra-9.1.0.tgz 98864ms (cache miss)
8083 http fetch GET 200 https://registry.npmjs.org/@react-native-community/cli-doctor/-/cli-doctor-13.6.6.tgz 100871ms (cache miss)
8084 timing reifyNode:node_modules/expo-modules-autolinking/node_modules/fs-extra Completed in 103396ms
8085 http fetch GET 200 https://registry.npmjs.org/source-map/-/source-map-0.5.7.tgz 99323ms (cache miss)
8086 timing reifyNode:node_modules/babel-plugin-react-compiler/node_modules/pretty-format Completed in 103768ms
8087 timing reifyNode:node_modules/@expo/metro-config/node_modules/fs-extra Completed in 103417ms
8088 timing reifyNode:node_modules/expo-asset Completed in 103430ms
8089 timing reifyNode:node_modules/@react-native-community/cli-doctor Completed in 103751ms
8090 timing reifyNode:node_modules/metro-source-map/node_modules/source-map Completed in 103878ms
8091 http fetch GET 200 https://registry.npmjs.org/expo-file-system/-/expo-file-system-17.0.1.tgz 100305ms (cache miss)
8092 http fetch GET 200 https://registry.npmjs.org/@expo/metro-config/-/metro-config-0.18.11.tgz 100412ms (cache miss)
8093 http fetch GET 200 https://registry.npmjs.org/js-yaml/-/js-yaml-3.14.2.tgz 99605ms (cache miss)
8094 timing reifyNode:node_modules/expo-file-system Completed in 103947ms
8095 timing reifyNode:node_modules/@expo/metro-config Completed in 103986ms
8096 timing reifyNode:node_modules/@expo/cli/node_modules/js-yaml Completed in 104160ms
8097 http fetch GET 200 https://registry.npmjs.org/source-map/-/source-map-0.6.1.tgz 100233ms (cache miss)
8098 timing reifyNode:node_modules/recast/node_modules/source-map Completed in 104546ms
8099 http fetch GET 200 https://registry.npmjs.org/lru-cache/-/lru-cache-10.4.3.tgz 100200ms (cache miss)
8100 timing reifyNode:node_modules/cacache/node_modules/lru-cache Completed in 104490ms
8101 http fetch GET 200 https://registry.npmjs.org/source-map/-/source-map-0.6.1.tgz 100283ms (cache miss)
8102 timing reifyNode:node_modules/source-map-support/node_modules/source-map Completed in 104903ms
8103 http fetch GET 200 https://registry.npmjs.org/lru-cache/-/lru-cache-10.4.3.tgz 100883ms (cache miss)
8104 timing reifyNode:node_modules/@expo/package-manager/node_modules/lru-cache Completed in 105351ms
8105 http fetch GET 200 https://registry.npmjs.org/@babel/traverse/-/traverse-7.28.6.tgz 101787ms (cache miss)
8106 http fetch GET 200 https://registry.npmjs.org/terser/-/terser-5.46.0.tgz 103403ms (cache miss)
8107 http fetch GET 200 https://registry.npmjs.org/minimatch/-/minimatch-9.0.5.tgz 101340ms (cache miss)
8108 timing reifyNode:node_modules/terser Completed in 105871ms
8109 timing reifyNode:node_modules/@babel/traverse Completed in 105457ms
8110 timing reifyNode:node_modules/cacache/node_modules/minimatch Completed in 106115ms
8111 http fetch GET 200 https://registry.npmjs.org/@react-native-community/cli-platform-apple/-/cli-platform-apple-13.6.6.tgz 104183ms (cache miss)
8112 timing reifyNode:node_modules/@react-native-community/cli-platform-apple Completed in 107111ms
8113 http fetch GET 200 https://registry.npmjs.org/expo-modules-autolinking/-/expo-modules-autolinking-1.11.3.tgz 103354ms (cache miss)
8114 http fetch GET 200 https://registry.npmjs.org/@babel/parser/-/parser-7.28.6.tgz 103366ms (cache miss)
8115 timing reifyNode:node_modules/expo-modules-autolinking Completed in 107109ms
8116 timing reifyNode:node_modules/@babel/parser Completed in 107073ms
8117 http fetch GET 200 https://registry.npmjs.org/expo-image-picker/-/expo-image-picker-15.1.0.tgz 103496ms (cache miss)
8118 timing reifyNode:node_modules/expo-image-picker Completed in 107456ms
8119 http fetch GET 200 https://registry.npmjs.org/glob/-/glob-10.5.0.tgz 103541ms (cache miss)
8120 timing reifyNode:node_modules/cacache/node_modules/glob Completed in 107855ms
8121 http fetch GET 200 https://registry.npmjs.org/ajv/-/ajv-6.12.6.tgz 104298ms (cache miss)
8122 http fetch GET 200 https://registry.npmjs.org/hermes-parser/-/hermes-parser-0.23.1.tgz 103908ms (cache miss)
8123 http fetch GET 200 https://registry.npmjs.org/hermes-parser/-/hermes-parser-0.23.1.tgz 104240ms (cache miss)
8124 timing reifyNode:node_modules/ajv Completed in 108302ms
8125 timing reifyNode:node_modules/metro-babel-transformer/node_modules/hermes-parser Completed in 108756ms
8126 timing reifyNode:node_modules/metro/node_modules/hermes-parser Completed in 108927ms
8127 http fetch GET 200 https://registry.npmjs.org/node-forge/-/node-forge-1.3.3.tgz 105926ms (cache miss)
8128 timing reifyNode:node_modules/node-forge Completed in 109374ms
8129 http fetch GET 200 https://registry.npmjs.org/@expo/prebuild-config/-/prebuild-config-7.0.9.tgz 106359ms (cache miss)
8130 timing reifyNode:node_modules/@expo/prebuild-config Completed in 109878ms
8131 http fetch GET 200 https://registry.npmjs.org/@react-navigation/native-stack/-/native-stack-6.11.0.tgz 106379ms (cache miss)
8132 timing reifyNode:node_modules/@react-navigation/native-stack Completed in 110268ms
8133 timing reifyNode:node_modules/requireg/node_modules/resolve Completed in 111182ms
8134 http fetch GET 200 https://registry.npmjs.org/@types/node/-/node-18.19.130.tgz 108004ms (cache miss)
8135 http fetch GET 200 https://registry.npmjs.org/resolve/-/resolve-1.22.11.tgz 107884ms (cache miss)
8136 timing reifyNode:node_modules/@types/node Completed in 111558ms
8137 timing reifyNode:node_modules/resolve Completed in 111621ms
8138 http fetch GET 200 https://registry.npmjs.org/@typescript-eslint/utils/-/utils-6.21.0.tgz 107979ms (cache miss)
8139 timing reifyNode:node_modules/@typescript-eslint/utils Completed in 111763ms
8140 http fetch GET 200 https://registry.npmjs.org/@typescript-eslint/typescript-estree/-/typescript-estree-6.21.0.tgz 108163ms (cache miss)
8141 timing reifyNode:node_modules/@typescript-eslint/typescript-estree Completed in 111905ms
8142 http fetch GET 200 https://registry.npmjs.org/@babel/core/-/core-7.28.6.tgz 110709ms (cache miss)
8143 timing reifyNode:node_modules/@babel/core Completed in 114812ms
8144 http fetch GET 200 https://registry.npmjs.org/@babel/runtime/-/runtime-7.28.6.tgz 111482ms (cache miss)
8145 http fetch GET 200 https://registry.npmjs.org/fbjs/-/fbjs-3.0.5.tgz 111684ms (cache miss)
8146 timing reifyNode:node_modules/@babel/runtime Completed in 115288ms
8147 timing reifyNode:node_modules/fbjs Completed in 115435ms
8148 http fetch GET 200 https://registry.npmjs.org/expo/-/expo-51.0.39.tgz 111527ms (cache miss)
8149 timing reifyNode:node_modules/expo Completed in 115476ms
8150 http fetch GET 200 https://registry.npmjs.org/@react-navigation/native/-/native-6.1.18.tgz 112039ms (cache miss)
8151 timing reifyNode:node_modules/@react-navigation/native Completed in 116015ms
8152 http fetch GET 200 https://registry.npmjs.org/@react-navigation/elements/-/elements-1.3.31.tgz 112614ms (cache miss)
8153 timing reifyNode:node_modules/@react-navigation/elements Completed in 116455ms
8154 http fetch GET 200 https://registry.npmjs.org/babel-plugin-react-compiler/-/babel-plugin-react-compiler-0.0.0-experimental-592953e-20240517.tgz 114918ms (cache miss)
8155 timing reifyNode:node_modules/babel-plugin-react-compiler Completed in 116981ms
8156 http fetch GET 200 https://registry.npmjs.org/react-native-safe-area-context/-/react-native-safe-area-context-4.14.1.tgz 115054ms (cache miss)
8157 timing reifyNode:node_modules/react-native-safe-area-context Completed in 119324ms
8158 http fetch GET 200 https://registry.npmjs.org/yaml/-/yaml-2.8.2.tgz 117216ms (cache miss)
8159 timing reifyNode:node_modules/yaml Completed in 120027ms
8160 http fetch GET 200 https://registry.npmjs.org/sucrase/-/sucrase-3.34.0.tgz 116460ms (cache miss)
8161 timing reifyNode:node_modules/sucrase Completed in 120012ms
8162 http fetch GET 200 https://registry.npmjs.org/@babel/helpers/-/helpers-7.28.6.tgz 116730ms (cache miss)
8163 timing reifyNode:node_modules/@babel/helpers Completed in 120365ms
8164 http fetch GET 200 https://registry.npmjs.org/@react-native/codegen/-/codegen-0.73.3.tgz 118542ms (cache miss)
8165 http fetch GET 200 https://registry.npmjs.org/@expo/config-plugins/-/config-plugins-8.0.11.tgz 118664ms (cache miss)
8166 http fetch GET 200 https://registry.npmjs.org/metro/-/metro-0.80.12.tgz 119946ms (cache miss)
8167 timing reifyNode:node_modules/@react-native/codegen Completed in 122209ms
8168 timing reifyNode:node_modules/@expo/config-plugins Completed in 122317ms
8169 timing reifyNode:node_modules/metro Completed in 122600ms
8170 http fetch GET 200 https://registry.npmjs.org/@babel/types/-/types-7.28.6.tgz 121533ms (cache miss)
8171 timing reifyNode:node_modules/@babel/types Completed in 125692ms
8172 http fetch GET 200 https://registry.npmjs.org/regenerate-unicode-properties/-/regenerate-unicode-properties-10.2.2.tgz 123764ms (cache miss)
8173 timing reifyNode:node_modules/regenerate-unicode-properties Completed in 126900ms
8174 http fetch GET 200 https://registry.npmjs.org/@react-native/codegen/-/codegen-0.74.83.tgz 124186ms (cache miss)
8175 timing reifyNode:node_modules/@react-native/metro-babel-transformer/node_modules/@react-native/codegen Completed in 128930ms
8176 http fetch GET 200 https://registry.npmjs.org/@react-native/codegen/-/codegen-0.74.87.tgz 125767ms (cache miss)
8177 http fetch GET 200 https://registry.npmjs.org/@react-native/codegen/-/codegen-0.74.83.tgz 125740ms (cache miss)
8178 timing reifyNode:node_modules/expo/node_modules/@react-native/codegen Completed in 129971ms
8179 timing reifyNode:node_modules/react-native/node_modules/@react-native/codegen Completed in 130011ms
8180 http fetch GET 200 https://registry.npmjs.org/@react-navigation/core/-/core-6.4.17.tgz 126954ms (cache miss)
8181 timing reifyNode:node_modules/@react-navigation/core Completed in 130932ms
8182 http fetch GET 200 https://registry.npmjs.org/dayjs/-/dayjs-1.11.19.tgz 129669ms (cache miss)
8183 timing reifyNode:node_modules/dayjs Completed in 132183ms
8184 http fetch GET 200 https://registry.npmjs.org/lightningcss-darwin-x64/-/lightningcss-darwin-x64-1.19.0.tgz 131141ms (cache miss)
8185 timing reifyNode:node_modules/lightningcss-darwin-x64 Completed in 134300ms
8186 http fetch GET 200 https://registry.npmjs.org/@typescript-eslint/scope-manager/-/scope-manager-6.21.0.tgz 131157ms (cache miss)
8187 timing reifyNode:node_modules/@typescript-eslint/scope-manager Completed in 134800ms
8188 http fetch GET 200 https://registry.npmjs.org/@expo/vector-icons/-/vector-icons-14.1.0.tgz 131521ms (cache miss)
8189 timing reifyNode:node_modules/@expo/vector-icons Completed in 135242ms
8190 http fetch GET 200 https://registry.npmjs.org/graphql/-/graphql-15.8.0.tgz 134035ms (cache miss)
8191 timing reifyNode:node_modules/graphql Completed in 137539ms
8192 http fetch GET 200 https://registry.npmjs.org/eslint/-/eslint-8.57.1.tgz 135287ms (cache miss)
8193 warn deprecated eslint@8.57.1: This version is no longer supported. Please see https://eslint.org/version-support for other options.
8194 timing reifyNode:node_modules/eslint Completed in 138990ms
8195 http fetch GET 200 https://registry.npmjs.org/@typescript-eslint/eslint-plugin/-/eslint-plugin-6.21.0.tgz 136384ms (cache miss)
8196 timing reifyNode:node_modules/@typescript-eslint/eslint-plugin Completed in 140058ms
8197 http fetch GET 200 https://registry.npmjs.org/zod/-/zod-3.25.76.tgz 139376ms (cache miss)
8198 timing reifyNode:node_modules/zod Completed in 141446ms
8199 http fetch GET 200 https://registry.npmjs.org/caniuse-lite/-/caniuse-lite-1.0.30001765.tgz 138794ms (cache miss)
8200 timing reifyNode:node_modules/caniuse-lite Completed in 142326ms
8201 http fetch GET 200 https://registry.npmjs.org/react-native-screens/-/react-native-screens-3.37.0.tgz 138645ms (cache miss)
8202 timing reifyNode:node_modules/react-native-screens Completed in 142359ms
8203 http fetch GET 200 https://registry.npmjs.org/lodash/-/lodash-4.17.21.tgz 139787ms (cache miss)
8204 timing reifyNode:node_modules/lodash Completed in 143013ms
8205 http fetch GET 200 https://registry.npmjs.org/react-devtools-core/-/react-devtools-core-5.3.2.tgz 141709ms (cache miss)
8206 timing reifyNode:node_modules/react-devtools-core Completed in 144359ms
8207 http fetch GET 200 https://registry.npmjs.org/expo-modules-core/-/expo-modules-core-1.12.26.tgz 146041ms (cache miss)
8208 timing reifyNode:node_modules/expo-modules-core Completed in 149787ms
8209 http fetch GET 200 https://registry.npmjs.org/@expo/cli/-/cli-0.18.31.tgz 147632ms (cache miss)
8210 timing reifyNode:node_modules/@expo/cli Completed in 151136ms
8211 http fetch GET 200 https://registry.npmjs.org/typescript/-/typescript-5.9.3.tgz 147470ms (cache miss)
8212 timing reifyNode:node_modules/typescript Completed in 151134ms
8213 http fetch GET 200 https://registry.npmjs.org/es-abstract/-/es-abstract-1.24.1.tgz 152037ms (cache miss)
8214 timing reifyNode:node_modules/es-abstract Completed in 154400ms
8215 http fetch GET 200 https://registry.npmjs.org/jsc-android/-/jsc-android-250231.0.0.tgz 151648ms (cache miss)
8216 http fetch GET 200 https://registry.npmjs.org/@react-native/debugger-frontend/-/debugger-frontend-0.74.85.tgz 150742ms (cache miss)
8217 timing reifyNode:node_modules/jsc-android Completed in 154302ms
8218 timing reifyNode:node_modules/@react-native/debugger-frontend Completed in 154194ms
8219 http fetch GET 200 https://registry.npmjs.org/@react-native/debugger-frontend/-/debugger-frontend-0.74.83.tgz 150540ms (cache miss)
8220 timing reifyNode:node_modules/@react-native/community-cli-plugin/node_modules/@react-native/debugger-frontend Completed in 154814ms
8221 http fetch GET 200 https://registry.npmjs.org/react-native/-/react-native-0.74.1.tgz 169740ms (cache miss)
8222 timing reifyNode:node_modules/react-native Completed in 173406ms
8223 timing reify:unpack Completed in 173937ms
8224 timing reify:unretire Completed in 28ms
8225 timing build:queue Completed in 159ms
8226 timing build:link:node_modules/react-native Completed in 9ms
8227 timing build:link:node_modules/@expo/cli Completed in 121ms
8228 timing build:link:node_modules/@babel/helper-create-class-features-plugin/node_modules/semver Completed in 117ms
8229 timing build:link:node_modules/@babel/helper-compilation-targets/node_modules/semver Completed in 117ms
8230 timing build:link:node_modules/@babel/plugin-transform-runtime/node_modules/semver Completed in 116ms
8231 timing build:link:node_modules/@babel/core/node_modules/semver Completed in 117ms
8232 timing build:link:node_modules/@babel/helper-create-regexp-features-plugin/node_modules/semver Completed in 116ms
8233 timing build:link:node_modules/@babel/preset-env/node_modules/semver Completed in 116ms
8234 timing build:link:node_modules/babel-plugin-polyfill-corejs2/node_modules/semver Completed in 116ms
8235 timing build:link:node_modules/@expo/cli/node_modules/js-yaml Completed in 116ms
8236 timing build:link:node_modules/@rnx-kit/chromium-edge-launcher/node_modules/mkdirp Completed in 116ms
8237 timing build:link:node_modules/babel-plugin-react-compiler/node_modules/jsesc Completed in 117ms
8238 timing build:link:node_modules/cacache/node_modules/glob Completed in 117ms
8239 timing build:link:node_modules/temp/node_modules/rimraf Completed in 110ms
8240 timing build:link:node_modules/cosmiconfig/node_modules/js-yaml Completed in 115ms
8241 timing build:link:node_modules/@babel/parser Completed in 124ms
8242 timing build:link:node_modules/serve-static/node_modules/mime Completed in 110ms
8243 timing build:link:node_modules/make-dir/node_modules/semver Completed in 111ms
8244 timing build:link:node_modules/npm-package-arg/node_modules/semver Completed in 111ms
8245 timing build:link:node_modules/@expo/xcpretty Completed in 123ms
8246 timing build:link:node_modules/baseline-browser-mapping Completed in 122ms
8247 timing build:link:node_modules/execa/node_modules/semver Completed in 114ms
8248 timing build:link:node_modules/@react-native-community/cli Completed in 123ms
8249 timing build:link:node_modules/browserslist Completed in 122ms
8250 timing build:link:node_modules/detect-libc Completed in 122ms
8251 timing build:link:node_modules/envinfo Completed in 122ms
8252 timing build:link:node_modules/send/node_modules/mime Completed in 110ms
8253 timing build:link:node_modules/chrome-launcher Completed in 122ms
8254 timing build:link:node_modules/esprima Completed in 122ms
8255 timing build:link:node_modules/expo Completed in 122ms
8256 timing build:link:node_modules/expo-modules-autolinking Completed in 122ms
8257 timing build:link:node_modules/acorn Completed in 122ms
8258 timing build:link:node_modules/is-docker Completed in 121ms
8259 timing build:link:node_modules/js-yaml Completed in 121ms
8260 timing build:link:node_modules/logkitty Completed in 122ms
8261 timing build:link:node_modules/eslint Completed in 123ms
8262 timing build:link:node_modules/image-size Completed in 123ms
8263 timing build:link:node_modules/jsesc Completed in 122ms
8264 timing build:link:node_modules/md5-file Completed in 123ms
8265 timing build:link:node_modules/json5 Completed in 123ms
8266 timing build:link:node_modules/loose-envify Completed in 123ms
8267 timing build:link:node_modules/mkdirp Completed in 122ms
8268 timing build:link:node_modules/metro Completed in 122ms
8269 timing build:link:node_modules/mime Completed in 122ms
8270 timing build:link:node_modules/qrcode-terminal Completed in 122ms
8271 timing build:link:node_modules/nanoid Completed in 122ms
8272 timing build:link:node_modules/metro-symbolicate Completed in 122ms
8273 timing build:link:node_modules/regjsparser Completed in 121ms
8274 timing build:link:node_modules/rc Completed in 122ms
8275 timing build:link:node_modules/resolve Completed in 123ms
8276 timing build:link:node_modules/terser Completed in 125ms
8277 timing build:link:node_modules/semver Completed in 125ms
8278 timing build:link:node_modules/sucrase Completed in 125ms
8279 timing build:link:node_modules/rimraf Completed in 125ms
8280 timing build:link:node_modules/uuid Completed in 124ms
8281 timing build:link:node_modules/which Completed in 124ms
8282 timing build:link:node_modules/yaml Completed in 124ms
8283 timing build:link:node_modules/tar/node_modules/mkdirp Completed in 117ms
8284 timing build:link:node_modules/update-browserslist-db Completed in 125ms
8285 timing build:link:node_modules/ua-parser-js Completed in 125ms
8286 timing build:link:node_modules/fast-xml-parser Completed in 129ms
8287 timing build:link:node_modules/xcode/node_modules/uuid Completed in 117ms
8288 timing build:link:node_modules/typescript Completed in 125ms
8289 timing build:link:node_modules/execa/node_modules/which Completed in 118ms
8290 timing build:link:node_modules/jscodeshift Completed in 261ms
8291 timing build:link Completed in 267ms
8292 timing build:deps Completed in 427ms
8293 timing build Completed in 428ms
8294 timing reify:build Completed in 466ms
8295 timing reify:trash Completed in 4ms
8296 timing reify:save Completed in 2993ms
8297 timing reify Completed in 317515ms
8298 silly ADD node_modules/which-module
8299 silly ADD node_modules/set-blocking
8300 silly ADD node_modules/require-main-filename
8301 silly ADD node_modules/decamelize
8302 silly ADD node_modules/trim-right
8303 silly ADD node_modules/zod-validation-error
8304 silly ADD node_modules/zod
8305 silly ADD node_modules/babel-plugin-react-compiler
8306 silly ADD node_modules/babel-plugin-react-compiler/node_modules/color-name
8307 silly ADD node_modules/babel-plugin-react-compiler/node_modules/color-convert
8308 silly ADD node_modules/babel-plugin-react-compiler/node_modules/@types/yargs
8309 silly ADD node_modules/babel-plugin-react-compiler/node_modules/@types/istanbul-reports
8310 silly ADD node_modules/babel-plugin-react-compiler/node_modules/ansi-styles
8311 silly ADD node_modules/babel-plugin-react-compiler/node_modules/ansi-regex
8312 silly ADD node_modules/babel-plugin-react-compiler/node_modules/@jest/types
8313 silly ADD node_modules/babel-plugin-react-compiler/node_modules/source-map
8314 silly ADD node_modules/babel-plugin-react-compiler/node_modules/jsesc
8315 silly ADD node_modules/babel-plugin-react-compiler/node_modules/pretty-format
8316 silly ADD node_modules/babel-plugin-react-compiler/node_modules/@babel/generator
8317 silly ADD node_modules/nice-try
8318 silly ADD node_modules/caller-callsite
8319 silly ADD node_modules/caller-callsite/node_modules/callsites
8320 silly ADD node_modules/caller-path
8321 silly ADD node_modules/eastasianwidth
8322 silly ADD node_modules/wrap-ansi-cjs
8323 silly ADD node_modules/strip-ansi-cjs
8324 silly ADD node_modules/string-width-cjs
8325 silly ADD node_modules/string-width-cjs/node_modules/is-fullwidth-code-point
8326 silly ADD node_modules/@pkgjs/parseargs
8327 silly ADD node_modules/@isaacs/cliui
8328 silly ADD node_modules/@isaacs/cliui/node_modules/ansi-styles
8329 silly ADD node_modules/@isaacs/cliui/node_modules/ansi-regex
8330 silly ADD node_modules/@isaacs/cliui/node_modules/emoji-regex
8331 silly ADD node_modules/@isaacs/cliui/node_modules/wrap-ansi
8332 silly ADD node_modules/@isaacs/cliui/node_modules/strip-ansi
8333 silly ADD node_modules/@isaacs/cliui/node_modules/string-width
8334 silly ADD node_modules/path-scurry
8335 silly ADD node_modules/path-scurry/node_modules/lru-cache
8336 silly ADD node_modules/package-json-from-dist
8337 silly ADD node_modules/jackspeak
8338 silly ADD node_modules/foreground-child
8339 silly ADD node_modules/foreground-child/node_modules/signal-exit
8340 silly ADD node_modules/@babel/plugin-syntax-logical-assignment-operators
8341 silly ADD node_modules/@babel/plugin-proposal-logical-assignment-operators
8342 silly ADD node_modules/p-try
8343 silly ADD node_modules/async-limiter
8344 silly ADD node_modules/is-unicode-supported
8345 silly ADD node_modules/is-interactive
8346 silly ADD node_modules/bl
8347 silly ADD node_modules/bl/node_modules/readable-stream
8348 silly ADD node_modules/strip-final-newline
8349 silly ADD node_modules/human-signals
8350 silly ADD node_modules/proc-log
8351 silly ADD node_modules/at-least-node
8352 silly ADD node_modules/@babel/highlight
8353 silly ADD node_modules/@babel/highlight/node_modules/has-flag
8354 silly ADD node_modules/@babel/highlight/node_modules/color-name
8355 silly ADD node_modules/@babel/highlight/node_modules/color-convert
8356 silly ADD node_modules/@babel/highlight/node_modules/supports-color
8357 silly ADD node_modules/@babel/highlight/node_modules/escape-string-regexp
8358 silly ADD node_modules/@babel/highlight/node_modules/ansi-styles
8359 silly ADD node_modules/@babel/highlight/node_modules/chalk
8360 silly ADD node_modules/sprintf-js
8361 silly ADD node_modules/concat-map
8362 silly ADD node_modules/yargs-parser
8363 silly ADD node_modules/y18n
8364 silly ADD node_modules/require-directory
8365 silly ADD node_modules/get-caller-file
8366 silly ADD node_modules/cliui
8367 silly ADD node_modules/sax
8368 silly ADD node_modules/plist
8369 silly ADD node_modules/plist/node_modules/xmlbuilder
8370 silly ADD node_modules/plist/node_modules/@xmldom/xmldom
8371 silly ADD node_modules/simple-plist
8372 silly ADD node_modules/simple-plist/node_modules/bplist-parser
8373 silly ADD node_modules/simple-plist/node_modules/bplist-creator
8374 silly ADD node_modules/emoji-regex
8375 silly ADD node_modules/string-width
8376 silly ADD node_modules/string-width/node_modules/is-fullwidth-code-point
8377 silly ADD node_modules/is-weakset
8378 silly ADD node_modules/is-weakmap
8379 silly ADD node_modules/is-map
8380 silly ADD node_modules/generator-function
8381 silly ADD node_modules/async-function
8382 silly ADD node_modules/which-collection
8383 silly ADD node_modules/is-generator-function
8384 silly ADD node_modules/is-finalizationregistry
8385 silly ADD node_modules/is-async-function
8386 silly ADD node_modules/is-number-object
8387 silly ADD node_modules/is-boolean-object
8388 silly ADD node_modules/is-bigint
8389 silly ADD node_modules/isexe
8390 silly ADD node_modules/ieee754
8391 silly ADD node_modules/buffer
8392 silly ADD node_modules/webidl-conversions
8393 silly ADD node_modules/tr46
8394 silly ADD node_modules/defaults
8395 silly ADD node_modules/defaults/node_modules/clone
8396 silly ADD node_modules/tmpl
8397 silly ADD node_modules/makeerror
8398 silly ADD node_modules/builtins
8399 silly ADD node_modules/punycode
8400 silly ADD node_modules/escalade
8401 silly ADD node_modules/crypto-random-string
8402 silly ADD node_modules/unique-slug
8403 silly ADD node_modules/unicode-property-aliases-ecmascript
8404 silly ADD node_modules/unicode-canonical-property-names-ecmascript
8405 silly ADD node_modules/which-boxed-primitive
8406 silly ADD node_modules/has-bigints
8407 silly ADD node_modules/which-builtin-type
8408 silly ADD node_modules/which-builtin-type/node_modules/isarray
8409 silly ADD node_modules/reflect.getprototypeof
8410 silly ADD node_modules/for-each
8411 silly ADD node_modules/side-channel-weakmap
8412 silly ADD node_modules/side-channel-map
8413 silly ADD node_modules/side-channel-list
8414 silly ADD node_modules/set-function-name
8415 silly ADD node_modules/side-channel
8416 silly ADD node_modules/functions-have-names
8417 silly ADD node_modules/is-symbol
8418 silly ADD node_modules/is-date-object
8419 silly ADD node_modules/possible-typed-array-names
8420 silly ADD node_modules/unbox-primitive
8421 silly ADD node_modules/typed-array-length
8422 silly ADD node_modules/typed-array-byte-length
8423 silly ADD node_modules/string.prototype.trimstart
8424 silly ADD node_modules/string.prototype.trimend
8425 silly ADD node_modules/string.prototype.trim
8426 silly ADD node_modules/stop-iteration-iterator
8427 silly ADD node_modules/set-proto
8428 silly ADD node_modules/safe-regex-test
8429 silly ADD node_modules/safe-push-apply
8430 silly ADD node_modules/safe-push-apply/node_modules/isarray
8431 silly ADD node_modules/safe-array-concat
8432 silly ADD node_modules/safe-array-concat/node_modules/isarray
8433 silly ADD node_modules/regexp.prototype.flags
8434 silly ADD node_modules/own-keys
8435 silly ADD node_modules/object.assign
8436 silly ADD node_modules/object-inspect
8437 silly ADD node_modules/is-weakref
8438 silly ADD node_modules/is-typed-array
8439 silly ADD node_modules/is-string
8440 silly ADD node_modules/is-shared-array-buffer
8441 silly ADD node_modules/is-set
8442 silly ADD node_modules/is-regex
8443 silly ADD node_modules/is-negative-zero
8444 silly ADD node_modules/is-data-view
8445 silly ADD node_modules/is-callable
8446 silly ADD node_modules/is-array-buffer
8447 silly ADD node_modules/internal-slot
8448 silly ADD node_modules/has-proto
8449 silly ADD node_modules/globalthis
8450 silly ADD node_modules/get-symbol-description
8451 silly ADD node_modules/function.prototype.name
8452 silly ADD node_modules/es-to-primitive
8453 silly ADD node_modules/data-view-byte-offset
8454 silly ADD node_modules/data-view-byte-length
8455 silly ADD node_modules/data-view-buffer
8456 silly ADD node_modules/call-bound
8457 silly ADD node_modules/available-typed-arrays
8458 silly ADD node_modules/arraybuffer.prototype.slice
8459 silly ADD node_modules/array-buffer-byte-length
8460 silly ADD node_modules/object-keys
8461 silly ADD node_modules/has-property-descriptors
8462 silly ADD node_modules/define-data-property
8463 silly ADD node_modules/set-function-length
8464 silly ADD node_modules/typed-array-byte-offset
8465 silly ADD node_modules/typed-array-buffer
8466 silly ADD node_modules/es-abstract
8467 silly ADD node_modules/define-properties
8468 silly ADD node_modules/call-bind
8469 silly ADD node_modules/which-typed-array
8470 silly ADD node_modules/typedarray.prototype.slice
8471 silly ADD node_modules/is-number
8472 silly ADD node_modules/util-deprecate
8473 silly ADD node_modules/string_decoder
8474 silly ADD node_modules/string_decoder/node_modules/safe-buffer
8475 silly ADD node_modules/process-nextick-args
8476 silly ADD node_modules/isarray
8477 silly ADD node_modules/core-util-is
8478 silly ADD node_modules/xtend
8479 silly ADD node_modules/readable-stream
8480 silly ADD node_modules/readable-stream/node_modules/safe-buffer
8481 silly ADD node_modules/thenify
8482 silly ADD node_modules/@jridgewell/source-map
8483 silly ADD node_modules/supports-hyperlinks
8484 silly ADD node_modules/ansi-escapes
8485 silly ADD node_modules/ansi-escapes/node_modules/type-fest
8486 silly ADD node_modules/is-path-cwd
8487 silly ADD node_modules/unique-string
8488 silly ADD node_modules/del
8489 silly ADD node_modules/minizlib
8490 silly ADD node_modules/minizlib/node_modules/yallist
8491 silly ADD node_modules/minizlib/node_modules/minipass
8492 silly ADD node_modules/chownr
8493 silly ADD node_modules/has-flag
8494 silly ADD node_modules/thenify-all
8495 silly ADD node_modules/any-promise
8496 silly ADD node_modules/ts-interface-checker
8497 silly ADD node_modules/mz
8498 silly ADD node_modules/lines-and-columns
8499 silly ADD node_modules/buffer-from
8500 silly ADD node_modules/is-fullwidth-code-point
8501 silly ADD node_modules/astral-regex
8502 silly ADD node_modules/shebang-regex
8503 silly ADD node_modules/toidentifier
8504 silly ADD node_modules/setprototypeof
8505 silly ADD node_modules/range-parser
8506 silly ADD node_modules/http-errors
8507 silly ADD node_modules/http-errors/node_modules/statuses
8508 silly ADD node_modules/fresh
8509 silly ADD node_modules/etag
8510 silly ADD node_modules/destroy
8511 silly ADD node_modules/depd
8512 silly ADD node_modules/@types/node-forge
8513 silly ADD node_modules/queue-microtask
8514 silly ADD node_modules/mimic-fn
8515 silly ADD node_modules/onetime
8516 silly ADD node_modules/supports-preserve-symlinks-flag
8517 silly ADD node_modules/path-parse
8518 silly ADD node_modules/is-core-module
8519 silly ADD node_modules/ini
8520 silly ADD node_modules/deep-extend
8521 silly ADD node_modules/rc
8522 silly ADD node_modules/rc/node_modules/strip-json-comments
8523 silly ADD node_modules/nested-error-stacks
8524 silly ADD node_modules/unicode-match-property-value-ecmascript
8525 silly ADD node_modules/unicode-match-property-ecmascript
8526 silly ADD node_modules/regjsparser
8527 silly ADD node_modules/regjsgen
8528 silly ADD node_modules/regenerate-unicode-properties
8529 silly ADD node_modules/regenerate
8530 silly ADD node_modules/esprima
8531 silly ADD node_modules/ast-types
8532 silly ADD node_modules/react-freeze
8533 silly ADD node_modules/is-arrayish
8534 silly ADD node_modules/json-parse-better-errors
8535 silly ADD node_modules/error-ex
8536 silly ADD node_modules/terser
8537 silly ADD node_modules/terser/node_modules/commander
8538 silly ADD node_modules/metro-minify-terser
8539 silly ADD node_modules/through2
8540 silly ADD node_modules/vlq
8541 silly ADD node_modules/ob1
8542 silly ADD node_modules/node-int64
8543 silly ADD node_modules/bser
8544 silly ADD node_modules/normalize-path
8545 silly ADD node_modules/walker
8546 silly ADD node_modules/node-abort-controller
8547 silly ADD node_modules/fsevents
8548 silly ADD node_modules/fb-watchman
8549 silly ADD node_modules/anymatch
8550 silly ADD node_modules/anymatch/node_modules/picomatch
8551 silly ADD node_modules/leven
8552 silly ADD node_modules/jest-get-type
8553 silly ADD node_modules/camelcase
8554 silly ADD node_modules/jest-validate
8555 silly ADD node_modules/jest-validate/node_modules/react-is
8556 silly ADD node_modules/jest-validate/node_modules/ansi-styles
8557 silly ADD node_modules/jest-validate/node_modules/pretty-format
8558 silly ADD node_modules/exponential-backoff
8559 silly ADD node_modules/merge-stream
8560 silly ADD node_modules/queue
8561 silly ADD node_modules/stackframe
8562 silly ADD node_modules/throat
8563 silly ADD node_modules/serialize-error
8564 silly ADD node_modules/metro-transform-worker
8565 silly ADD node_modules/metro-transform-plugins
8566 silly ADD node_modules/metro-symbolicate
8567 silly ADD node_modules/metro-symbolicate/node_modules/source-map
8568 silly ADD node_modules/metro-resolver
8569 silly ADD node_modules/metro-file-map
8570 silly ADD node_modules/metro-file-map/node_modules/ms
8571 silly ADD node_modules/metro-file-map/node_modules/debug
8572 silly ADD node_modules/metro-cache-key
8573 silly ADD node_modules/metro-cache
8574 silly ADD node_modules/metro-babel-transformer
8575 silly ADD node_modules/metro-babel-transformer/node_modules/hermes-estree
8576 silly ADD node_modules/metro-babel-transformer/node_modules/hermes-parser
8577 silly ADD node_modules/lodash.throttle
8578 silly ADD node_modules/jest-worker
8579 silly ADD node_modules/jest-worker/node_modules/supports-color
8580 silly ADD node_modules/image-size
8581 silly ADD node_modules/error-stack-parser
8582 silly ADD node_modules/denodeify
8583 silly ADD node_modules/slice-ansi
8584 silly ADD node_modules/slice-ansi/node_modules/color-name
8585 silly ADD node_modules/slice-ansi/node_modules/color-convert
8586 silly ADD node_modules/slice-ansi/node_modules/ansi-styles
8587 silly ADD node_modules/colorette
8588 silly ADD node_modules/dayjs
8589 silly ADD node_modules/ansi-fragments
8590 silly ADD node_modules/ansi-fragments/node_modules/ansi-regex
8591 silly ADD node_modules/ansi-fragments/node_modules/strip-ansi
8592 silly ADD node_modules/@sideway/pinpoint
8593 silly ADD node_modules/@sideway/formula
8594 silly ADD node_modules/@sideway/address
8595 silly ADD node_modules/@hapi/topo
8596 silly ADD node_modules/@hapi/hoek
8597 silly ADD node_modules/stack-utils
8598 silly ADD node_modules/stack-utils/node_modules/escape-string-regexp
8599 silly ADD node_modules/@types/stack-utils
8600 silly ADD node_modules/type-detect
8601 silly ADD node_modules/@sinonjs/commons
8602 silly ADD node_modules/jest-message-util
8603 silly ADD node_modules/jest-message-util/node_modules/react-is
8604 silly ADD node_modules/jest-message-util/node_modules/ansi-styles
8605 silly ADD node_modules/jest-message-util/node_modules/pretty-format
8606 silly ADD node_modules/@sinonjs/fake-timers
8607 silly ADD node_modules/jest-util
8608 silly ADD node_modules/jest-util/node_modules/picomatch
8609 silly ADD node_modules/jest-mock
8610 silly ADD node_modules/@jest/fake-timers
8611 silly ADD node_modules/@jest/environment
8612 silly ADD node_modules/source-map
8613 silly ADD node_modules/hermes-estree
8614 silly ADD node_modules/strnum
8615 silly ADD node_modules/parse-json
8616 silly ADD node_modules/is-directory
8617 silly ADD node_modules/vary
8618 silly ADD node_modules/safe-buffer
8619 silly ADD node_modules/on-headers
8620 silly ADD node_modules/compressible
8621 silly ADD node_modules/bytes
8622 silly ADD node_modules/@types/yargs-parser
8623 silly ADD node_modules/@types/istanbul-lib-report
8624 silly ADD node_modules/hermes-parser
8625 silly ADD node_modules/readline
8626 silly ADD node_modules/querystring
8627 silly ADD node_modules/metro-core
8628 silly ADD node_modules/metro-config
8629 silly ADD node_modules/metro
8630 silly ADD node_modules/metro/node_modules/hermes-estree
8631 silly ADD node_modules/metro/node_modules/ms
8632 silly ADD node_modules/metro/node_modules/ws
8633 silly ADD node_modules/metro/node_modules/source-map
8634 silly ADD node_modules/metro/node_modules/hermes-parser
8635 silly ADD node_modules/metro/node_modules/debug
8636 silly ADD node_modules/metro/node_modules/ci-info
8637 silly ADD node_modules/@react-native/metro-babel-transformer
8638 silly ADD node_modules/@react-native/metro-babel-transformer/node_modules/@react-native/codegen
8639 silly ADD node_modules/@react-native/metro-babel-transformer/node_modules/@react-native/babel-plugin-codegen
8640 silly ADD node_modules/@react-native/metro-babel-transformer/node_modules/@react-native/babel-preset
8641 silly ADD node_modules/sudo-prompt
8642 silly ADD node_modules/shell-quote
8643 silly ADD node_modules/mime
8644 silly ADD node_modules/appdirsjs
8645 silly ADD node_modules/nocache
8646 silly ADD node_modules/errorhandler
8647 silly ADD node_modules/compression
8648 silly ADD node_modules/compression/node_modules/ms
8649 silly ADD node_modules/compression/node_modules/negotiator
8650 silly ADD node_modules/compression/node_modules/debug
8651 silly ADD node_modules/logkitty
8652 silly ADD node_modules/logkitty/node_modules/camelcase
8653 silly ADD node_modules/logkitty/node_modules/p-limit
8654 silly ADD node_modules/logkitty/node_modules/p-locate
8655 silly ADD node_modules/logkitty/node_modules/locate-path
8656 silly ADD node_modules/logkitty/node_modules/wrap-ansi
8657 silly ADD node_modules/logkitty/node_modules/yargs-parser
8658 silly ADD node_modules/logkitty/node_modules/y18n
8659 silly ADD node_modules/logkitty/node_modules/find-up
8660 silly ADD node_modules/logkitty/node_modules/cliui
8661 silly ADD node_modules/logkitty/node_modules/yargs
8662 silly ADD node_modules/fast-xml-parser
8663 silly ADD node_modules/yaml
8664 silly ADD node_modules/node-stream-zip
8665 silly ADD node_modules/hermes-profile-transformer
8666 silly ADD node_modules/envinfo
8667 silly ADD node_modules/command-exists
8668 silly ADD node_modules/@react-native-community/cli-platform-apple
8669 silly ADD node_modules/@react-native-community/cli-platform-apple/node_modules/restore-cursor
8670 silly ADD node_modules/@react-native-community/cli-platform-apple/node_modules/log-symbols
8671 silly ADD node_modules/@react-native-community/cli-platform-apple/node_modules/cli-cursor
8672 silly ADD node_modules/@react-native-community/cli-platform-apple/node_modules/mimic-fn
8673 silly ADD node_modules/@react-native-community/cli-platform-apple/node_modules/onetime
8674 silly ADD node_modules/@react-native-community/cli-platform-apple/node_modules/npm-run-path
8675 silly ADD node_modules/@react-native-community/cli-platform-apple/node_modules/is-stream
8676 silly ADD node_modules/@react-native-community/cli-platform-apple/node_modules/get-stream
8677 silly ADD node_modules/@react-native-community/cli-platform-apple/node_modules/ora
8678 silly ADD node_modules/@react-native-community/cli-platform-apple/node_modules/execa
8679 silly ADD node_modules/joi
8680 silly ADD node_modules/cosmiconfig
8681 silly ADD node_modules/cosmiconfig/node_modules/argparse
8682 silly ADD node_modules/cosmiconfig/node_modules/resolve-from
8683 silly ADD node_modules/cosmiconfig/node_modules/js-yaml
8684 silly ADD node_modules/cosmiconfig/node_modules/import-fresh
8685 silly ADD node_modules/deepmerge
8686 silly ADD node_modules/@react-native-community/cli-types
8687 silly ADD node_modules/@react-native-community/cli-tools
8688 silly ADD node_modules/@react-native-community/cli-tools/node_modules/restore-cursor
8689 silly ADD node_modules/@react-native-community/cli-tools/node_modules/log-symbols
8690 silly ADD node_modules/@react-native-community/cli-tools/node_modules/cli-cursor
8691 silly ADD node_modules/@react-native-community/cli-tools/node_modules/is-wsl
8692 silly ADD node_modules/@react-native-community/cli-tools/node_modules/mimic-fn
8693 silly ADD node_modules/@react-native-community/cli-tools/node_modules/onetime
8694 silly ADD node_modules/@react-native-community/cli-tools/node_modules/npm-run-path
8695 silly ADD node_modules/@react-native-community/cli-tools/node_modules/is-stream
8696 silly ADD node_modules/@react-native-community/cli-tools/node_modules/get-stream
8697 silly ADD node_modules/@react-native-community/cli-tools/node_modules/ora
8698 silly ADD node_modules/@react-native-community/cli-tools/node_modules/open
8699 silly ADD node_modules/@react-native-community/cli-tools/node_modules/execa
8700 silly ADD node_modules/@react-native-community/cli-server-api
8701 silly ADD node_modules/@react-native-community/cli-server-api/node_modules/ws
8702 silly ADD node_modules/@react-native-community/cli-hermes
8703 silly ADD node_modules/@react-native-community/cli-doctor
8704 silly ADD node_modules/@react-native-community/cli-doctor/node_modules/restore-cursor
8705 silly ADD node_modules/@react-native-community/cli-doctor/node_modules/log-symbols
8706 silly ADD node_modules/@react-native-community/cli-doctor/node_modules/cli-cursor
8707 silly ADD node_modules/@react-native-community/cli-doctor/node_modules/mimic-fn
8708 silly ADD node_modules/@react-native-community/cli-doctor/node_modules/onetime
8709 silly ADD node_modules/@react-native-community/cli-doctor/node_modules/npm-run-path
8710 silly ADD node_modules/@react-native-community/cli-doctor/node_modules/is-stream
8711 silly ADD node_modules/@react-native-community/cli-doctor/node_modules/get-stream
8712 silly ADD node_modules/@react-native-community/cli-doctor/node_modules/strip-ansi
8713 silly ADD node_modules/@react-native-community/cli-doctor/node_modules/strip-ansi/node_modules/ansi-regex
8714 silly ADD node_modules/@react-native-community/cli-doctor/node_modules/ora
8715 silly ADD node_modules/@react-native-community/cli-doctor/node_modules/ora/node_modules/strip-ansi
8716 silly ADD node_modules/@react-native-community/cli-doctor/node_modules/execa
8717 silly ADD node_modules/@react-native-community/cli-debugger-ui
8718 silly ADD node_modules/@react-native-community/cli-config
8719 silly ADD node_modules/@react-native-community/cli-clean
8720 silly ADD node_modules/@react-native-community/cli-clean/node_modules/mimic-fn
8721 silly ADD node_modules/@react-native-community/cli-clean/node_modules/onetime
8722 silly ADD node_modules/@react-native-community/cli-clean/node_modules/npm-run-path
8723 silly ADD node_modules/@react-native-community/cli-clean/node_modules/is-stream
8724 silly ADD node_modules/@react-native-community/cli-clean/node_modules/get-stream
8725 silly ADD node_modules/@react-native-community/cli-clean/node_modules/execa
8726 silly ADD node_modules/@sinclair/typebox
8727 silly ADD node_modules/@types/yargs
8728 silly ADD node_modules/@types/istanbul-reports
8729 silly ADD node_modules/@types/istanbul-lib-coverage
8730 silly ADD node_modules/@jest/schemas
8731 silly ADD node_modules/@jest/types
8732 silly ADD node_modules/yargs
8733 silly ADD node_modules/whatwg-fetch
8734 silly ADD node_modules/scheduler
8735 silly ADD node_modules/regenerator-runtime
8736 silly ADD node_modules/react-shallow-renderer
8737 silly ADD node_modules/react-devtools-core
8738 silly ADD node_modules/react-devtools-core/node_modules/ws
8739 silly ADD node_modules/pretty-format
8740 silly ADD node_modules/pretty-format/node_modules/@types/yargs
8741 silly ADD node_modules/pretty-format/node_modules/react-is
8742 silly ADD node_modules/pretty-format/node_modules/@jest/types
8743 silly ADD node_modules/metro-source-map
8744 silly ADD node_modules/metro-source-map/node_modules/source-map
8745 silly ADD node_modules/metro-runtime
8746 silly ADD node_modules/memoize-one
8747 silly ADD node_modules/jsc-android
8748 silly ADD node_modules/jest-environment-node
8749 silly ADD node_modules/flow-enums-runtime
8750 silly ADD node_modules/event-target-shim
8751 silly ADD node_modules/ansi-regex
8752 silly ADD node_modules/anser
8753 silly ADD node_modules/abort-controller
8754 silly ADD node_modules/@react-native/virtualized-lists
8755 silly ADD node_modules/@react-native/js-polyfills
8756 silly ADD node_modules/@react-native/gradle-plugin
8757 silly ADD node_modules/@react-native/community-cli-plugin
8758 silly ADD node_modules/@react-native/community-cli-plugin/node_modules/mimic-fn
8759 silly ADD node_modules/@react-native/community-cli-plugin/node_modules/onetime
8760 silly ADD node_modules/@react-native/community-cli-plugin/node_modules/npm-run-path
8761 silly ADD node_modules/@react-native/community-cli-plugin/node_modules/is-stream
8762 silly ADD node_modules/@react-native/community-cli-plugin/node_modules/get-stream
8763 silly ADD node_modules/@react-native/community-cli-plugin/node_modules/ms
8764 silly ADD node_modules/@react-native/community-cli-plugin/node_modules/ws
8765 silly ADD node_modules/@react-native/community-cli-plugin/node_modules/open
8766 silly ADD node_modules/@react-native/community-cli-plugin/node_modules/debug
8767 silly ADD node_modules/@react-native/community-cli-plugin/node_modules/@react-native/debugger-frontend
8768 silly ADD node_modules/@react-native/community-cli-plugin/node_modules/execa
8769 silly ADD node_modules/@react-native/community-cli-plugin/node_modules/@react-native/dev-middleware
8770 silly ADD node_modules/@react-native/assets-registry
8771 silly ADD node_modules/@react-native-community/cli-platform-ios
8772 silly ADD node_modules/@react-native-community/cli-platform-android
8773 silly ADD node_modules/@react-native-community/cli-platform-android/node_modules/mimic-fn
8774 silly ADD node_modules/@react-native-community/cli-platform-android/node_modules/onetime
8775 silly ADD node_modules/@react-native-community/cli-platform-android/node_modules/npm-run-path
8776 silly ADD node_modules/@react-native-community/cli-platform-android/node_modules/is-stream
8777 silly ADD node_modules/@react-native-community/cli-platform-android/node_modules/get-stream
8778 silly ADD node_modules/@react-native-community/cli-platform-android/node_modules/execa
8779 silly ADD node_modules/@react-native-community/cli
8780 silly ADD node_modules/@react-native-community/cli/node_modules/p-limit
8781 silly ADD node_modules/@react-native-community/cli/node_modules/mimic-fn
8782 silly ADD node_modules/@react-native-community/cli/node_modules/p-locate
8783 silly ADD node_modules/@react-native-community/cli/node_modules/locate-path
8784 silly ADD node_modules/@react-native-community/cli/node_modules/onetime
8785 silly ADD node_modules/@react-native-community/cli/node_modules/npm-run-path
8786 silly ADD node_modules/@react-native-community/cli/node_modules/is-stream
8787 silly ADD node_modules/@react-native-community/cli/node_modules/get-stream
8788 silly ADD node_modules/@react-native-community/cli/node_modules/find-up
8789 silly ADD node_modules/@react-native-community/cli/node_modules/execa
8790 silly ADD node_modules/@react-native-community/cli/node_modules/commander
8791 silly ADD node_modules/@jest/create-cache-key-function
8792 silly ADD node_modules/strict-uri-encode
8793 silly ADD node_modules/split-on-first
8794 silly ADD node_modules/filter-obj
8795 silly ADD node_modules/decode-uri-component
8796 silly ADD node_modules/end-of-stream
8797 silly ADD node_modules/sisteransi
8798 silly ADD node_modules/kleur
8799 silly ADD node_modules/asap
8800 silly ADD node_modules/source-map-js
8801 silly ADD node_modules/pngjs
8802 silly ADD node_modules/callsites
8803 silly ADD node_modules/indent-string
8804 silly ADD node_modules/clean-stack
8805 silly ADD node_modules/aggregate-error
8806 silly ADD node_modules/yocto-queue
8807 silly ADD node_modules/p-limit
8808 silly ADD node_modules/os-tmpdir
8809 silly ADD node_modules/os-homedir
8810 silly ADD node_modules/restore-cursor
8811 silly ADD node_modules/wcwidth
8812 silly ADD node_modules/log-symbols
8813 silly ADD node_modules/log-symbols/node_modules/has-flag
8814 silly ADD node_modules/log-symbols/node_modules/color-name
8815 silly ADD node_modules/log-symbols/node_modules/color-convert
8816 silly ADD node_modules/log-symbols/node_modules/supports-color
8817 silly ADD node_modules/log-symbols/node_modules/escape-string-regexp
8818 silly ADD node_modules/log-symbols/node_modules/ansi-styles
8819 silly ADD node_modules/log-symbols/node_modules/chalk
8820 silly ADD node_modules/cli-spinners
8821 silly ADD node_modules/cli-cursor
8822 silly ADD node_modules/word-wrap
8823 silly ADD node_modules/fast-levenshtein
8824 silly ADD node_modules/deep-is
8825 silly ADD node_modules/define-lazy-prop
8826 silly ADD node_modules/ee-first
8827 silly ADD node_modules/validate-npm-package-name
8828 silly ADD node_modules/osenv
8829 silly ADD node_modules/hosted-git-info
8830 silly ADD node_modules/hosted-git-info/node_modules/yallist
8831 silly ADD node_modules/hosted-git-info/node_modules/lru-cache
8832 silly ADD node_modules/whatwg-url
8833 silly ADD node_modules/minimist
8834 silly ADD node_modules/balanced-match
8835 silly ADD node_modules/brace-expansion
8836 silly ADD node_modules/mime-db
8837 silly ADD node_modules/to-regex-range
8838 silly ADD node_modules/fill-range
8839 silly ADD node_modules/braces
8840 silly ADD node_modules/buffer-fill
8841 silly ADD node_modules/buffer-alloc-unsafe
8842 silly ADD node_modules/buffer-alloc
8843 silly ADD node_modules/is-buffer
8844 silly ADD node_modules/crypt
8845 silly ADD node_modules/charenc
8846 silly ADD node_modules/pify
8847 silly ADD node_modules/yallist
8848 silly ADD node_modules/p-locate
8849 silly ADD
8850 silly ADD
8851 silly ADD
8852 silly ADD
8853 silly ADD
8854 silly ADD
8855 silly ADD node_modules/lightningcss-darwin-x64
8856 silly ADD
8857 silly ADD node_modules/detect-libc
8858 silly ADD node_modules/marky
8859 silly ADD node_modules/type-check
8860 silly ADD node_modules/prelude-ls
8861 silly ADD node_modules/json-buffer
8862 silly ADD node_modules/is-invalid-path
8863 silly ADD node_modules/is-invalid-path/node_modules/is-extglob
8864 silly ADD node_modules/is-invalid-path/node_modules/is-glob
8865 silly ADD node_modules/valid-url
8866 silly ADD node_modules/traverse
8867 silly ADD node_modules/memory-cache
8868 silly ADD node_modules/lodash
8869 silly ADD node_modules/is-valid-path
8870 silly ADD node_modules/dag-map
8871 silly ADD node_modules/clone
8872 silly ADD node_modules/isobject
8873 silly ADD node_modules/pkg-dir
8874 silly ADD node_modules/pkg-dir/node_modules/p-limit
8875 silly ADD node_modules/pkg-dir/node_modules/path-exists
8876 silly ADD node_modules/pkg-dir/node_modules/p-locate
8877 silly ADD node_modules/pkg-dir/node_modules/locate-path
8878 silly ADD node_modules/pkg-dir/node_modules/find-up
8879 silly ADD node_modules/commondir
8880 silly ADD node_modules/shallow-clone
8881 silly ADD node_modules/kind-of
8882 silly ADD node_modules/is-plain-object
8883 silly ADD node_modules/pirates
8884 silly ADD node_modules/make-dir
8885 silly ADD node_modules/make-dir/node_modules/semver
8886 silly ADD node_modules/find-cache-dir
8887 silly ADD node_modules/clone-deep
8888 silly ADD node_modules/temp
8889 silly ADD node_modules/temp/node_modules/rimraf
8890 silly ADD node_modules/recast
8891 silly ADD node_modules/recast/node_modules/source-map
8892 silly ADD node_modules/node-dir
8893 silly ADD node_modules/node-dir/node_modules/brace-expansion
8894 silly ADD node_modules/node-dir/node_modules/minimatch
8895 silly ADD node_modules/neo-async
8896 silly ADD node_modules/babel-core
8897 silly ADD node_modules/@babel/register
8898 silly ADD node_modules/@babel/preset-typescript
8899 silly ADD node_modules/@babel/preset-flow
8900 silly ADD node_modules/argparse
8901 silly ADD node_modules/is-extglob
8902 silly ADD node_modules/pump
8903 silly ADD node_modules/strip-eof
8904 silly ADD node_modules/signal-exit
8905 silly ADD node_modules/p-finally
8906 silly ADD node_modules/npm-run-path
8907 silly ADD node_modules/npm-run-path/node_modules/path-key
8908 silly ADD node_modules/is-stream
8909 silly ADD node_modules/get-stream
8910 silly ADD node_modules/ip-regex
8911 silly ADD node_modules/execa
8912 silly ADD node_modules/execa/node_modules/shebang-regex
8913 silly ADD node_modules/execa/node_modules/which
8914 silly ADD node_modules/execa/node_modules/shebang-command
8915 silly ADD node_modules/execa/node_modules/semver
8916 silly ADD node_modules/execa/node_modules/path-key
8917 silly ADD node_modules/execa/node_modules/cross-spawn
8918 silly ADD node_modules/ipaddr.js
8919 silly ADD node_modules/default-gateway
8920 silly ADD node_modules/wrappy
8921 silly ADD node_modules/parent-module
8922 silly ADD node_modules/agent-base
8923 silly ADD node_modules/tslib
8924 silly ADD node_modules/path-type
8925 silly ADD node_modules/dir-glob
8926 silly ADD node_modules/array-union
8927 silly ADD node_modules/type-fest
8928 silly ADD node_modules/path-is-absolute
8929 silly ADD node_modules/once
8930 silly ADD node_modules/inherits
8931 silly ADD node_modules/inflight
8932 silly ADD node_modules/fs.realpath
8933 silly ADD node_modules/dunder-proto
8934 silly ADD node_modules/math-intrinsics
8935 silly ADD node_modules/has-symbols
8936 silly ADD node_modules/gopd
8937 silly ADD node_modules/get-proto
8938 silly ADD node_modules/function-bind
8939 silly ADD node_modules/es-object-atoms
8940 silly ADD node_modules/es-define-property
8941 silly ADD node_modules/call-bind-apply-helpers
8942 silly ADD node_modules/universalify
8943 silly ADD node_modules/jsonfile
8944 silly ADD node_modules/graceful-fs
8945 silly ADD node_modules/has-tostringtag
8946 silly ADD node_modules/get-intrinsic
8947 silly ADD node_modules/es-errors
8948 silly ADD node_modules/delayed-stream
8949 silly ADD node_modules/hasown
8950 silly ADD node_modules/es-set-tostringtag
8951 silly ADD node_modules/combined-stream
8952 silly ADD node_modules/asynckit
8953 silly ADD node_modules/keyv
8954 silly ADD node_modules/flatted
8955 silly ADD node_modules/path-exists
8956 silly ADD node_modules/locate-path
8957 silly ADD node_modules/unpipe
8958 silly ADD node_modules/statuses
8959 silly ADD node_modules/on-finished
8960 silly ADD node_modules/escape-html
8961 silly ADD node_modules/encodeurl
8962 silly ADD node_modules/flat-cache
8963 silly ADD node_modules/ua-parser-js
8964 silly ADD node_modules/setimmediate
8965 silly ADD node_modules/promise
8966 silly ADD node_modules/object-assign
8967 silly ADD node_modules/loose-envify
8968 silly ADD node_modules/fbjs-css-vars
8969 silly ADD node_modules/cross-fetch
8970 silly ADD node_modules/fbjs
8971 silly ADD node_modules/reusify
8972 silly ADD node_modules/micromatch
8973 silly ADD node_modules/micromatch/node_modules/picomatch
8974 silly ADD node_modules/merge2
8975 silly ADD node_modules/commander
8976 silly ADD node_modules/expo-image-loader
8977 silly ADD node_modules/fontfaceobserver
8978 silly ADD node_modules/md5-file
8979 silly ADD node_modules/expo-constants
8980 silly ADD node_modules/utils-merge
8981 silly ADD node_modules/parseurl
8982 silly ADD node_modules/finalhandler
8983 silly ADD node_modules/finalhandler/node_modules/ms
8984 silly ADD node_modules/finalhandler/node_modules/debug
8985 silly ADD node_modules/unique-filename
8986 silly ADD node_modules/ssri
8987 silly ADD node_modules/p-map
8988 silly ADD node_modules/minipass-pipeline
8989 silly ADD node_modules/minipass-pipeline/node_modules/yallist
8990 silly ADD node_modules/minipass-pipeline/node_modules/minipass
8991 silly ADD node_modules/minipass-flush
8992 silly ADD node_modules/minipass-flush/node_modules/yallist
8993 silly ADD node_modules/minipass-flush/node_modules/minipass
8994 silly ADD node_modules/minipass-collect
8995 silly ADD node_modules/minipass
8996 silly ADD node_modules/fs-minipass
8997 silly ADD node_modules/@npmcli/fs
8998 silly ADD node_modules/big-integer
8999 silly ADD node_modules/stream-buffers
9000 silly ADD node_modules/negotiator
9001 silly ADD node_modules/mime-types
9002 silly ADD node_modules/wonka
9003 silly ADD node_modules/@graphql-typed-document-node/core
9004 silly ADD node_modules/undici-types
9005 silly ADD node_modules/join-component
9006 silly ADD node_modules/component-type
9007 silly ADD node_modules/rimraf
9008 silly ADD node_modules/lighthouse-logger
9009 silly ADD node_modules/lighthouse-logger/node_modules/ms
9010 silly ADD node_modules/lighthouse-logger/node_modules/debug
9011 silly ADD node_modules/@types/node
9012 silly ADD node_modules/serve-static
9013 silly ADD node_modules/serve-static/node_modules/statuses
9014 silly ADD node_modules/serve-static/node_modules/on-finished
9015 silly ADD node_modules/serve-static/node_modules/mime
9016 silly ADD node_modules/serve-static/node_modules/http-errors
9017 silly ADD node_modules/serve-static/node_modules/debug
9018 silly ADD node_modules/serve-static/node_modules/debug/node_modules/ms
9019 silly ADD node_modules/serve-static/node_modules/send
9020 silly ADD node_modules/serve-static/node_modules/encodeurl
9021 silly ADD node_modules/selfsigned
9022 silly ADD node_modules/chrome-launcher
9023 silly ADD node_modules/@rnx-kit/chromium-edge-launcher
9024 silly ADD node_modules/@rnx-kit/chromium-edge-launcher/node_modules/mkdirp
9025 silly ADD node_modules/@react-native/debugger-frontend
9026 silly ADD node_modules/@isaacs/ttlcache
9027 silly ADD node_modules/uuid
9028 silly ADD node_modules/remove-trailing-slash
9029 silly ADD node_modules/md5
9030 silly ADD node_modules/fetch-retry
9031 silly ADD node_modules/@segment/loosely-validate-event
9032 silly ADD node_modules/@expo/bunyan
9033 silly ADD node_modules/@react-native/normalize-colors
9034 silly ADD node_modules/xmlbuilder
9035 silly ADD node_modules/base64-js
9036 silly ADD node_modules/@xmldom/xmldom
9037 silly ADD node_modules/resolve-workspace-root
9038 silly ADD node_modules/exec-async
9039 silly ADD node_modules/postcss
9040 silly ADD node_modules/lightningcss
9041 silly ADD node_modules/jsc-safe-url
9042 silly ADD node_modules/write-file-atomic
9043 silly ADD node_modules/parse-png
9044 silly ADD node_modules/jimp-compact
9045 silly ADD node_modules/dotenv-expand
9046 silly ADD node_modules/dotenv
9047 silly ADD node_modules/@expo/sudo-prompt
9048 silly ADD node_modules/xml2js
9049 silly ADD node_modules/xml2js/node_modules/xmlbuilder
9050 silly ADD node_modules/xcode
9051 silly ADD node_modules/xcode/node_modules/uuid
9052 silly ADD node_modules/slash
9053 silly ADD node_modules/@expo/sdk-runtime-versions
9054 silly ADD node_modules/sucrase
9055 silly ADD node_modules/sucrase/node_modules/brace-expansion
9056 silly ADD node_modules/sucrase/node_modules/minimatch
9057 silly ADD node_modules/sucrase/node_modules/glob
9058 silly ADD node_modules/sucrase/node_modules/commander
9059 silly ADD node_modules/@expo/config-types
9060 silly ADD node_modules/ws
9061 silly ADD node_modules/wrap-ansi
9062 silly ADD node_modules/url-join
9063 silly ADD node_modules/terminal-link
9064 silly ADD node_modules/tempy
9065 silly ADD node_modules/tempy/node_modules/type-fest
9066 silly ADD node_modules/tempy/node_modules/is-stream
9067 silly ADD node_modules/temp-dir
9068 silly ADD node_modules/tar
9069 silly ADD node_modules/tar/node_modules/yallist
9070 silly ADD node_modules/tar/node_modules/mkdirp
9071 silly ADD node_modules/tar/node_modules/minipass
9072 silly ADD node_modules/tar/node_modules/fs-minipass
9073 silly ADD node_modules/tar/node_modules/fs-minipass/node_modules/minipass
9074 silly ADD node_modules/structured-headers
9075 silly ADD node_modules/stacktrace-parser
9076 silly ADD node_modules/stacktrace-parser/node_modules/type-fest
9077 silly ADD node_modules/source-map-support
9078 silly ADD node_modules/source-map-support/node_modules/source-map
9079 silly ADD node_modules/slugify
9080 silly ADD node_modules/send
9081 silly ADD node_modules/send/node_modules/statuses
9082 silly ADD node_modules/send/node_modules/on-finished
9083 silly ADD node_modules/send/node_modules/mime
9084 silly ADD node_modules/send/node_modules/debug
9085 silly ADD node_modules/send/node_modules/debug/node_modules/ms
9086 silly ADD node_modules/resolve.exports
9087 silly ADD node_modules/resolve-from
9088 silly ADD node_modules/requireg
9089 silly ADD node_modules/requireg/node_modules/resolve
9090 silly ADD node_modules/require-from-string
9091 silly ADD node_modules/qrcode-terminal
9092 silly ADD node_modules/prompts
9093 silly ADD node_modules/progress
9094 silly ADD node_modules/pretty-bytes
9095 silly ADD node_modules/picomatch
9096 silly ADD node_modules/ora
9097 silly ADD node_modules/ora/node_modules/has-flag
9098 silly ADD node_modules/ora/node_modules/ansi-regex
9099 silly ADD node_modules/ora/node_modules/color-name
9100 silly ADD node_modules/ora/node_modules/color-convert
9101 silly ADD node_modules/ora/node_modules/supports-color
9102 silly ADD node_modules/ora/node_modules/escape-string-regexp
9103 silly ADD node_modules/ora/node_modules/ansi-styles
9104 silly ADD node_modules/ora/node_modules/strip-ansi
9105 silly ADD node_modules/ora/node_modules/chalk
9106 silly ADD node_modules/open
9107 silly ADD node_modules/npm-package-arg
9108 silly ADD node_modules/npm-package-arg/node_modules/semver
9109 silly ADD node_modules/node-forge
9110 silly ADD node_modules/node-fetch
9111 silly ADD node_modules/md5hex
9112 silly ADD node_modules/json-schema-deref-sync
9113 silly ADD node_modules/json-schema-deref-sync/node_modules/md5
9114 silly ADD node_modules/is-wsl
9115 silly ADD node_modules/is-docker
9116 silly ADD node_modules/internal-ip
9117 silly ADD node_modules/https-proxy-agent
9118 silly ADD node_modules/graphql-tag
9119 silly ADD node_modules/getenv
9120 silly ADD node_modules/fs-extra
9121 silly ADD node_modules/freeport-async
9122 silly ADD node_modules/form-data
9123 silly ADD node_modules/find-yarn-workspace-root
9124 silly ADD node_modules/fast-glob
9125 silly ADD node_modules/fast-glob/node_modules/glob-parent
9126 silly ADD node_modules/env-editor
9127 silly ADD node_modules/connect
9128 silly ADD node_modules/connect/node_modules/ms
9129 silly ADD node_modules/connect/node_modules/debug
9130 silly ADD node_modules/ci-info
9131 silly ADD node_modules/cacache
9132 silly ADD node_modules/cacache/node_modules/minimatch
9133 silly ADD node_modules/cacache/node_modules/lru-cache
9134 silly ADD node_modules/cacache/node_modules/glob
9135 silly ADD node_modules/bplist-parser
9136 silly ADD node_modules/bplist-creator
9137 silly ADD node_modules/better-opn
9138 silly ADD node_modules/arg
9139 silly ADD node_modules/accepts
9140 silly ADD node_modules/@urql/exchange-retry
9141 silly ADD node_modules/graphql
9142 silly ADD node_modules/@urql/core
9143 silly ADD node_modules/@react-native/dev-middleware
9144 silly ADD node_modules/@react-native/dev-middleware/node_modules/ms
9145 silly ADD node_modules/@react-native/dev-middleware/node_modules/ws
9146 silly ADD node_modules/@react-native/dev-middleware/node_modules/open
9147 silly ADD node_modules/@react-native/dev-middleware/node_modules/debug
9148 silly ADD node_modules/@expo/xcpretty
9149 silly ADD node_modules/@expo/xcpretty/node_modules/@babel/code-frame
9150 silly ADD node_modules/@expo/spawn-async
9151 silly ADD node_modules/@expo/rudder-sdk-node
9152 silly ADD node_modules/@expo/prebuild-config
9153 silly ADD node_modules/@expo/prebuild-config/node_modules/universalify
9154 silly ADD node_modules/@expo/prebuild-config/node_modules/jsonfile
9155 silly ADD node_modules/@expo/prebuild-config/node_modules/fs-extra
9156 silly ADD node_modules/@expo/plist
9157 silly ADD node_modules/@expo/package-manager
9158 silly ADD node_modules/@expo/package-manager/node_modules/lru-cache
9159 silly ADD node_modules/@expo/package-manager/node_modules/validate-npm-package-name
9160 silly ADD node_modules/@expo/package-manager/node_modules/hosted-git-info
9161 silly ADD node_modules/@expo/package-manager/node_modules/@babel/code-frame
9162 silly ADD node_modules/@expo/package-manager/node_modules/npm-package-arg
9163 silly ADD node_modules/@expo/package-manager/node_modules/@expo/json-file
9164 silly ADD node_modules/@expo/osascript
9165 silly ADD node_modules/@expo/json-file
9166 silly ADD node_modules/@expo/json-file/node_modules/@babel/code-frame
9167 silly ADD node_modules/@expo/image-utils
9168 silly ADD node_modules/@expo/image-utils/node_modules/crypto-random-string
9169 silly ADD node_modules/@expo/image-utils/node_modules/unique-string
9170 silly ADD node_modules/@expo/image-utils/node_modules/type-fest
9171 silly ADD node_modules/@expo/image-utils/node_modules/temp-dir
9172 silly ADD node_modules/@expo/image-utils/node_modules/universalify
9173 silly ADD node_modules/@expo/image-utils/node_modules/jsonfile
9174 silly ADD node_modules/@expo/image-utils/node_modules/jsonfile/node_modules/universalify
9175 silly ADD node_modules/@expo/image-utils/node_modules/tempy
9176 silly ADD node_modules/@expo/image-utils/node_modules/fs-extra
9177 silly ADD node_modules/@expo/env
9178 silly ADD node_modules/@expo/devcert
9179 silly ADD node_modules/@expo/devcert/node_modules/debug
9180 silly ADD node_modules/@expo/code-signing-certificates
9181 silly ADD node_modules/whatwg-url-without-unicode
9182 silly ADD node_modules/whatwg-url-without-unicode/node_modules/webidl-conversions
9183 silly ADD node_modules/fbemitter
9184 silly ADD node_modules/expo-modules-core
9185 silly ADD node_modules/expo-modules-autolinking
9186 silly ADD node_modules/expo-modules-autolinking/node_modules/universalify
9187 silly ADD node_modules/expo-modules-autolinking/node_modules/jsonfile
9188 silly ADD node_modules/expo-modules-autolinking/node_modules/fs-extra
9189 silly ADD node_modules/expo-keep-awake
9190 silly ADD node_modules/expo-file-system
9191 silly ADD node_modules/expo-asset
9192 silly ADD node_modules/expo-font
9193 silly ADD node_modules/@expo/vector-icons
9194 silly ADD node_modules/@expo/metro-config
9195 silly ADD node_modules/@expo/metro-config/node_modules/universalify
9196 silly ADD node_modules/@expo/metro-config/node_modules/jsonfile
9197 silly ADD node_modules/@expo/metro-config/node_modules/fs-extra
9198 silly ADD node_modules/@expo/config-plugins
9199 silly ADD node_modules/@expo/config-plugins/node_modules/brace-expansion
9200 silly ADD node_modules/@expo/config-plugins/node_modules/minimatch
9201 silly ADD node_modules/@expo/config-plugins/node_modules/glob
9202 silly ADD node_modules/@expo/config
9203 silly ADD node_modules/@expo/config/node_modules/brace-expansion
9204 silly ADD node_modules/@expo/config/node_modules/minimatch
9205 silly ADD node_modules/@expo/config/node_modules/glob
9206 silly ADD node_modules/@expo/config/node_modules/@babel/code-frame
9207 silly ADD node_modules/@expo/cli
9208 silly ADD node_modules/@expo/cli/node_modules/brace-expansion
9209 silly ADD node_modules/@expo/cli/node_modules/argparse
9210 silly ADD node_modules/@expo/cli/node_modules/minimatch
9211 silly ADD node_modules/@expo/cli/node_modules/js-yaml
9212 silly ADD node_modules/@babel/runtime
9213 silly ADD node_modules/acorn-jsx
9214 silly ADD node_modules/acorn
9215 silly ADD node_modules/estraverse
9216 silly ADD node_modules/esrecurse
9217 silly ADD node_modules/which
9218 silly ADD node_modules/shebang-command
9219 silly ADD node_modules/path-key
9220 silly ADD node_modules/color-name
9221 silly ADD node_modules/color-convert
9222 silly ADD node_modules/supports-color
9223 silly ADD node_modules/ansi-styles
9224 silly ADD node_modules/uri-js
9225 silly ADD node_modules/json-schema-traverse
9226 silly ADD node_modules/fast-json-stable-stringify
9227 silly ADD node_modules/run-parallel
9228 silly ADD node_modules/@nodelib/fs.stat
9229 silly ADD node_modules/fastq
9230 silly ADD node_modules/@nodelib/fs.scandir
9231 silly ADD node_modules/@humanwhocodes/object-schema
9232 silly ADD node_modules/strip-json-comments
9233 silly ADD node_modules/import-fresh
9234 silly ADD node_modules/import-fresh/node_modules/resolve-from
9235 silly ADD node_modules/text-table
9236 silly ADD node_modules/strip-ansi
9237 silly ADD node_modules/optionator
9238 silly ADD node_modules/lodash.merge
9239 silly ADD node_modules/levn
9240 silly ADD node_modules/json-stable-stringify-without-jsonify
9241 silly ADD node_modules/js-yaml
9242 silly ADD node_modules/is-path-inside
9243 silly ADD node_modules/imurmurhash
9244 silly ADD node_modules/globals
9245 silly ADD node_modules/glob-parent
9246 silly ADD node_modules/find-up
9247 silly ADD node_modules/file-entry-cache
9248 silly ADD node_modules/esquery
9249 silly ADD node_modules/espree
9250 silly ADD node_modules/eslint-scope
9251 silly ADD node_modules/doctrine
9252 silly ADD node_modules/cross-spawn
9253 silly ADD node_modules/chalk
9254 silly ADD node_modules/ajv
9255 silly ADD node_modules/@ungap/structured-clone
9256 silly ADD node_modules/@nodelib/fs.walk
9257 silly ADD node_modules/@humanwhocodes/module-importer
9258 silly ADD node_modules/@humanwhocodes/config-array
9259 silly ADD node_modules/@humanwhocodes/config-array/node_modules/brace-expansion
9260 silly ADD node_modules/@humanwhocodes/config-array/node_modules/minimatch
9261 silly ADD node_modules/@eslint/js
9262 silly ADD node_modules/@eslint/eslintrc
9263 silly ADD node_modules/@eslint/eslintrc/node_modules/brace-expansion
9264 silly ADD node_modules/@eslint/eslintrc/node_modules/minimatch
9265 silly ADD node_modules/ms
9266 silly ADD node_modules/update-browserslist-db
9267 silly ADD node_modules/node-releases
9268 silly ADD node_modules/electron-to-chromium
9269 silly ADD node_modules/caniuse-lite
9270 silly ADD node_modules/baseline-browser-mapping
9271 silly ADD node_modules/resolve
9272 silly ADD node_modules/lodash.debounce
9273 silly ADD node_modules/@babel/helper-define-polyfill-provider
9274 silly ADD node_modules/nullthrows
9275 silly ADD node_modules/mkdirp
9276 silly ADD node_modules/jscodeshift
9277 silly ADD node_modules/invariant
9278 silly ADD node_modules/glob
9279 silly ADD node_modules/glob/node_modules/brace-expansion
9280 silly ADD node_modules/glob/node_modules/minimatch
9281 silly ADD node_modules/flow-parser
9282 silly ADD node_modules/@react-native/codegen
9283 silly ADD node_modules/@babel/plugin-syntax-typescript
9284 silly ADD node_modules/@babel/plugin-syntax-optional-catch-binding
9285 silly ADD node_modules/@babel/plugin-syntax-object-rest-spread
9286 silly ADD node_modules/@babel/plugin-syntax-numeric-separator
9287 silly ADD node_modules/@babel/plugin-syntax-async-generators
9288 silly ADD node_modules/@babel/helper-environment-visitor
9289 silly ADD node_modules/babel-plugin-transform-flow-enums
9290 silly ADD node_modules/@react-native/babel-plugin-codegen
9291 silly ADD node_modules/@babel/plugin-transform-typescript
9292 silly ADD node_modules/@babel/plugin-transform-runtime
9293 silly ADD node_modules/@babel/plugin-transform-runtime/node_modules/semver
9294 silly ADD node_modules/@babel/plugin-transform-react-jsx-source
9295 silly ADD node_modules/@babel/plugin-transform-react-jsx-self
9296 silly ADD node_modules/@babel/plugin-transform-flow-strip-types
9297 silly ADD node_modules/@babel/plugin-syntax-optional-chaining
9298 silly ADD node_modules/@babel/plugin-syntax-nullish-coalescing-operator
9299 silly ADD node_modules/@babel/plugin-syntax-flow
9300 silly ADD node_modules/@babel/plugin-syntax-export-default-from
9301 silly ADD node_modules/@babel/plugin-syntax-dynamic-import
9302 silly ADD node_modules/@babel/plugin-proposal-optional-chaining
9303 silly ADD node_modules/@babel/plugin-proposal-optional-catch-binding
9304 silly ADD node_modules/@babel/plugin-proposal-object-rest-spread
9305 silly ADD node_modules/@babel/plugin-proposal-numeric-separator
9306 silly ADD node_modules/@babel/plugin-proposal-nullish-coalescing-operator
9307 silly ADD node_modules/@babel/plugin-proposal-export-default-from
9308 silly ADD node_modules/@babel/plugin-proposal-class-properties
9309 silly ADD node_modules/@babel/plugin-proposal-async-generator-functions
9310 silly ADD node_modules/@jridgewell/resolve-uri
9311 silly ADD node_modules/@jridgewell/sourcemap-codec
9312 silly ADD node_modules/@babel/helper-string-parser
9313 silly ADD node_modules/@babel/plugin-syntax-jsx
9314 silly ADD node_modules/@babel/plugin-transform-react-pure-annotations
9315 silly ADD node_modules/@babel/plugin-transform-react-jsx-development
9316 silly ADD node_modules/@babel/plugin-transform-react-jsx
9317 silly ADD node_modules/@babel/plugin-transform-react-display-name
9318 silly ADD node_modules/esutils
9319 silly ADD node_modules/@babel/helper-globals
9320 silly ADD node_modules/@babel/helper-wrap-function
9321 silly ADD node_modules/@babel/helper-remap-async-to-generator
9322 silly ADD node_modules/regexpu-core
9323 silly ADD node_modules/@babel/helper-create-regexp-features-plugin
9324 silly ADD node_modules/@babel/helper-create-regexp-features-plugin/node_modules/semver
9325 silly ADD node_modules/core-js-compat
9326 silly ADD node_modules/babel-plugin-polyfill-regenerator
9327 silly ADD node_modules/babel-plugin-polyfill-corejs3
9328 silly ADD node_modules/babel-plugin-polyfill-corejs2
9329 silly ADD node_modules/babel-plugin-polyfill-corejs2/node_modules/semver
9330 silly ADD node_modules/@babel/preset-modules
9331 silly ADD node_modules/@babel/plugin-transform-unicode-sets-regex
9332 silly ADD node_modules/@babel/plugin-transform-unicode-regex
9333 silly ADD node_modules/@babel/plugin-transform-unicode-property-regex
9334 silly ADD node_modules/@babel/plugin-transform-unicode-escapes
9335 silly ADD node_modules/@babel/plugin-transform-typeof-symbol
9336 silly ADD node_modules/@babel/plugin-transform-template-literals
9337 silly ADD node_modules/@babel/plugin-transform-sticky-regex
9338 silly ADD node_modules/@babel/plugin-transform-spread
9339 silly ADD node_modules/@babel/plugin-transform-shorthand-properties
9340 silly ADD node_modules/@babel/plugin-transform-reserved-words
9341 silly ADD node_modules/@babel/plugin-transform-regexp-modifiers
9342 silly ADD node_modules/@babel/plugin-transform-regenerator
9343 silly ADD node_modules/@babel/plugin-transform-property-literals
9344 silly ADD node_modules/@babel/plugin-transform-private-property-in-object
9345 silly ADD node_modules/@babel/plugin-transform-private-methods
9346 silly ADD node_modules/@babel/plugin-transform-optional-chaining
9347 silly ADD node_modules/@babel/plugin-transform-optional-catch-binding
9348 silly ADD node_modules/@babel/plugin-transform-object-super
9349 silly ADD node_modules/@babel/plugin-transform-numeric-separator
9350 silly ADD node_modules/@babel/plugin-transform-nullish-coalescing-operator
9351 silly ADD node_modules/@babel/plugin-transform-new-target
9352 silly ADD node_modules/@babel/plugin-transform-named-capturing-groups-regex
9353 silly ADD node_modules/@babel/plugin-transform-modules-umd
9354 silly ADD node_modules/@babel/plugin-transform-modules-systemjs
9355 silly ADD node_modules/@babel/plugin-transform-modules-commonjs
9356 silly ADD node_modules/@babel/plugin-transform-modules-amd
9357 silly ADD node_modules/@babel/plugin-transform-member-expression-literals
9358 silly ADD node_modules/@babel/plugin-transform-logical-assignment-operators
9359 silly ADD node_modules/@babel/plugin-transform-literals
9360 silly ADD node_modules/@babel/plugin-transform-json-strings
9361 silly ADD node_modules/@babel/plugin-transform-function-name
9362 silly ADD node_modules/@babel/plugin-transform-for-of
9363 silly ADD node_modules/@babel/plugin-transform-exponentiation-operator
9364 silly ADD node_modules/@babel/plugin-transform-explicit-resource-management
9365 silly ADD node_modules/@babel/plugin-transform-dynamic-import
9366 silly ADD node_modules/@babel/plugin-transform-duplicate-named-capturing-groups-regex
9367 silly ADD node_modules/@babel/plugin-transform-duplicate-keys
9368 silly ADD node_modules/@babel/plugin-transform-dotall-regex
9369 silly ADD node_modules/@babel/plugin-transform-computed-properties
9370 silly ADD node_modules/@babel/plugin-transform-classes
9371 silly ADD node_modules/@babel/plugin-transform-class-static-block
9372 silly ADD node_modules/@babel/plugin-transform-class-properties
9373 silly ADD node_modules/@babel/plugin-transform-block-scoping
9374 silly ADD node_modules/@babel/plugin-transform-block-scoped-functions
9375 silly ADD node_modules/@babel/plugin-transform-async-to-generator
9376 silly ADD node_modules/@babel/plugin-transform-async-generator-functions
9377 silly ADD node_modules/@babel/plugin-transform-arrow-functions
9378 silly ADD node_modules/@babel/plugin-syntax-unicode-sets-regex
9379 silly ADD node_modules/@babel/plugin-syntax-import-attributes
9380 silly ADD node_modules/@babel/plugin-syntax-import-assertions
9381 silly ADD node_modules/@babel/plugin-proposal-private-property-in-object
9382 silly ADD node_modules/@babel/plugin-bugfix-v8-static-class-fields-redefine-readonly
9383 silly ADD node_modules/@babel/plugin-bugfix-v8-spread-parameters-in-optional-chaining
9384 silly ADD node_modules/@babel/plugin-bugfix-safari-id-destructuring-collision-in-function-expression
9385 silly ADD node_modules/@babel/plugin-bugfix-safari-class-field-initializer-scope
9386 silly ADD node_modules/@babel/plugin-bugfix-firefox-class-in-computed-class-key
9387 silly ADD node_modules/@babel/plugin-transform-destructuring
9388 silly ADD node_modules/@babel/helper-skip-transparent-expression-wrappers
9389 silly ADD node_modules/@babel/helper-replace-supers
9390 silly ADD node_modules/@babel/helper-optimise-call-expression
9391 silly ADD node_modules/@babel/helper-member-expression-to-functions
9392 silly ADD node_modules/@babel/helper-annotate-as-pure
9393 silly ADD node_modules/@babel/plugin-syntax-decorators
9394 silly ADD node_modules/@babel/helper-plugin-utils
9395 silly ADD node_modules/@babel/helper-create-class-features-plugin
9396 silly ADD node_modules/@babel/helper-create-class-features-plugin/node_modules/semver
9397 silly ADD node_modules/@babel/helper-module-imports
9398 silly ADD node_modules/lru-cache
9399 silly ADD node_modules/browserslist
9400 silly ADD node_modules/@babel/helper-validator-option
9401 silly ADD node_modules/@babel/compat-data
9402 silly ADD node_modules/jsesc
9403 silly ADD node_modules/@jridgewell/trace-mapping
9404 silly ADD node_modules/@jridgewell/gen-mapping
9405 silly ADD node_modules/picocolors
9406 silly ADD node_modules/js-tokens
9407 silly ADD node_modules/@babel/helper-validator-identifier
9408 silly ADD node_modules/json5
9409 silly ADD node_modules/gensync
9410 silly ADD node_modules/convert-source-map
9411 silly ADD node_modules/@jridgewell/remapping
9412 silly ADD node_modules/@babel/types
9413 silly ADD node_modules/@babel/traverse
9414 silly ADD node_modules/@babel/template
9415 silly ADD node_modules/@babel/parser
9416 silly ADD node_modules/@babel/helpers
9417 silly ADD node_modules/@babel/helper-module-transforms
9418 silly ADD node_modules/@babel/helper-compilation-targets
9419 silly ADD node_modules/@babel/helper-compilation-targets/node_modules/semver
9420 silly ADD node_modules/@babel/generator
9421 silly ADD node_modules/@babel/code-frame
9422 silly ADD node_modules/react-refresh
9423 silly ADD node_modules/babel-plugin-react-native-web
9424 silly ADD node_modules/@react-native/babel-preset
9425 silly ADD node_modules/@babel/preset-react
9426 silly ADD node_modules/@babel/preset-env
9427 silly ADD node_modules/@babel/preset-env/node_modules/semver
9428 silly ADD node_modules/@babel/plugin-transform-parameters
9429 silly ADD node_modules/@babel/plugin-transform-object-rest-spread
9430 silly ADD node_modules/@babel/plugin-transform-export-namespace-from
9431 silly ADD node_modules/@babel/core
9432 silly ADD node_modules/@babel/core/node_modules/semver
9433 silly ADD node_modules/@babel/plugin-proposal-decorators
9434 silly ADD node_modules/eslint-visitor-keys
9435 silly ADD node_modules/@types/semver
9436 silly ADD node_modules/@types/json-schema
9437 silly ADD node_modules/@eslint-community/eslint-utils
9438 silly ADD node_modules/minimatch
9439 silly ADD node_modules/is-glob
9440 silly ADD node_modules/globby
9441 silly ADD node_modules/@typescript-eslint/typescript-estree
9442 silly ADD node_modules/@typescript-eslint/types
9443 silly ADD node_modules/ts-api-utils
9444 silly ADD node_modules/semver
9445 silly ADD node_modules/natural-compare
9446 silly ADD node_modules/ignore
9447 silly ADD node_modules/graphemer
9448 silly ADD node_modules/debug
9449 silly ADD node_modules/@typescript-eslint/visitor-keys
9450 silly ADD node_modules/@typescript-eslint/utils
9451 silly ADD node_modules/@typescript-eslint/type-utils
9452 silly ADD node_modules/@typescript-eslint/scope-manager
9453 silly ADD node_modules/@eslint-community/regexpp
9454 silly ADD node_modules/csstype
9455 silly ADD node_modules/@types/prop-types
9456 silly ADD node_modules/warn-once
9457 silly ADD node_modules/@react-navigation/elements
9458 silly ADD node_modules/use-latest-callback
9459 silly ADD node_modules/react-is
9460 silly ADD node_modules/query-string
9461 silly ADD node_modules/@react-navigation/routers
9462 silly ADD node_modules/nanoid
9463 silly ADD node_modules/fast-deep-equal
9464 silly ADD node_modules/escape-string-regexp
9465 silly ADD node_modules/@react-navigation/core
9466 silly ADD node_modules/typescript
9467 silly ADD node_modules/expo-status-bar
9468 silly ADD node_modules/expo-image-picker
9469 silly ADD node_modules/expo
9470 silly ADD node_modules/expo/node_modules/@react-native/codegen
9471 silly ADD node_modules/expo/node_modules/@react-native/babel-plugin-codegen
9472 silly ADD node_modules/expo/node_modules/react-refresh
9473 silly ADD node_modules/expo/node_modules/babel-plugin-react-native-web
9474 silly ADD node_modules/expo/node_modules/@react-native/babel-preset
9475 silly ADD node_modules/expo/node_modules/babel-preset-expo
9476 silly ADD node_modules/babel-preset-expo
9477 silly ADD node_modules/@typescript-eslint/parser
9478 silly ADD node_modules/eslint
9479 silly ADD node_modules/eslint/node_modules/brace-expansion
9480 silly ADD node_modules/eslint/node_modules/minimatch
9481 silly ADD node_modules/@typescript-eslint/eslint-plugin
9482 silly ADD node_modules/@types/react-native
9483 silly ADD node_modules/@types/react
9484 silly ADD node_modules/react-native-safe-area-context
9485 silly ADD node_modules/react-native-screens
9486 silly ADD node_modules/@react-navigation/native-stack
9487 silly ADD node_modules/react-native
9488 silly ADD node_modules/react-native/node_modules/ws
9489 silly ADD node_modules/react-native/node_modules/promise
9490 silly ADD node_modules/react-native/node_modules/@react-native/normalize-colors
9491 silly ADD node_modules/react-native/node_modules/@react-native/codegen
9492 silly ADD node_modules/react
9493 silly ADD node_modules/@react-navigation/native
9494 timing command:install Completed in 317768ms
9495 notice
9495 notice New [31mmajor[39m version of npm available! [31m10.2.4[39m -> [32m11.7.0[39m
9495 notice Changelog: [36mhttps://github.com/npm/cli/releases/tag/v11.7.0[39m
9495 notice Run [32mnpm install -g npm@11.7.0[39m to update!
9495 notice
9496 verbose exit 0
9497 timing npm Completed in 319456ms
9498 info ok
